"Compound_Name","molar_mass_g_mol","exact_mass_da","formula","lipinski_ro5","atom_count","heavy_atom_count","asymmetric_atom_count","rotatable_bond_count","ring_count","aromatic_ring_count","hetero_ring_count","fsp3","hbd_count","hba_count","formal_charge","tpsa_a2","rel_polar_sa","polarizability_a3","molar_refractivity_cm3_mol","vdw_volume_a3","min_projection_area_a2","max_projection_area_a2","min_projection_radius_a","max_projection_radius_a","vdw_surface_area_a2","solvent_accessible_surface_area_a2","pka_acid_strongest","pka_base_strongest","isoelectric_point","intrinsic_solubility_logS","solubility_category","logp","logd_ph0","logd_ph1","logd_ph2","logd_ph3","logd_ph4","logd_ph5","logd_ph6","logd_ph7","logD_pH7_4_interp","logd_ph8","logd_ph9","logd_ph10","logd_ph11","logd_ph12","logd_ph13","logd_ph14","hlb","iupac_name","smiles","inchi","inchikey","traditional_name","common_names","cas_registry_numbers","smiles_ew","formula_EW","molwt_EW","rb_EW","glob_EW","pbf_EW","func_group_EW","CID","smiles_PC","CAS_PC","MW_Da_PC","Dominant_charge_pH_7_4","Dominant_charge_pH_7_4_code","per_dominant_charge_pH_7_4","Charge_pH_7_4_num","func_group_updated","func_group_other","CODE_2","CODE","Class_abbrv","Class_abbrv_2","hydrophilic_compound","lowglob","lowflex","ENTRY_compound","Neg_charge_T_F","Positive_charge_T_F","Zwitt_charge_T_F","Uncharged_T_F","Group","spp_7_4"
"((4-Fluorophenyl)(propan-2-yl)carbamoyl)methanesulfonic acid","275.29","275.062757272","C11H14FNO4S","true","32","18","0","4","1","1","0","0.36","1","4","0","74.68",0.192157266364759,"25.18","63.76","230.7","48.04","64.26","5.06","5.59","388.64","421.14","-1.38",NA,NA,"-2.12","High","1.19","-0.17","-0.89","-1.15","-1.18","-1.19","-1.19","-1.19","-1.19",-1.19,"-1.19","-1.19","-1.19","-1.19","-1.2","-1.26","-1.63","14.01","[(4-fluorophenyl)(propan-2-yl)carbamoyl]methanesulfonic acid","CC(C)N(C(=O)CS(O)(=O)=O)C1=CC=C(F)C=C1","InChI=1S/C11H14FNO4S/c1-8(2)13(11(14)7-18(15,16)17)10-5-3-9(12)4-6-10/h3-6,8H,7H2,1-2H3,(H,15,16,17)","SZCMHDLOUVZYST-UHFFFAOYSA-N","flufenacet esa","flufenacet esa","201668-32-8","CC(C)N(C(=O)CS(O)(=O)=O)C1=CC=C(F)C=C1","C11H14FNO4S",275.297,4,0.25972,0.970463,"No Amine",16212225,"CC(C)N(C1=CC=C(C=C1)F)C(=O)CS(=O)(=O)O","201668-32-8",275.3,"(-1)","-",1,-1,"No Amine","No Amine","Pollutant","Pesticide metabolite","Pesticide metabolite","Pollutant",TRUE,FALSE,TRUE,FALSE,TRUE,FALSE,FALSE,FALSE,"No group","Anion"
"(2,4-Dichlorophenoxy)Acetic acid","221.03","219.9693995","C8H6Cl2O3","true","19","13","0","3","1","1","0","0.12","1","3","0","46.53",0.183275563258232,"19.13","48.22","163.67","27.79","61.26","3.84","6.25","253.88","370.59","2.81",NA,NA,"-3.04","High","2.5","2.5","2.49","2.44","2.1","1.29","0.33","-0.52","-0.94",-0.972,"-1.02","-1.03","-1.03","-1.03","-1.03","-1.03","-1.03","8.97","2-(2,4-dichlorophenoxy)acetic acid","OC(=O)COC1=C(Cl)C=C(Cl)C=C1","InChI=1S/C8H6Cl2O3/c9-5-1-2-7(6(10)3-5)13-4-8(11)12/h1-3H,4H2,(H,11,12)","OVSKIKFHRZPJSS-UHFFFAOYSA-N","rhodia","2,4-D lithium; 2,4-dichlorphenoxyessigsaeure; C8H6cl2O3; R-H weed rhap 20; acme LV 4; acme LV 6; agricorn D; agrotect; amoxone; barrage; brush-rhap; caswell no. 315; ccris 949; chipco turf herbicide ""D""; chloroxone; citrus fix; crop rider; croprider; de-pester ded-weed LV-2; debroussaillant 600; ded-weed LV-69; deherban; dichlorophenoxyacetic acid; dicopur; dormon; dormone; emulsamine; emulsamine BK; emulsamine E-3; envert DT; epa pesticide chemical code 030001; esteron 44 weed killer; esteron 76 BE; estone; fernesta; fernimine; ferxone; foredex 75; green cross weed-no-more ""80""; hedonal; hedonal (the herbicide); herbidal; hivol-44; ipaner; lawn-keep; macondray; macrondray; miracle; monosan; mota maskros; moxone; netagrone; netagrone 600; pennamine D; phenox; pielik; planotox; plantgard; rcra waste number U240; red devil dry weed killer; rhodia; salvo; scott 4-XD weed control; scott's 4-XD weed control; silvaprop 1; superormone concentre; tributon; trinoxol; vergemaster; verton 2D; verton 38; vidon 638; visko-rhap low volatile 4l; weed tox; weed-B-gon; weed-ag-bar; weed-rhap; weed-rhap A-4; weed-rhap B-266; weed-rhap B-4; weed-rhap I-3.34; weed-rhap LV-4-0; weedatul; weedez wonder bar; weedone 100 emulsifiable; weedone LV4; weedtrol; β-selektonon","94-75-7, 64296-19-1","OC(=O)COC1=C(Cl)C=C(Cl)C=C1","C8H6Cl2O3",221.037,3,0.0112196,0.09541,"No Amine",1486,"C1=CC(=C(C=C1Cl)Cl)OCC(=O)O","94-75-7",221.03,"(-1)","-",1,-1,"No Amine","No Amine","Pollutant","Pesticide","Pesticide","Pollutant",TRUE,TRUE,TRUE,FALSE,TRUE,FALSE,FALSE,FALSE,"No group","Anion"
"10,11-dihydroxycarbamazepine","270.288","270.100442319","C15H14N2O3","true","34","20","2","0","3","2","1","0.13","3","3","0","86.79",0.245155640924242,"28.26","73.49","235.23","48.6","69.74","4.82","5.7","354.02","365.99","12.84",NA,NA,"-2.64","High","0.81","0.81","0.81","0.81","0.81","0.81","0.81","0.81","0.81",0.81,"0.81","0.81","0.81","0.81","0.75","0.41","-0.54","13.74","9,10-dihydroxy-2-azatricyclo[9.4.0.0³,⁸]pentadeca-1(15),3,5,7,11,13-hexaene-2-carboxamide","NC(=O)N1C2=CC=CC=C2C(O)C(O)C2=CC=CC=C12","InChI=1/C15H14N2O3/c16-15(20)17-11-7-3-1-5-9(11)13(18)14(19)10-6-2-4-8-12(10)17/h1-8,13-14,18-19H,(H2,16,20)","PRGQOPPDPVELEG-UHFFFAOYNA-N","dihydroxycarbazepine","dihydroxycarbazepine","35079-97-1","NC(=O)N1C2=CC=CC=C2C(O)C(O)C2=CC=CC=C12","C15H14N2O3",270.283,0,0.291754,1.09279,"No Amine",83852,"C1=CC=C2C(=C1)C(C(C3=CC=CC=C3N2C(=O)N)O)O","35079-97-1",270.28,"(0)","0",1,0,"No Amine","No Amine","Pollutant","Non-antibiotic drug metabolite","Non-antibiotic drug metabolite","Pollutant",FALSE,FALSE,TRUE,FALSE,FALSE,FALSE,FALSE,TRUE,"No group","Neutral"
"1-Decanol","158.285","158.167065328","C10H22O","true","33","11","0","8","0","0","0","1.0","1","1","0","20.23",0.0580521120293848,"19.78","49.74","189.61","22.85","67.41","3.11","8.35","348.48","462.76",NA,"-1.99",NA,"-3.45","Moderate","3.47","3.47","3.47","3.47","3.47","3.47","3.47","3.47","3.47",3.47,"3.47","3.47","3.47","3.47","3.47","3.47","3.47","4.06","decan-1-ol","CCCCCCCCCCO","InChI=1S/C10H22O/c1-2-3-4-5-6-7-8-9-10-11/h11H,2-10H2,1H3","MWKFXSUHUHTGQN-UHFFFAOYSA-N","decanol","1-decanol (natural); C 10 alcohol; C10 alcohol; C9-11 alcohols; agent 504; alcohol C-10; alcohols, C8-10; alcohols, C9-11; alfol 10; antak; capric alcohol; caprinic alcohol; caswell no. 275A; ccris 654; conol 10N; decyl, n- alcohol; dytol S-91; epa pesticide chemical code 079038; epal 10; fatty alcohol(C10); fema number 2365; kalcohl 1098; kalcohl 10H; lorol 22; n- alcohol decyl; n-decatyl alcohol; primary decyl alcohol; royaltac; royaltac M-2; royaltac-85; sipol L10","112-30-1, 85566-12-7, 36729-58-5, 64641-46-9","CCCCCCCCCCO","C10H22O",158.281,8,0.053769,0.609285,"No Amine",8174,"CCCCCCCCCCO","112-30-1",158.28,"(0)","0",1,0,"No Amine","No Amine","Pollutant","Industrial chemical","Industrial chemical","Pollutant",FALSE,TRUE,FALSE,FALSE,FALSE,FALSE,FALSE,TRUE,"No group","Neutral"
"2(3H)-Benzothiazolone","151.18","151.009184959","C7H5NOS","true","15","10","0","0","2","2","1","0.0","1","2","0","29.1",0.161621771730075,"15.71","42.71","120.05","22.1","48.55","3.64","4.91","180.05","278.3","10.27",NA,NA,"-2.71","High","1.99","1.99","1.99","1.99","1.99","1.99","1.99","1.99","1.99",1.99,"1.99","1.97","1.81","1.29","0.82","0.7","0.69","9.24","2,3-dihydro-1,3-benzothiazol-2-one","O=C1NC2=CC=CC=C2S1","InChI=1S/C7H5NOS/c9-7-8-5-3-1-2-4-6(5)10-7/h1-4H,(H,8,9)","YEDUAINPPJYDJZ-UHFFFAOYSA-N","benzothiazolone","N/A","934-34-9, 74343-69-4","O=C1NC2=CC=CC=C2S1","C7H5NOS",151.186,0,1.19852e-10,1.95781e-05,"No Amine",13625,"C1=CC=C2C(=C1)NC(=O)S2","934-34-9",151.19,"(0)","0",0.999,-0.0014,"No Amine","No Amine","Pollutant","Industrial chemical","Industrial chemical","Pollutant",FALSE,TRUE,TRUE,FALSE,FALSE,FALSE,FALSE,TRUE,"No group","Neutral"
"2,6-Dichlorobenzamide","190.02","188.9748192","C7H5Cl2NO","true","16","11","0","1","1","1","0","0.0","1","1","0","43.09",0.204907508678492,"17.03","44.75","140.58","24.69","55.29","4.31","4.78","210.29","310.72","12.08","-0.29","5.9","-3.14","High","2.03","1.85","2.01","2.03","2.03","2.03","2.03","2.03","2.03",2.03,"2.03","2.03","2.04","2.06","2.18","2.29","2.31","11.7","2,6-dichlorobenzamide","NC(=O)C1=C(Cl)C=CC=C1Cl","InChI=1S/C7H5Cl2NO/c8-4-2-1-3-5(9)6(4)7(10)11/h1-3H,(H2,10,11)","JHSPCUHPSIUQRB-UHFFFAOYSA-N","2,6-dichlorobenzamide","BAM","2008-58-4","NC(=O)C1=C(Cl)C=CC=C1Cl","C7H5Cl2NO",190.027,1,0.0826063,0.395514,"No Amine",16183,"C1=CC(=C(C(=C1)Cl)C(=O)N)Cl","2008-58-4",190.02,"(0)","0",1,0,"No Amine","No Amine","Pollutant","Pesticide metabolite","Pesticide metabolite","Pollutant",FALSE,TRUE,TRUE,FALSE,FALSE,FALSE,FALSE,TRUE,"No group","Neutral"
"2-Hydroxyibuprofen","222.284","222.12559444","C13H18O3","true","34","16","1","4","1","1","0","0.46","2","3","0","57.53",0.155431875287061,"24.27","62.57","220.43","38.25","65.82","3.81","6.36","370.13","426.45","4.63",NA,NA,"-1.65","High","2.37","2.37","2.37","2.37","2.36","2.28","1.85","0.99","0.03",-0.29,"-0.77","-1.1","-1.15","-1.16","-1.16","-1.16","-1.18","6.55","2-[4-(2-hydroxy-2-methylpropyl)phenyl]propanoic acid","CC(C(O)=O)C1=CC=C(CC(C)(C)O)C=C1","InChI=1/C13H18O3/c1-9(12(14)15)11-6-4-10(5-7-11)8-13(2,3)16/h4-7,9,16H,8H2,1-3H3,(H,14,15)","UJHKVYPPCJBOSG-UHFFFAOYNA-N","2-hydroxyibuprofen","2-hydroxyibuprofen","51146-55-5","CC(C(O)=O)C1=CC=C(CC(C)(C)O)C=C1","C13H18O3",222.28,4,0.15696,1.01433,"No Amine",10443535,"CC(C1=CC=C(C=C1)CC(C)(C)O)C(=O)O","51146-55-5",222.28,"(-1)","-",0.998,-1,"No Amine","No Amine","Pollutant","Non-antibiotic drug metabolite","Non-antibiotic drug metabolite","Pollutant",TRUE,TRUE,TRUE,FALSE,TRUE,FALSE,FALSE,FALSE,"No group","Anion"
"2-methyl-4-chlorophenoxyacetic acid","200.62","200.0240218","C9H9ClO3","true","22","13","0","3","1","1","0","0.22","1","3","0","46.53",0.172390796932311,"18.9","48.45","166.6","29.45","61.77","4.0","6.36","269.91","377.47","2.96",NA,NA,"-2.56","High","2.41","2.41","2.41","2.37","2.09","1.34","0.38","-0.5","-1.0",-1.044,"-1.11","-1.12","-1.12","-1.12","-1.12","-1.12","-1.12","8.61","2-(4-chloro-2-methylphenoxy)acetic acid","CC1=C(OCC(O)=O)C=CC(Cl)=C1","InChI=1S/C9H9ClO3/c1-6-4-7(10)2-3-8(6)13-5-9(11)12/h2-4H,5H2,1H3,(H,11,12)","WHKUVVPPKQRRBV-UHFFFAOYSA-N","zelan","4-chloro-o-cresoxyacetic acid; BH mcpa; MCP; MCPA; U 46 M-fluid; acme mcpa amine 4; agroxon; agroxone; anicon M; anicon kombi; banvel M; bordermaster; brominal M & plus; caswell no. 557C; chiptox; chwastox 30; chwastox extra; cornox-M; dicopur-M; emcepan; empal; epa pesticide chemical code 030501; hedapur M 52; hedarex M; hedonal M; herbicide M; hormotuho; hornotuho; kilsem; krezone; legumex DB; leuna M; leyspray; linormone; mephanac; metaxon; methyl chlorophenoxyacetic acid; methyl chlorophenoxyacetic acid (substance); methylchlorophenoxyacetic acid; netazol; okultin M; phenoxylene 50; phenoxylene plus; phenoxylene super; raphone; razol dock killer; rhomenc; rhomene; rhonox; seppic mmd; shamrox; trasan; ustinex; vacate; vesakontuho mcpa; weedar mcpa concentrate; weedone mcpa ester; zelan; β-selektonon M","94-74-6","CC1=C(OCC(O)=O)C=CC(Cl)=C1","C9H9ClO3",200.619,3,0.0764449,0.489929,"No Amine",7204,"CC1=C(C=CC(=C1)Cl)OCC(=O)O","94-74-6",200.62,"(-1)","-",1,-1,"No Amine","No Amine","Pollutant","Pesticide","Pesticide","Pollutant",TRUE,TRUE,TRUE,FALSE,TRUE,FALSE,FALSE,FALSE,"No group","Anion"
"4-Phenoxybutyric acid","180.203","180.078644246","C10H12O3","true","25","13","0","5","1","1","0","0.3","1","3","0","46.53",0.164411151549415,"18.89","48.06","169.74","26.34","61.82","3.38","6.96","283.01","404.79","4.35",NA,NA,"-1.54","High","1.82","1.82","1.82","1.82","1.8","1.66","1.08","0.17","-0.78",-1.052,"-1.46","-1.68","-1.71","-1.71","-1.71","-1.71","-1.71","8.24","4-phenoxybutanoic acid","OC(=O)CCCOC1=CC=CC=C1","InChI=1S/C10H12O3/c11-10(12)7-4-8-13-9-5-2-1-3-6-9/h1-3,5-6H,4,7-8H2,(H,11,12)","YKYVPFIBWVQZCE-UHFFFAOYSA-N","butyric acid, 4-phenoxy-","N/A","6303-58-8, 38669-42-0","OC(=O)CCCOC1=CC=CC=C1","C10H12O3",180.2,5,0.0516354,0.520456,"No Amine",22741,"C1=CC=C(C=C1)OCCCC(=O)O","6303-58-8",180.2,"(-1)","-",0.999,-1,"No Amine","No Amine","Pollutant","Industrial chemical","Industrial chemical","Pollutant",TRUE,TRUE,TRUE,FALSE,TRUE,FALSE,FALSE,FALSE,"No group","Anion"
"5-Amino-2-methylphenol","123.155","123.068413914","C7H9NO","true","18","9","0","0","1","1","0","0.14","2","2","0","46.25",0.238611154104112,"13.84","37.78","118.35","22.02","46.3","3.6","4.61","193.83","292.69","10.09","4.48","7.29","-1.06","High","1.35","-0.89","-0.87","-0.69","-0.07","0.76","1.24","1.34","1.35",1.35,"1.35","1.32","1.1","0.41","-0.4","-0.83","-0.91","7.75","5-amino-2-methylphenol","CC1=C(O)C=C(N)C=C1","InChI=1S/C7H9NO/c1-5-2-3-6(8)4-7(5)9/h2-4,9H,8H2,1H3","DBFYESDCPWWCHN-UHFFFAOYSA-N","5-amino-o-cresol","N/A","2835-95-2, 2635-98-5","CC1=C(O)C=C(N)C=C1","C7H9NO",123.152,0,0.0211043,0.166505,"No Amine",17818,"CC1=C(C=C(C=C1)N)O","2835-95-2",123.15,"(0)","0",0.997,-8e-04,"No Amine","No Amine","Pollutant","Industrial chemical","Industrial chemical","Pollutant",FALSE,TRUE,TRUE,FALSE,FALSE,FALSE,FALSE,TRUE,"No group","Neutral"
"5-Methyl-1H-benzotriazole","133.154","133.063997237","C7H7N3","true","17","10","0","0","2","2","1","0.14","1","2","0","41.57",0.218616881409414,"15.55","39.1","116.86","22.02","46.36","3.6","4.67","190.15","293.04","8.86","1.01","4.93","-1.76","High","1.81","0.77","1.51","1.77","1.81","1.81","1.81","1.81","1.81",1.79,"1.76","1.45","0.77","0.31","0.22","0.2","0.2","6.94","5-methyl-1H-1,2,3-benzotriazole","CC1=CC=C2NN=NC2=C1","InChI=1S/C7H7N3/c1-5-2-3-6-7(4-5)9-10-8-6/h2-4H,1H3,(H,8,9,10)","LRUDIIUSNGCQKF-UHFFFAOYSA-N","1H-benzotriazole, 5-methyl-","N/A","136-85-6","CC1=CC=C2NN=NC2=C1","C7H7N3",133.151,0,0.019642,0.125028,"No Amine",8705,"CC1=CC2=NNN=C2C=C1","136-85-6",133.15,"(0)","0",0.981,-0.03,"No Amine","No Amine","Pollutant","Industrial chemical","Industrial chemical","Pollutant",FALSE,TRUE,TRUE,FALSE,FALSE,FALSE,FALSE,TRUE,"No group","Neutral"
"Acenaphthene","154.212","154.078250322","C12H10","true","22","12","0","0","3","2","0","0.17","0","0","0","0.0",0,"20.82","50.79","147.1","28.8","55.67","4.17","4.73","236.57","315.1",NA,NA,NA,"-4.17","Moderate","3.53","3.53","3.53","3.53","3.53","3.53","3.53","3.53","3.53",3.53,"3.53","3.53","3.53","3.53","3.53","3.53","3.53","1.95","1,2-dihydroacenaphthylene","C1CC2=C3C1=CC=CC3=CC=C2","InChI=1S/C12H10/c1-3-9-4-2-6-11-8-7-10(5-1)12(9)11/h1-6H,7-8H2","CWRYPZZKDGJXCA-UHFFFAOYSA-N","acenaphthene","1,8-dihydroacenaphthalene; 1,8-ethylenenaphthalene; ethylenenaphthalene; naphthyleneethylene; peri-ethylenenaphthalene","83-32-9","C1CC2=C3C1=CC=CC3=CC=C2","C12H10",154.208,0,0.0381328,0.162522,"No Amine",6734,"C1CC2=CC=CC3=C2C1=CC=C3","83-32-9",154.21,"(0)","0",1,0,"No Amine","No Amine","Pollutant","Industrial chemical","Industrial chemical","Pollutant",FALSE,TRUE,TRUE,FALSE,FALSE,FALSE,FALSE,TRUE,"No group","Neutral"
"Acetaminophen","151.165","151.063328534","C8H9NO2","true","20","11","0","1","1","1","0","0.12","2","2","0","49.33",0.22157840362934,"15.82","42.9","138.08","21.75","54.37","3.49","5.67","222.63","332.75","9.46",NA,NA,"-1.13","High","0.91","0.91","0.91","0.91","0.91","0.91","0.91","0.91","0.91",0.902,"0.89","0.78","0.27","-0.56","-1.15","-1.31","-1.33","14.14","N-(4-hydroxyphenyl)acetamide","CC(=O)NC1=CC=C(O)C=C1","InChI=1S/C8H9NO2/c1-6(10)9-7-2-4-8(11)5-3-7/h2-5,11H,1H3,(H,9,10)","RZVAJINKPMORJF-UHFFFAOYSA-N","acetaminophen","APAP; N-acetyl-p-aminophenol; acenol; acetaminofen; acetaminophene; calpol; korum; paracetamolo; paracetamolum; paracetanol; prompt; tapanol; tempra; 对乙酰氨基酚","103-90-2","CC(=O)NC1=CC=C(O)C=C1","C8H9NO2",151.163,1,0.0107703,0.106935,"No Amine",1983,"CC(=O)NC1=CC=C(C=C1)O","103-90-2",151.16,"(0)","0",0.992,-0.01,"No Amine","No Amine","Pollutant","Non-antibiotic drug","Non-antibiotic drug","Pollutant",FALSE,TRUE,TRUE,FALSE,FALSE,FALSE,FALSE,TRUE,"No group","Neutral"
"Acetamiprid","222.68","222.0672241","C10H11ClN4","true","26","15","0","2","1","1","1","0.3","0","4","0","52.28",0.16885759503892,"22.29","60.89","193.58","40.45","63.03","4.56","5.85","309.61","377.8",NA,"4.16",NA,"-2.09","High","1.11","-1.47","-1.25","-0.86","-0.06","0.73","1.06","1.11","1.11",1.11,"1.11","1.11","1.11","1.11","1.11","1.11","1.11","12.96","N-[(6-chloropyridin-3-yl)methyl]-N'-cyano-N-methylethanimidamide","CN(CC1=CN=C(Cl)C=C1)C(C)=NC#N","InChI=1S/C10H11ClN4/c1-8(14-7-12)15(2)6-9-3-4-10(11)13-5-9/h3-5H,6H2,1-2H3","WCXDHFDTOYPNIE-UHFFFAOYSA-N","acetamiprid","N/A","160430-64-8, 135410-20-7","CN(CC1=CN=C(Cl)C=C1)C(C)=NC#N","C10H11ClN4",222.674,3,0.125318,0.815904,"No Amine",213021,"CC(=NC#N)N(C)CC1=CN=C(C=C1)Cl","160430-64-8",222.67,"(0)","0",0.999,6e-04,"No Amine","No Amine","Pollutant","Pesticide","Pesticide","Pollutant",FALSE,TRUE,TRUE,FALSE,FALSE,FALSE,FALSE,TRUE,"No group","Neutral"
"Acetylsalicylic acid","180.159","180.042258738","C9H8O4","true","21","13","0","3","1","1","0","0.11","1","3","0","63.6",0.258347550572752,"17.15","44.45","154.71","32.87","55.43","4.42","5.06","246.18","368.7","3.41",NA,NA,"-1.85","High","1.24","1.24","1.24","1.22","1.1","0.55","-0.35","-1.3","-2.02",-2.112,"-2.25","-2.29","-2.29","-2.29","-2.29","-2.29","-2.29","10.09","2-(acetyloxy)benzoic acid","CC(=O)OC1=CC=CC=C1C(O)=O","InChI=1S/C9H8O4/c1-6(10)13-8-5-3-2-4-7(8)9(11)12/h2-5H,1H3,(H,11,12)","BSYNRYMUTXBXSQ-UHFFFAOYSA-N","aspirin","8-hour bayer; A.S.A. empirin; ASA; ECM; O-accetylsalicylic acid; Xaxa; acenterine; acesal; acetal; acetard; aceticyl; acetilsalicilico; acetilum acidulatum; acetisal; acetophen; acetosal; acetosalic acid; acetosalin; acetoxybenzoic acid; acetyl salicylic acid; acetylin; acetylsal; acetylsalicyclic acid; acetylsalicylic acid; acetylsalicylsaeure; acetylsalicylsaure; acetylsalycilic acid; acetyonyl; acetysal; acetysalicylic acid; acid, acetylsalicylic; acide 2-(acetyloxy)benzoique; acide acetylsalicylique; acide acetylsalicylique (french); acido O-acetil-benzoico; acido acetilsalicilico; acidum acetylsalicylicum; acimetten; acisal; acylpyrin; adiro; aloxiprimum; asagran; asatard; ascoden-30; aspalon; aspec; aspergum; aspirdrops; aspirin; aspirin (product); aspirin (substance); aspirin - chemical; aspirin preparation; aspirina 03; aspirine; aspro; aspro clear; asteric; azetylsalizylsaeure; bayer extra strength aspirin for migraine pain; benaspir; bi-prin; bialpirina; bialpirinia; caprin; cardioaspirina; cemirit; claradin; clariprin; colfarit; contrheuma retard; coricidin; crystar; decaten; delgesic; dispril; dolean ph 8; duramax; easprin; ecolen; ecotrin; empirin; endosprin; endydol; entericin; enterophen; enterosarein; enterosarine; entrophen; extren; globentyl; globoid; helicon; idragin; istopirin; kapsazal; kyselina 2-acetoxybenzoova; kyselina acetylsalicylova; levius; magnecyl; measurin; medisyl; micristin; neuronika; novid; nu-seals; nu-seals aspirin; persistin; pharmacin; pirseal; polopirin; polopiryna; premaspin; rheumin tabletten; rheumintabletten; rhodine; rhonal; ronal; salacetin; salcetogen; saletin; salicylic acid acetate; salicylic acid, acetate; salospir; solfrin; solprin; solprin acid; solpyron; solupsan; spira-dine; st. joseph; st. joseph aspirin for adults; supac; tasprin; temperal; toldex; triaminicin; triple-sal; vanquish; yasta; zorprin; 阿司匹林","50-78-2, 11126-35-5","CC(=O)OC1=CC=CC=C1C(O)=O","C9H8O4",180.157,3,0.0545564,0.422898,"No Amine",2244,"CC(=O)OC1=CC=CC=C1C(=O)O","50-78-2",180.16,"(-1)","-",1,-1,"No Amine","No Amine","Pollutant","Non-antibiotic drug","Non-antibiotic drug","Pollutant",TRUE,TRUE,TRUE,FALSE,TRUE,FALSE,FALSE,FALSE,"No group","Anion"
"Aclonifen","264.67","264.0301699","C12H9ClN2O3","true","27","18","0","3","2","2","0","0.0","1","3","0","78.39",0.241601430068421,"25.6","68.12","209.95","41.18","74.23","4.47","6.16","324.46","423.03","12.98","-0.7","6.04","-4.74","Low","3.84","3.84","3.84","3.84","3.84","3.84","3.84","3.84","3.84",3.84,"3.84","3.84","3.84","3.83","3.8","3.55","2.99","5.74","2-chloro-6-nitro-3-phenoxyaniline","NC1=C(C=CC(OC2=CC=CC=C2)=C1Cl)[N+]([O-])=O","InChI=1S/C12H9ClN2O3/c13-11-10(18-8-4-2-1-3-5-8)7-6-9(12(11)14)15(16)17/h1-7H,14H2","DDBMQDADIHOWIC-UHFFFAOYSA-N","aclonifen","aclonifen","74070-46-5","NC1=C(C=CC(OC2=CC=CC=C2)=C1Cl)[N+]([O-])=O","C12H9ClN2O3",264.664,3,0.106534,0.819816,"No Amine",92389,"C1=CC=C(C=C1)OC2=C(C(=C(C=C2)[N+](=O)[O-])N)Cl","74070-46-5",264.66,"(+/-)","+-",1,0,"No Amine","No Amine","Pollutant","Pesticide","Pesticide","Pollutant",FALSE,TRUE,TRUE,FALSE,TRUE,TRUE,TRUE,FALSE,"No group","Zwitterion"
"Amitriptyline","277.411","277.183049745","C20H23N","true","44","21","0","3","3","2","0","0.3","0","1","0","3.24",0.00708645917630848,"35.17","101.51","282.76","58.17","88.96","5.72","6.99","457.21","529.69",NA,"9.06",NA,"-4.39","Moderate","4.81","1.31","1.31","1.31","1.31","1.32","1.41","1.88","2.76",3.14,"3.71","4.48","4.76","4.8","4.81","4.81","4.81","7.79","dimethyl(3-{tricyclo[9.4.0.0³,⁸]pentadeca-1(15),3,5,7,11,13-hexaen-2-ylidene}propyl)amine","CN(C)CCC=C1C2=CC=CC=C2CCC2=CC=CC=C12","InChI=1S/C20H23N/c1-21(2)15-7-12-20-18-10-5-3-8-16(18)13-14-17-9-4-6-11-19(17)20/h3-6,8-12H,7,13-15H2,1-2H3","KRMDCWKBEZIMAB-UHFFFAOYSA-N","amitriptyline","adepress; adepril; amineurin; amitid; amitril; amitrip; amitriprolidine; amitriptilina; amitriptylin; amitriptylin desitin; amitriptylin neuraxpharm; amitriptylin rph; amitriptylin β; amitriptylin-neuraxpharm; amitriptyline; amitriptyline (inn) and its salts; amitriptyline (product); amitriptyline (substance); amitriptyline preparation; amitriptylinneuraxpharm; amitriptylinum; amitrol; amitryptiline; amitryptyline; amytriptiline; amytriptylin; anapsique; apo amitriptyline; apoamitriptyline; cahill may roberts brand of amitriptyline embonate; damilan; damilen; damilen maleate; damitriptyline; desitin, amitriptylin; domical; elanil; flavyl; hexathane; horizon; lantron; laroxil; laroxyl; lentizol; novoprotect; proheptadiene; redomex; rph, amitriptylin; saroten; sarotex; seroten; sylvemid; syneudon; triptafen; triptanol; triptilin; triptisol; tryptanol; tryptine; tryptizol; β, amitriptylin; 阿米替林","50-48-6","CN(C)CCC=C1C2=CC=CC=C2CCC2=CC=CC=C12","C20H23N",277.403,3,0.145128,0.980173,"Tertiary Amine",2160,"CN(C)CCC=C1C2=CC=CC=C2CCC3=CC=CC=C31","50-48-6",277.4,"(+1)","+",0.979,0.98,"Tertiary Amine","Tertiary Amine","Pollutant","Non-antibiotic drug","Non-antibiotic drug","Pollutant",FALSE,TRUE,TRUE,TRUE,FALSE,TRUE,FALSE,FALSE,"Group 3","cation"
"Amphetamine","135.21","135.104799423","C9H13N","true","23","10","1","2","1","1","0","0.33","1","1","0","26.02",0.107948888151344,"17.36","43.71","144.89","28.16","49.22","3.58","5.22","241.04","318.68",NA,"10.04",NA,"-1.4","High","1.8","-1.23","-1.23","-1.23","-1.23","-1.23","-1.22","-1.19","-0.93",-0.638,"-0.2","0.73","1.48","1.76","1.8","1.8","1.8","9.7","1-phenylpropan-2-amine","CC(N)CC1=CC=CC=C1","InChI=1/C9H13N/c1-8(10)7-9-5-3-2-4-6-9/h2-6,8H,7,10H2,1H3","KWTSXDURSIMDCE-UHFFFAOYNA-N","amphetamine","adderall; amfetaminum; desoxynorephedrine","300-62-9, 60-15-1","CC(N)CC1=CC=CC=C1","C9H13N",135.206,2,0.124666,0.701982,"Primary Amine",3007,"CC(CC1=CC=CC=C1)N","300-62-9",135.21,"(+1)","+",0.998,1,"Primary Amine","Primary Amine","Pollutant","Non-antibiotic drug","Non-antibiotic drug","Pollutant",TRUE,TRUE,TRUE,TRUE,FALSE,TRUE,FALSE,FALSE,"Group 1","cation"
"Aniline","93.129","93.057849229","C6H7N","true","14","7","0","0","1","1","0","0.0","1","1","0","26.02",0.172672373747428,"11.5","30.76","93.01","19.19","38.78","3.4","4.06","150.69","250.93",NA,"4.64",NA,"-1.13","High","1.14","-1.1","-1.08","-0.96","-0.41","0.42","0.99","1.13","1.14",1.14,"1.14","1.14","1.14","1.14","1.14","1.14","1.14","5.6","aniline","NC1=CC=CC=C1","InChI=1S/C6H7N/c7-6-4-2-1-3-5-6/h1-5H,7H2","PAYRUJLWNCNPSJ-UHFFFAOYSA-N","aniline","(13)C-labeled cpd aniline; (13)c-labeled cpd aniline; (14)C-labeled cpd aniline; (14)c-labeled cpd aniline; 15N-labeled cpd aniline; 15n-labeled cpd aniline; 2-(13)C-labeled cpd aniline; 2-(13)c-labeled cpd aniline; 3-(13)C-labeled cpd aniline; 3-(13)c-labeled cpd aniline; 3H-labeled cpd aniline; 3h-labeled cpd aniline; 4-(13)C-labeled cpd aniline; 4-(13)c-labeled cpd aniline; C.I. oxidation base 1; CI oxidation base 1; D'aniline; aminophen; anilina; aniline (substance); aniline hydrogen iodide; aniline oil; aniline oil, phenylamine; aniline reagent; aniline(S#299)-liq; aniline, (13)C-labeled cpd; aniline, (13)c-labeled cpd; aniline, (14)C-labeled cpd; aniline, (14)c-labeled cpd; aniline, 15N-labeled cpd; aniline, 15n-labeled cpd; aniline, 2-(13)C-labeled cpd; aniline, 2-(13)c-labeled cpd; aniline, 3-(13)C-labeled cpd; aniline, 3-(13)c-labeled cpd; aniline, 3H-labeled cpd; aniline, 3h-labeled cpd; aniline, 4-(13)C-labeled cpd; aniline, 4-(13)c-labeled cpd; aniline, acs; aniline, conjugate acid; aniline, ion(1+); aniline, magnesium (1:1) salt; anilinum; anyvim; aromatic amine; arylamine; benzene,amino (aniline); benzidam; bidd:ER0581; blue oil; caswell no. 051C; ccris 44; conjugate acid aniline; cyanol; epa pesticide chemical code 251400; hsdb 43; huile d'aniline; ion(1+) aniline; krystallin; kyanol; magnesium (1:1) salt aniline; monolithium salt aniline; nchembio.257-comp9; phenyleneamine; rcra waste no. U012; rcra waste number U012; sodium salt aniline","62-53-3, 136260-71-4","NC1=CC=CC=C1","C6H7N",93.1265,0,0.00261332,0.066263,"No Amine",6115,"C1=CC=C(C=C1)N","62-53-3",93.13,"(0)","0",0.998,0.0017,"No Amine","No Amine","Pollutant","Industrial chemical","Industrial chemical","Pollutant",FALSE,TRUE,TRUE,FALSE,FALSE,FALSE,FALSE,TRUE,"No group","Neutral"
"Atenolol","266.341","266.163042576","C14H22N2O3","true","41","19","1","8","1","1","0","0.5","3","4","0","84.58",0.192113750965339,"29.09","73.51","261.31","33.82","83.61","3.71","9.1","440.26","535.74","14.08","9.27","11.67","-1.57","High","0.43","-3.53","-2.97","-2.83","-2.82","-2.81","-2.78","-2.53","-1.8",-1.424,"-0.86","-0.03","0.35","0.42","0.42","0.39","0.17","19.15","2-(4-{2-hydroxy-3-[(propan-2-yl)amino]propoxy}phenyl)acetamide","CC(C)NCC(O)COC1=CC=C(CC(N)=O)C=C1","InChI=1/C14H22N2O3/c1-10(2)16-8-12(17)9-19-13-5-3-11(4-6-13)7-14(15)18/h3-6,10,12,16-17H,7-9H2,1-2H3,(H2,15,18)","METKIMKYRPQLGS-UHFFFAOYNA-N","atenolol","aircrit; alinor; altol; anselol; antipressan; apo-atenolol; atcardil; atecard; atehexal; atenblock; atendol; atenet; ateni; atenil; atenol; atenol 1A pharma; atenol AL; atenol CT; atenol NM pharma; atenol PB; atenol acis; atenol atid; atenol cophar; atenol ct; atenol fecofar; atenol gador; atenol genericon; atenol gnr; atenol heumann; atenol msd; atenol nordic; atenol quesada; atenol stada; atenol tika; atenol trom; atenol von CT; atenol von ct; atenol-mepha; atenol-ratiopharm; atenol-wolff; atenolin; atenolol; atenolol (product); atenolol (substance); atenolol preparation; atenololum; atenomel; atereal; aterol; betablok; betacard; betasyn; betatop GE; betatop ge; blocotenol; blokium; cardaxen; cardiopress; corotenol; cuxanorm; duraatenolol; duratenol; evitocor; farnormin; felo-bits; hipres; hypoten; ibinolo; internolol; jenatenol; juvental; lo-ten; loten; lotenal; myocord; normalol; normiten; noten; oraday; ormidol; panapres; plenacor; premorine; prenormine; prinorm; scheinpharm atenol; seles β; selobloc; serten; servitenol; stermin; tenidon; teno-basan; tenobloc; tenoblock; tenolol; tenoprin; tenormin; tenormine; tensimin; tredol; unibloc; uniloc; vascoten; vericordin; wesipin; xaten; 阿替洛尔","29122-68-7, 60966-51-0, 1309283-25-7, 106020-65-9","CC(C)NCC(O)COC1=CC=C(CC(N)=O)C=C1","C14H22N2O3",266.336,8,0.0607817,0.956487,"Secondary Amine",2249,"CC(C)NCC(COC1=CC=C(C=C1)CC(=O)N)O","29122-68-7",266.34,"(+1)","+",0.987,0.99,"Secondary Amine","Secondary Amine","Pollutant","Non-antibiotic drug","Non-antibiotic drug","Pollutant",TRUE,TRUE,FALSE,FALSE,FALSE,TRUE,FALSE,FALSE,"Group 2","cation"
"Atrazine","215.69","215.0937732","C8H14ClN5","true","28","14","0","4","1","1","1","0.62","2","5","0","62.73",0.193211568669726,"21.19","62.22","190.94","41.16","66.03","4.81","6.38","324.67","471.23","14.48","4.2","9.23","-3.8","Moderate","2.2","0.24","0.26","0.43","1.04","1.79","2.13","2.19","2.2",2.2,"2.2","2.2","2.2","2.2","2.2","2.18","2.08","7.28","6-chloro-N2-ethyl-N4-(propan-2-yl)-1,3,5-triazine-2,4-diamine","CCNC1=NC(NC(C)C)=NC(Cl)=N1","InChI=1S/C8H14ClN5/c1-4-10-7-12-6(9)13-8(14-7)11-5(2)3/h5H,4H2,1-3H3,(H2,10,11,12,13,14)","MXWJVTOOROXGIU-UHFFFAOYSA-N","atrazine","atrazine","1912-24-9","CCNC1=NC(NC(C)C)=NC(Cl)=N1","C8H14ClN5",215.683,4,0.105328,0.675624,"No Amine",2256,"CCNC1=NC(=NC(=N1)Cl)NC(C)C","1912-24-9",215.68,"(0)","0",1,4e-04,"No Amine","No Amine","Pollutant","Pesticide","Pesticide","Pollutant",FALSE,TRUE,TRUE,FALSE,FALSE,FALSE,FALSE,TRUE,"No group","Neutral"
"Bentazone","240.28","240.056863428","C10H12N2O3S","true","28","16","0","1","2","1","1","0.3","1","3","0","66.48",0.201987056786072,"23.3","59.76","200.41","37.46","65.59","4.02","5.84","329.13","408.53","2.03",NA,NA,"-2.41","High","0.76","0.71","0.69","0.49","0.05","-0.15","-0.18","-0.19","-0.19",-0.19,"-0.19","-0.19","-0.19","-0.19","-0.19","-0.19","-0.19","12.84","3-(propan-2-yl)-3,4-dihydro-1H-2λ⁶,1,3-benzothiadiazine-2,2,4-trione","CC(C)N1C(=O)C2=CC=CC=C2NS1(=O)=O","InChI=1S/C10H12N2O3S/c1-7(2)12-10(13)8-5-3-4-6-9(8)11-16(12,14)15/h3-7,11H,1-2H3","ZOMSMJKLGFBRBS-UHFFFAOYSA-N","bentazon","basagran; basagran 480; basagran DP; basagran KV; basagran M; basagran-plus; bendioxide; bentazon; bentazon (substance); bentazone; bentazone sodium; caswell no. 509C; epa pesticide chemical code 275200; graminon-plus; herbatox; laddok; leader; pentazone; pledge","25057-89-0","CC(C)N1C(=O)C2=CC=CC=C2NS1(=O)=O","C10H12N2O3S",240.279,1,0.110839,0.616802,"No Amine",2328,"CC(C)N1C(=O)C2=CC=CC=C2NS1(=O)=O","25057-89-0",240.28,"(-1)","-",1,-1,"No Amine","No Amine","Pollutant","Pesticide","Pesticide","Pollutant",TRUE,TRUE,TRUE,FALSE,TRUE,FALSE,FALSE,FALSE,"No group","Anion"
"Benzophenone","182.222","182.073164942","C13H10O","true","24","14","0","2","2","2","0","0.0","0","1","0","17.07",0.0632878540708883,"22.03","56.63","172.56","23.84","68.93","3.88","6.27","269.72","384.46",NA,NA,NA,"-3.73","Moderate","3.43","3.43","3.43","3.43","3.43","3.43","3.43","3.43","3.43",3.43,"3.43","3.43","3.43","3.43","3.43","3.43","3.43","3.41","diphenylmethanone","O=C(C1=CC=CC=C1)C1=CC=CC=C1","InChI=1S/C13H10O/c14-13(11-7-3-1-4-8-11)12-9-5-2-6-10-12/h1-10H","RWCCWEUUXYIKHB-UHFFFAOYSA-N","benzophenone","Ph2CO; benzophenone (substance); caswell no. 081G; ccris 629; diphenyl methanone; epa pesticide chemical code 000315; α-oxodiphenylmethane; α-oxoditane","119-61-9","O=C(C1=CC=CC=C1)C1=CC=CC=C1","C13H10O",182.218,2,0.0768929,0.66081,"No Amine",3102,"C1=CC=C(C=C1)C(=O)C2=CC=CC=C2","119-61-9",182.22,"(0)","0",1,0,"No Amine","No Amine","Pollutant","Industrial chemical","Industrial chemical","Pollutant",FALSE,TRUE,TRUE,FALSE,FALSE,FALSE,FALSE,TRUE,"No group","Neutral"
"1H-Benzotriazole","119.127","119.048347173","C6H5N3","true","14","9","0","0","2","2","1","0.0","1","2","0","41.57",0.263201215651513,"13.78","34.06","100.05","20.97","41.23","3.52","4.12","157.94","252.65","8.63","0.58","4.6","-1.22","High","1.3","0.62","1.16","1.28","1.3","1.3","1.3","1.3","1.29",1.258,"1.21","0.8","0.11","-0.24","-0.3","-0.31","-0.31","7.7","1H-1,2,3-benzotriazole","N1N=NC2=CC=CC=C12","InChI=1S/C6H5N3/c1-2-4-6-5(3-1)7-9-8-6/h1-4H,(H,7,8,9)","QRUDEWIWKLJBPS-UHFFFAOYSA-N","benzotriazole","N/A","95-14-7, 273-02-9, 27556-51-0","N1N=NC2=CC=CC=C12","C6H5N3",119.124,0,2.2167e-10,2.14384e-05,"No Amine",7220,"C1=CC2=NNN=C2C=C1","95-14-7",119.12,"(0)","0",0.978,-0.06,"No Amine","No Amine","Pollutant","Industrial chemical","Industrial chemical","Pollutant",FALSE,TRUE,TRUE,FALSE,FALSE,FALSE,FALSE,TRUE,"No group","Neutral"
"Benzoylecgonine","289.331","289.131408096","C16H19NO4","true","40","21","4","4","3","1","2","0.5","1","4","0","66.84",0.158580274739614,"30.08","76.39","264.87","47.32","77.99","4.78","7.16","421.49","444.15","3.15","9.14","6.29","-2.14","High","-0.59","-1.36","-1.35","-1.24","-0.88","-0.64","-0.6","-0.59","-0.6",-0.608,"-0.62","-0.78","-1.18","-1.36","-1.39","-1.39","-1.39","13.6","(1R,2R,3S,5S)-3-(benzoyloxy)-8-methyl-8-azabicyclo[3.2.1]octane-2-carboxylic acid","CN1[C@H]2CC[C@@H]1[C@H]([C@H](C2)OC(=O)C1=CC=CC=C1)C(O)=O","InChI=1S/C16H19NO4/c1-17-11-7-8-12(17)14(15(18)19)13(9-11)21-16(20)10-5-3-2-4-6-10/h2-6,11-14H,7-9H2,1H3,(H,18,19)/t11-,12-,13-,14+/m0/s1","GVGYEFKIHJTNQZ-RFQIPJPRSA-N","benzoylecgonine","(-)-benzoylecgonine; BCG; BEG; O-benzoyl-(-)-ecgonine; O-benzoylecgonine; benzoylecgonine; benzoylecgonine hydrate; benzoylecgonine solution; benzoylecogonine; ecgonine benzoate","519-09-5","CN1[C@H]2CC[C@@H]1[C@H]([C@H](C2)OC(=O)C1=CC=CC=C1)C(O)=O","C16H19NO4",289.326,4,0.147414,1.05331,"Tertiary Amine",448223,"CN1[C@H]2CC[C@@H]1[C@H]([C@H](C2)OC(=O)C3=CC=CC=C3)C(=O)O","519-09-5",289.33,"(+/-)","+-",0.982,-0.02,"Tertiary Amine","Tertiary Amine","Pollutant","Non-antibiotic drug metabolite","Non-antibiotic drug metabolite","Pollutant",TRUE,TRUE,TRUE,TRUE,TRUE,TRUE,TRUE,FALSE,"Group 1","Zwitterion"
"Caffeine","194.194","194.080375578","C8H10N4O2","true","24","14","0","0","2","2","2","0.37","0","3","0","58.44",0.217152199762188,"17.86","49.83","164.27","29.63","61.58","4.42","4.99","269.12","368.37",NA,"-1.16",NA,"-0.44","High","-0.55","-0.57","-0.55","-0.55","-0.55","-0.55","-0.55","-0.55","-0.55",-0.55,"-0.55","-0.55","-0.55","-0.55","-0.55","-0.55","-0.55","12.1","1,3,7-trimethyl-2,3,6,7-tetrahydro-1H-purine-2,6-dione","CN1C=NC2=C1C(=O)N(C)C(=O)N2C","InChI=1S/C8H10N4O2/c1-10-4-9-6-5(10)7(13)12(3)8(14)11(6)2/h4H,1-3H3","RYYVLZVUVIJVGH-UHFFFAOYSA-N","caffeine","CFF; NO-doz; Refresh'N; SK 65 compound; Stim; alert-pep; anhydrous caffeine; anoquan; cafamil; cafcit; cafecon; cafeina; cafeine; cafergot; caffedrine; caffedrine caplets; caffeina; caffeine (data page); caffeine (natural); caffeine (product); caffeine (substance); caffeine preparation; caffeine pure; caffeine, anhydrous; caffeine, citrated; caffeine, monohydrate; caffeine, synthetic; caffine; cafipel; coffein; coffeine; coffeinum N; coffeinum purrum; darvon compound; darvon compound-65; dasin; dexitac; dexitac stay alert stimulant; dhc plus; diurex; durvitan; eldiatric C; enerjets; ercatab; esgic; esgic-plus; femcet; fioricet; fiorinal; glaxosmithkline brand of caffeine; guaranine; hsdb 36; hycomine; invagesic; invagesic forte; keep alert; kofein; koffein; lanorinal; mateina; maximum strength snapback stimulant powders; medigesic plus; merck dura brand of caffeine; methyltheobromide; methyltheobromine; methylxanthine theophylline; migergot; miudol; monomethyl derivative of theophylline; natural caffeinum; nix nap; no-doz; nodaca; nodoz maximum strength caplets; norgesic; norgesic forte; organex; orphengesic; orphengesic forte; passauer brand of caffeine; pep-back; percoffedrinol N; percutafine; percutaféine; phensal; pierre fabre brand of caffeine; propoxyphene compound 65; propoxyphene compound-65; quick pep; quick-pep; refresh'n; republic drug brand of caffeine; seid brand of caffeine; synalgos-dc; synthetic caffeine; teina; thein; theine; theobromine ME; theophylline ME; thompson brand 1 of caffeine; thompson brand 2 of caffeine; tirend; tri-aqua; triad; ultra pep-back; vivarin; wake-up; wigraine; 咖啡因","58-08-2, 95789-13-2, 114303-55-8","CN1C=NC2=C1C(=O)N(C)C(=O)N2C","C8H10N4O2",194.191,0,0.0382736,0.223516,"No Amine",2519,"CN1C=NC2=C1C(=O)N(C(=O)N2C)C","58-08-2",194.19,"(0)","0",1,0,"No Amine","No Amine","Pollutant","Lifestyle product","Lifestyle product","Pollutant",TRUE,TRUE,TRUE,FALSE,FALSE,FALSE,FALSE,TRUE,"No group","Neutral"
"Carbamazepine","236.274","236.094963014","C15H12N2O","true","30","18","0","0","3","2","1","0.0","1","1","0","46.33",0.148379451703818,"26.79","71.89","210.16","39.18","67.42","4.25","5.73","312.24","370.91","15.96",NA,NA,"-3.79","Moderate","2.77","2.77","2.77","2.77","2.77","2.77","2.77","2.77","2.77",2.77,"2.77","2.77","2.77","2.77","2.77","2.77","2.77","10.6","2-azatricyclo[9.4.0.0³,⁸]pentadeca-1(15),3,5,7,9,11,13-heptaene-2-carboxamide","NC(=O)N1C2=CC=CC=C2C=CC2=CC=CC=C12","InChI=1S/C15H12N2O/c16-15(18)17-13-7-3-1-5-11(13)9-10-12-6-2-4-8-14(12)17/h1-10H,(H2,16,18)","FFGPTBGBLSHEPO-UHFFFAOYSA-N","carbamazepine","apo-carbamazepine; atretol; biston; calepsin; carbamazepen; carbamazepina; carbamazepine; carbamazepinum; carbamezepine; carbatrol; carbazepine; carbelan; epitol; equetro; finlepsin; karbamazepin; lexin; neurotol; novo-carbamaz; nu-carbamazepine; sirtal; stazepin; stazepine; taro-carbamazepine; taro-carbamazepine cr; tegretal; tegretol; tegretol chewtabs; tegretol cr; tegretol-xr; telesmin; teril; timonil; 卡马西平","298-46-4","NC(=O)N1C2=CC=CC=C2C=CC2=CC=CC=C12","C15H12N2O",236.269,0,0.198805,0.945777,"No Amine",2554,"C1=CC=C2C(=C1)C=CC3=CC=CC=C3N2C(=O)N","298-46-4",236.27,"(0)","0",1,0,"No Amine","No Amine","Pollutant","Non-antibiotic drug","Non-antibiotic drug","Pollutant",FALSE,TRUE,TRUE,FALSE,FALSE,FALSE,FALSE,TRUE,"No group","Neutral"
"Carbamazepine-10,11-epoxide","252.273","252.089877634","C15H12N2O2","true","31","19","2","0","4","2","2","0.13","1","2","0","58.86",0.178596352823376,"26.98","69.98","215.29","42.74","66.43","4.22","5.62","329.57","379.03","15.96",NA,NA,"-3.33","High","1.97","1.97","1.97","1.97","1.97","1.97","1.97","1.97","1.97",1.97,"1.97","1.97","1.97","1.97","1.97","1.97","1.98","11.97","3-oxa-11-azatetracyclo[10.4.0.0²,⁴.0⁵,¹⁰]hexadeca-1(16),5,7,9,12,14-hexaene-11-carboxamide","NC(=O)N1C2=CC=CC=C2C2OC2C2=CC=CC=C12","InChI=1/C15H12N2O2/c16-15(18)17-11-7-3-1-5-9(11)13-14(19-13)10-6-2-4-8-12(10)17/h1-8,13-14H,(H2,16,18)","ZRWWEEVEIOGMMT-UHFFFAOYNA-N","carbamazepine-10,11-epoxide","carbamazepine-10,11-epoxide","36507-30-9","NC(=O)N1C2=CC=CC=C2C2OC2C2=CC=CC=C12","C15H12N2O2",252.268,0,0.276841,1.07013,"No Amine",2555,"C1=CC=C2C(=C1)C3C(O3)C4=CC=CC=C4N2C(=O)N","36507-30-9",252.27,"(0)","0",1,0,"No Amine","No Amine","Pollutant","Non-antibiotic drug metabolite","Non-antibiotic drug metabolite","Pollutant",FALSE,FALSE,TRUE,FALSE,FALSE,FALSE,FALSE,TRUE,"No group","Neutral"
"Cetirizine","388.89","388.1553704","C21H25ClN2O3","true","52","27","1","8","3","2","1","0.38","1","5","0","53.01",0.0918240083145678,"41.88","106.87","354.87","71.32","97.12","6.17","8.11","577.3","649.26","2.97","7.97","5.65","-2.96","High","0.86","-2.85","-1.97","-0.97","0.03","0.68","0.84","0.86","0.82",0.736,"0.61","0.22","0.07","0.05","0.05","0.05","0.05","17.59","2-(2-{4-[(4-chlorophenyl)(phenyl)methyl]piperazin-1-yl}ethoxy)acetic acid","OC(=O)COCCN1CCN(CC1)C(C1=CC=CC=C1)C1=CC=C(Cl)C=C1","InChI=1/C21H25ClN2O3/c22-19-8-6-18(7-9-19)21(17-4-2-1-3-5-17)24-12-10-23(11-13-24)14-15-27-16-20(25)26/h1-9,21H,10-16H2,(H,25,26)","ZKLPARSLTMPFCP-UHFFFAOYNA-N","cetirizine","CetiLich; alerlisin; aliud brand of cetirizine dihydrochloride; alpharma brand of cetirizine dihydrochloride; awd.pharma brand of cetirizine dihydrochloride; azupharma brand of cetirizine dihydrochloride; basics brand of cetirizine dihydrochloride; benaday; cetalerg; ceterifug; ceti tad; ceti-puren; cetiderm; cetidura; cetil von ct; cetirigamma; cetirizin; cetirizin AL; cetirizin azu; cetirizin basics; cetirizina; cetirizine; cetirizine (product); cetirizine (substance); cetirizine dihydrochloride; cetirizine hydrochloride (substance); cetirizine hydrochloride preparation; cetirizine preparation; cetirizinum; cetirlan; cetryn; dermapharm brand of cetirizine dihydrochloride; dihydrochloride, cetirizine; formistin; glaxo wellcome brand of cetirizine dihydrochloride; hitrizin film tablet; humex; krewel brand of cetirizine dihydrochloride; lacer brand of cetirizine dihydrochloride; lichtenstein brand of cetirizine dihydrochloride; menarini brand of cetirizine dihydrochloride; merck dura brand of cetirizine dihydrochloride; pfizer brand of cetirizine dihydrochloride; reactine; rodleben brand of cetirizine; setir; tad brand of cetirizine dihydrochloride; ucb brand of cetirizine dihydrochloride; ucb pharma brand of cetirizine dihydrochloride; united drug brand of cetirizine dihydrochloride; virlix; voltric; wolff brand of cetirizine dihydrochloride; wörwag brand of cetirizine dihydrochloride; zetir; ziptek; zirtek; zyrlex; zyrtec; zyrtec syrup; zyrtec-D","83881-51-0, 774596-22-4, 1219803-84-5","OC(=O)COCCN1CCN(CC1)C(C1=CC=CC=C1)C1=CC=C(Cl)C=C1","C21H25ClN2O3",388.888,8,0.106252,1.00922,"Tertiary Amine",2678,"C1CN(CCN1CCOCC(=O)O)C(C2=CC=CC=C2)C3=CC=C(C=C3)Cl","83881-51-0",388.9,"(+/-)","+-",0.788,-0.21,"Tertiary Amine","Tertiary Amine","Pollutant","Non-antibiotic drug","Non-antibiotic drug","Pollutant",FALSE,TRUE,FALSE,FALSE,TRUE,TRUE,TRUE,FALSE,"No group","Zwitterion"
"Chlorantraniliprole","483.15","480.970793","C18H14BrCl2N5O2","true","42","28","0","4","3","3","2","0.11","2","4","0","88.91",0.17179348456158,"41.73","115.08","340.08","68.37","94.66","5.37","7.89","517.54","569.32","13.79","1.59","7.66","-6.77","Low","4.87","3.32","4.2","4.73","4.85","4.87","4.87","4.87","4.87",4.87,"4.87","4.87","4.87","4.87","4.86","4.81","4.44","16.34","3-bromo-N-[4-chloro-2-methyl-6-(methylcarbamoyl)phenyl]-1-(3-chloropyridin-2-yl)-1H-pyrazole-5-carboxamide","CNC(=O)C1=C(NC(=O)C2=CC(Br)=NN2C2=C(Cl)C=CC=N2)C(C)=CC(Cl)=C1","InChI=1S/C18H14BrCl2N5O2/c1-9-6-10(20)7-11(17(27)22-2)15(9)24-18(28)13-8-14(19)25-26(13)16-12(21)4-3-5-23-16/h3-8H,1-2H3,(H,22,27)(H,24,28)","PSOVNZZNOMJUBI-UHFFFAOYSA-N","chlorantraniliprole","chlorantraniliprole","500008-45-7","CNC(=O)C1=C(NC(=O)C2=CC(Br)=NN2C2=C(Cl)C=CC=N2)C(C)=CC(Cl)=C1","C18H14BrCl2N5O2",483.146,4,0.355054,1.40199,"No Amine",11271640,"CC1=CC(=CC(=C1NC(=O)C2=CC(=NN2C3=C(C=CC=N3)Cl)Br)C(=O)NC)Cl","500008-45-7",483.1,"(0)","0",1,0,"No Amine","No Amine","Pollutant","Pesticide","Pesticide","Pollutant",FALSE,FALSE,TRUE,FALSE,FALSE,FALSE,FALSE,TRUE,"No group","Neutral"
"Chloridazon-desphenyl","145.55","145.0042895","C4H4ClN3O","true","13","9","0","0","1","1","1","0.0","2","3","0","67.48",0.474943693693694,"12.21","34.38","105.96","22.84","43.34","3.87","4.15","142.08","224.6","8.7","-0.38","4.16","-1.02","High","-0.78","-0.93","-0.79","-0.78","-0.78","-0.78","-0.78","-0.78","-0.78",-0.808,"-0.85","-1.17","-1.58","-1.7","-1.72","-1.72","-1.72","11.01","5-amino-4-chloro-2,3-dihydropyridazin-3-one","NC1=C(Cl)C(=O)NN=C1","InChI=1S/C4H4ClN3O/c5-3-2(6)1-7-8-4(3)9/h1H,(H3,6,8,9)","FEWPCPCEGBPTAL-UHFFFAOYSA-N","5-amino-4-chloro-2H-pyridazin-3-one","N/A","6339-19-1","NC1=C(Cl)C(=O)NN=C1","C4H4ClN3O",145.547,0,0.00553091,0.0981024,"No Amine",95827,"C1=NNC(=O)C(=C1N)Cl","6339-19-1",145.55,"(0)","0",0.952,-0.05,"No Amine","No Amine","Pollutant","Pesticide metabolite","Pesticide metabolite","Pollutant",TRUE,TRUE,TRUE,FALSE,FALSE,FALSE,FALSE,TRUE,"No group","Neutral"
"Citalopram","324.399","324.163791467","C20H21FN2O","true","45","24","1","5","3","2","1","0.35","0","3","0","36.26",0.0726114904780023,"35.76","94.02","303.89","60.2","86.38","5.68","8.09","499.37","561.68",NA,"10.38",NA,"-3.85","Moderate","3.76","0.26","0.26","0.26","0.26","0.26","0.27","0.32","0.63",0.942,"1.41","2.37","3.23","3.67","3.75","3.76","3.76","10.02","1-[3-(dimethylamino)propyl]-1-(4-fluorophenyl)-1,3-dihydro-2-benzofuran-5-carbonitrile","CN(C)CCCC1(OCC2=C1C=CC(=C2)C#N)C1=CC=C(F)C=C1","InChI=1/C20H21FN2O/c1-23(2)11-3-10-20(17-5-7-18(21)8-6-17)19-9-4-15(13-22)12-16(19)14-24-20/h4-9,12H,3,10-11,14H2,1-2H3","WSEQXVZVJXJVFP-UHFFFAOYNA-N","citalopram","akarin; bonitrile; celapram; celius; ciazil; cilift; cimal; cipram; cipramil; ciprapine; citabax; citadur; citalec; citalopram; citalopram (product); citalopram (substance); citalopram preparation; citalopramum; citol; citopam; cytalopram; dalsan; elopram; escitalopram (product); escitalopram (substance); escitalopram preparation; humorup; nitalapram; oropram; pramcit; recital; seropram; talam; talohexal; temperax; vodelax; zentius; zetalo","59729-33-8","CN(C)CCCC1(OCC2=C1C=CC(=C2)C#N)C1=CC=C(F)C=C1","C20H21FN2O",324.392,5,0.184191,0.99305,"Tertiary Amine",2771,"CN(C)CCCC1(C2=C(CO1)C=C(C=C2)C#N)C3=CC=C(C=C3)F","59729-33-8",324.4,"(+1)","+",0.999,1,"Tertiary Amine","Tertiary Amine","Pollutant","Non-antibiotic drug","Non-antibiotic drug","Pollutant",FALSE,TRUE,TRUE,TRUE,FALSE,TRUE,FALSE,FALSE,"Group 3","cation"
"Clofibric acid","214.65","214.0396719","C10H11ClO3","true","25","14","0","3","1","1","0","0.3","1","3","0","46.53",0.154072847682119,"20.8","52.62","184.05","30.34","58.97","3.5","6.2","302.0","372.83","2.97",NA,NA,"-2.98","High","2.9","2.9","2.89","2.86","2.58","1.83","0.88","-0.01","-0.51",-0.554,"-0.62","-0.63","-0.63","-0.63","-0.63","-0.63","-0.63","8.0","2-(4-chlorophenoxy)-2-methylpropanoic acid","CC(C)(OC1=CC=C(Cl)C=C1)C(O)=O","InChI=1S/C10H11ClO3/c1-10(2,9(12)13)14-8-5-3-7(11)4-6-8/h3-6H,1-2H3,(H,12,13)","TXCGAZHTZHNUAI-UHFFFAOYSA-N","fibrates","4-cpib; PCIB; acide clofibrique; acido clofibrico; acidum chlorphibricum; acidum clofibricum; aluminum clofibrate [usan:ban:inn:jan]; chlorfibrinic acid; chlorofibrinic acid; chlorophibrinic acid; clofibrate free acid; clofibric acid; clofibrin; clofibrinic acid; clofibrinsaeure; fibrates; p-chlorophenoxyisobutyrate; p-chlorophenoxyisobutyric acid; pcpib; regadrin; regulipid; 氯贝酸","882-09-7","CC(C)(OC1=CC=C(Cl)C=C1)C(O)=O","C10H11ClO3",214.646,3,0.131235,0.721086,"No Amine",2797,"CC(C)(C(=O)O)OC1=CC=C(C=C1)Cl","882-09-7",214.64,"(-1)","-",1,-1,"No Amine","No Amine","Pollutant","Non-antibiotic drug metabolite","Non-antibiotic drug metabolite","Pollutant",TRUE,TRUE,TRUE,FALSE,TRUE,FALSE,FALSE,FALSE,"No group","Anion"
"Clothianidin","249.67","249.0087234","C6H8ClN5O2S","true","23","15","0","3","1","1","1","0.33","2","6","0","92.45",0.314487872912202,"20.84","55.53","184.64","32.4","61.68","3.67","6.64","293.97","427.35","14.63","0.44","7.53","-2.95","High","0.54","0.01","0.44","0.53","0.54","0.54","0.54","0.54","0.54",0.54,"0.54","0.54","0.54","0.54","0.54","0.53","0.46","16.71","(E)-N'-[(2-chloro-1,3-thiazol-5-yl)methyl]-N-methyl-N''-nitroguanidine","CN\C(NCC1=CN=C(Cl)S1)=N/[N+]([O-])=O","InChI=1S/C6H8ClN5O2S/c1-8-6(11-12(13)14)10-3-4-2-9-5(7)15-4/h2H,3H2,1H3,(H2,8,10,11)","PGOOBECODWQEAB-UHFFFAOYSA-N","clothianidin","(E)-clothianidin; clothianidin","210880-92-5, 205510-53-8","CN\C(NCC1=CN=C(Cl)S1)=N/[N+]([O-])=O","C6H8ClN5O2S",249.678,5,0.0711337,0.653102,"No Amine",86287519,"CN/C(=N\[N+](=O)[O-])/NCC1=CN=C(S1)Cl","210880-92-5",249.68,"(+/-)","+-",1,0,"No Amine","No Amine","Pollutant","Pesticide","Pesticide","Pollutant",FALSE,TRUE,TRUE,FALSE,TRUE,TRUE,TRUE,FALSE,"No group","Zwitterion"
"Cocaine","303.358","303.14705816","C17H21NO4","true","43","22","4","5","3","1","2","0.53","0","3","0","55.84",0.122164125226979,"32.17","81.16","282.54","52.06","83.67","5.42","7.12","457.09","483.19",NA,"8.95",NA,"-2.32","High","2.28","-1.22","-1.22","-1.22","-1.22","-1.2","-1.09","-0.56","0.34",0.72,"1.29","2.01","2.25","2.28","2.28","2.28","2.28","13.66","methyl (1R,2R,3S,5S)-3-(benzoyloxy)-8-methyl-8-azabicyclo[3.2.1]octane-2-carboxylate","COC(=O)[C@@H]1[C@H]2CC[C@@H](C[C@@H]1OC(=O)C1=CC=CC=C1)N2C","InChI=1S/C17H21NO4/c1-18-12-8-9-13(18)15(17(20)21-2)14(10-12)22-16(19)11-6-4-3-5-7-11/h3-7,12-15H,8-10H2,1-2H3/t12-,13-,14-,15+/m0/s1","ZPUCINDJVBIVPJ-LJISPDSOSA-N","cocaine","(-)-cocaine; Blow; Bump; C"" carrie; COC; Coca; Coke; Cola; D-pseudococaine; Dust; Flex; G-rock; Girl; Hell; Jam; L-cocain; L-cocaine; Lady; Leaf; Line; Rock; Toke; Toot; Yeyo; Zip; badrock; bazooka; benzoylethylecgonine; benzoylmethylecgonine; bernice; bernies; blast; blizzard; bouncing powder; burese; cabello; candy; carrie; caviar; cecil; charlie; chicken scratch; cholly; cocain; cocaina; cocaine; cocaine free base; cocaine-M; cocainum; cocktail; corine; dama blanca; delcaine; depsococaine; dextrocaine; eritroxilina; erytroxylin; flake; florida snow; foo foo; freeze; gold dust; goofball; green gold; happy dust; happy powder; happy trails; heaven; isocaine; isococain; isococaine; kibbles N' bits; kokain; kokan; kokayeen; l-cocaine; methyl benzoylecgonine; moonrocks; neurocaine; pimp's drug; prime time; sleighride; snort; star dust; star-spangled powder; sweet stuff; trails; β-cocain; 可卡因","50-36-2","COC(=O)[C@@H]1[C@H]2CC[C@@H](C[C@@H]1OC(=O)C1=CC=CC=C1)N2C","C17H21NO4",303.353,5,0.218889,1.20216,"Tertiary Amine",446220,"CN1[C@H]2CC[C@@H]1[C@H]([C@H](C2)OC(=O)C3=CC=CC=C3)C(=O)OC","50-36-2",303.35,"(+1)","+",0.972,0.97,"Tertiary Amine","Tertiary Amine","Pollutant","Non-antibiotic drug","Non-antibiotic drug","Pollutant",FALSE,TRUE,TRUE,TRUE,FALSE,TRUE,FALSE,FALSE,"Group 3","cation"
"Codeine","299.37","299.15214354","C18H21NO3","true","43","22","5","1","5","1","2","0.56","1","4","0","41.93",0.0986495388669302,"32.61","84.6","273.3","53.1","74.51","4.97","6.54","425.04","415.94","13.78","8.89","11.34","-1.83","High","1.34","-2.16","-2.16","-2.16","-2.16","-2.14","-2.01","-1.45","-0.54",-0.164,"0.4","1.09","1.31","1.34","1.34","1.28","0.92","13.23","(1S,5R,13R,14S,17R)-10-methoxy-4-methyl-12-oxa-4-azapentacyclo[9.6.1.0¹,¹³.0⁵,¹⁷.0⁷,¹⁸]octadeca-7(18),8,10,15-tetraen-14-ol","COC1=C2O[C@H]3[C@@H](O)C=C[C@H]4[C@H]5CC(C=C1)=C2[C@@]34CCN5C","InChI=1S/C18H21NO3/c1-19-8-7-18-11-4-5-13(20)17(18)22-16-14(21-2)6-3-10(15(16)18)9-12(11)19/h3-6,11-13,17,20H,7-9H2,1-2H3/t11-,12-,13-,17+,18+/m0/s1","OROGSEYTTFOCAN-DNJOTXNNSA-N","codeine","L-codeine; codein; codeina; codeine anhydrous; codicept; coducept; l-codeine; methylmorphine; morphine 3-methyl ether; morphine monomethyl ether; morphine-3-methyl ether; norcodeine, N-methyl; norcodine, N-methyl; 可待因","76-57-3","COC1=C2O[C@H]3[C@@H](O)C=C[C@H]4[C@H]5CC(C=C1)=C2[C@@]34CCN5C","C18H21NO3",299.364,1,0.235501,1.08699,"Tertiary Amine",5284371,"CN1CC[C@]23[C@@H]4[C@H]1CC5=C2C(=C(C=C5)OC)O[C@H]3[C@H](C=C4)O","76-57-3",299.4,"(+1)","+",0.969,0.97,"Tertiary Amine","Tertiary Amine","Pollutant","Non-antibiotic drug","Non-antibiotic drug","Pollutant",TRUE,TRUE,TRUE,TRUE,FALSE,TRUE,FALSE,FALSE,"Group 1","cation"
"Cotinine","176.219","176.094963014","C10H12N2O","true","25","13","1","1","2","1","2","0.4","0","2","0","33.2",0.121987066431511,"19.11","49.28","165.27","34.56","51.23","3.73","5.2","272.16","324.14",NA,"4.79",NA,"-0.54","High","0.21","-2.57","-1.65","-0.99","-0.75","-0.43","0.03","0.19","0.21",0.21,"0.21","0.21","0.21","0.21","0.21","0.21","0.21","12.86","(5S)-1-methyl-5-(pyridin-3-yl)pyrrolidin-2-one","CN1[C@@H](CCC1=O)C1=CN=CC=C1","InChI=1S/C10H12N2O/c1-12-9(4-5-10(12)13)8-3-2-6-11-7-8/h2-3,6-7,9H,4-5H2,1H3/t9-/m0/s1","UIKROCXWUNQSPJ-VIFPVBQESA-N","cotinine","cotinine; 可替宁","486-56-6","CN1[C@@H](CCC1=O)C1=CN=CC=C1","C10H12N2O",176.215,1,0.206384,0.814301,"No Amine",854019,"CN1[C@@H](CCC1=O)C2=CN=CC=C2","486-56-6",176.21,"(0)","0",0.998,0.0024,"No Amine","No Amine","Pollutant","Lifestyle product metabolite","Lifestyle product metabolite","Pollutant",FALSE,TRUE,TRUE,FALSE,FALSE,FALSE,FALSE,TRUE,"No group","Neutral"
"Cyantraniliprole","473.72","472.005014","C19H14BrClN6O2","true","43","29","0","4","3","3","2","0.11","2","5","0","112.7",0.217403885105808,"41.64","115.99","342.74","67.86","95.52","5.37","8.16","518.39","566.51","13.69","1.59","7.61","-6.33","Low","4.12","2.58","3.45","3.98","4.1","4.12","4.12","4.12","4.12",4.12,"4.12","4.12","4.12","4.12","4.11","4.04","3.62","16.65","3-bromo-1-(3-chloropyridin-2-yl)-N-[4-cyano-2-methyl-6-(methylcarbamoyl)phenyl]-1H-pyrazole-5-carboxamide","CNC(=O)C1=C(NC(=O)C2=CC(Br)=NN2C2=C(Cl)C=CC=N2)C(C)=CC(=C1)C#N","InChI=1S/C19H14BrClN6O2/c1-10-6-11(9-22)7-12(18(28)23-2)16(10)25-19(29)14-8-15(20)26-27(14)17-13(21)4-3-5-24-17/h3-8H,1-2H3,(H,23,28)(H,25,29)","DVBUIBGJRQBEDP-UHFFFAOYSA-N","cyantraniliprole","cyantraniliprole","736994-63-1","CNC(=O)C1=C(NC(=O)C2=CC(Br)=NN2C2=C(Cl)C=CC=N2)C(C)=CC(=C1)C#N","C19H14BrClN6O2",473.71,4,0.387115,1.2932,"No Amine",11578610,"CC1=CC(=CC(=C1NC(=O)C2=CC(=NN2C3=C(C=CC=N3)Cl)Br)C(=O)NC)C#N","736994-63-1",473.7,"(0)","0",1,0,"No Amine","No Amine","Pollutant","Pesticide","Pesticide","Pollutant",FALSE,FALSE,TRUE,FALSE,FALSE,FALSE,FALSE,TRUE,"No group","Neutral"
"Cyclohexanone","98.145","98.073164942","C6H10O","true","17","7","0","0","1","0","0","0.83","0","1","0","17.07",0.0931870291516541,"11.12","28.25","104.02","27.09","36.49","3.69","3.84","183.18","248.9",NA,NA,NA,"-0.79","High","1.49","1.49","1.49","1.49","1.49","1.49","1.49","1.49","1.49",1.49,"1.49","1.49","1.49","1.49","1.49","1.49","1.49","5.06","cyclohexanone","O=C1CCCCC1","InChI=1S/C6H10O/c7-6-4-2-1-3-5-6/h1-5H2","JHIVVAPYMSGYDF-UHFFFAOYSA-N","cyclohexanone","ANON; anon; anone; caswell no. 270; cicloesanone; cyclic ketone; cyclohexanon(dutch); cyclohexanone (substance); cyclohexanone homopolymer; cyclohexyl ketone; cykloheksanon; epa pesticide chemical code 025902; hytrol O; hytrol o; hytrolo; ketohexamethylene; nadone; pimelic ketone; pimelin ketone; rcra waste number U057; sextone","108-94-1, 9075-99-4","O=C1CCCCC1","C6H10O",98.143,0,0.300395,0.557672,"No Amine",7967,"C1CCC(=O)CC1","108-94-1",98.14,"(0)","0",1,0,"No Amine","No Amine","Pollutant","Industrial chemical","Industrial chemical","Pollutant",FALSE,FALSE,TRUE,FALSE,FALSE,FALSE,FALSE,TRUE,"No group","Neutral"
"Dicamba","221.03","219.9693995","C8H6Cl2O3","true","19","13","0","2","1","1","0","0.12","1","3","0","46.53",0.186291388077031,"19.13","49.39","164.01","32.28","60.81","4.71","4.86","249.77","353.36","2.34",NA,NA,"-3.07","High","2.68","2.68","2.66","2.52","1.94","1.02","0.08","-0.61","-0.82",-0.832,"-0.85","-0.85","-0.85","-0.85","-0.85","-0.85","-0.85","9.0","3,6-dichloro-2-methoxybenzoic acid","COC1=C(Cl)C=CC(Cl)=C1C(O)=O","InChI=1S/C8H6Cl2O3/c1-13-7-5(10)3-2-4(9)6(7)8(11)12/h2-3H,1H3,(H,11,12)","IWEDIXLBFLAXBO-UHFFFAOYSA-N","dicamba","dicamba","1918-00-9, 62610-39-3, 89300-29-8","COC1=C(Cl)C=CC(Cl)=C1C(O)=O","C8H6Cl2O3",221.037,2,0.11088,0.525773,"No Amine",3030,"COC1=C(C=CC(=C1C(=O)O)Cl)Cl","1918-00-9",221.03,"(-1)","-",1,-1,"No Amine","No Amine","Pollutant","Pesticide","Pesticide","Pollutant",TRUE,TRUE,TRUE,FALSE,TRUE,FALSE,FALSE,FALSE,"No group","Anion"
"Dichlobenil","172.01","170.9642545","C7H3Cl2N","true","13","10","0","0","1","1","0","0.0","0","1","0","23.79",0.128894186487512,"15.97","41.39","126.61","24.56","49.86","4.07","4.53","184.57","290.57",NA,NA,NA,"-3.21","High","3.04","3.04","3.04","3.04","3.04","3.04","3.04","3.04","3.04",3.04,"3.04","3.04","3.04","3.04","3.04","3.04","3.04","5.52","2,6-dichlorobenzonitrile","ClC1=CC=CC(Cl)=C1C#N","InChI=1S/C7H3Cl2N/c8-6-2-1-3-7(9)5(6)4-10/h1-3H","YOYAIZYFCNQIRF-UHFFFAOYSA-N","prefix D","C7H3cl2N; DBN; DU-sprex; casoron; casoron 133; casoron G-10; casoron G-4; casoron G20 SR; casoron W-50; casoron gsr; caswell no. 297; cyclomec; dbn (pesticide); dbn (the herbicide); decabane; dichlobanil; dichlobenil; dyclomec; epa pesticide chemical code 027401; niagara 5,996; norosac; prefix D; surfassol","1194-65-6, 104809-79-2","ClC1=CC=CC(Cl)=C1C#N","C7H3Cl2N",172.011,0,5.15356e-11,1.12709e-05,"No Amine",3031,"C1=CC(=C(C(=C1)Cl)C#N)Cl","1194-65-6",172.01,"(0)","0",1,0,"No Amine","No Amine","Pollutant","Pesticide","Pesticide","Pollutant",FALSE,TRUE,TRUE,FALSE,FALSE,FALSE,FALSE,TRUE,"No group","Neutral"
"Diclofenac","296.15","295.016684","C14H11Cl2NO2","true","30","19","0","4","2","2","0","0.07","2","3","0","49.33",0.136921283446209,"29.03","75.46","236.95","45.3","72.09","4.72","6.27","360.28","424.95","4.01","-1.08","1.47","-4.3","Moderate","4.26","4.22","4.25","4.25","4.22","3.96","3.23","2.27","1.38",1.172,"0.86","0.74","0.73","0.73","0.73","0.73","0.73","6.08","2-{2-[(2,6-dichlorophenyl)amino]phenyl}acetic acid","OC(=O)CC1=CC=CC=C1NC1=C(Cl)C=CC=C1Cl","InChI=1S/C14H11Cl2NO2/c15-10-5-3-6-11(16)14(10)17-12-7-2-1-4-9(12)8-13(18)19/h1-7,17H,8H2,(H,18,19)","DCOPUUMXTXDBNB-UHFFFAOYSA-N","diclofenac","C14H10Cl2KNO2; C14H10Cl2NNaO2; C14H10Cl2NO2.Na; DIC075V; ProSorb-D; allvoran; anthraxiton; apo-diclo; assaren; batafil; benfofen; blesin; delimon; delphimix; dichlofenac; dichlofenal; dichronic; diclo-phlogont; diclo-puren; diclobenin; diclofenac; diclofenac (substance); diclofenac acid; diclofenac potassium (product); diclofenac potassium (substance); diclofenac potassium preparation; diclofenac preparation; diclofenac product; diclofenac product (product); diclofenac sodium (product); diclofenac sodium (substance); diclofenac sodium preparation; diclofenac sodium product; diclofenac, sodium; diclofenaco; diclofenacum; diclonate P; diclophenac; diclophenac sodium; diclord; dicloreum; dicrofenac; dolobasan; duravolten; dyloject; ecofenac; effekton; feloran; kriplex; neriodin; novapirina; novo-difenac; novo-difenac SR; nu-diclo; orthofen; orthophen; ortofen; pennsaid; primofenac; prophenatin; rhumalgan; solaraze; solaraze T; tsudohmin; urigon; valetan; voldal; voltaren; voltaren SR; voltaren ophtha; voltaren ophthalmic; voltaren rapide; voltaren-XR; voltarene; voltarol; vonafec; vurdon; xenid","15307-86-5, 128402-48-2","OC(=O)CC1=CC=CC=C1NC1=C(Cl)C=CC=C1Cl","C14H11Cl2NO2",296.149,4,0.180519,0.887715,"No Amine",3033,"C1=CC=C(C(=C1)CC(=O)O)NC2=C(C=CC=C2Cl)Cl","15307-86-5",296.1,"(-1)","-",1,-1,"No Amine","No Amine","Pollutant","Non-antibiotic drug","Non-antibiotic drug","Pollutant",FALSE,TRUE,TRUE,FALSE,TRUE,FALSE,FALSE,FALSE,"No group","Anion"
"Diphenylamine","169.227","169.089149358","C12H11N","true","24","13","0","2","2","2","0","0.0","1","1","0","12.03",0.045795424264342,"21.14","54.54","164.18","29.53","63.21","3.9","5.92","262.69","368.6",NA,"0.78",NA,"-3.14","High","3.41","2.56","3.21","3.39","3.41","3.41","3.41","3.41","3.41",3.41,"3.41","3.41","3.41","3.41","3.41","3.41","3.41","4.03","N-phenylaniline","N(C1=CC=CC=C1)C1=CC=CC=C1","InChI=1S/C12H11N/c1-3-7-11(8-4-1)13-12-9-5-2-6-10-12/h1-10,13H","DMBHHRLKUKUOEG-UHFFFAOYSA-N","diphenylamine","N-fenylanilin; big dipper; caswell no. 398; deccoscald 282; difenylamin; diphenylamine (substance); diphenylamine, when used as a fragrance ingredient; epa pesticide chemical code 038501; naugalube 428L; no-scald; no-scald dpa 283; scaldip; shield dpa","122-39-4, 25656-57-9","N(C1=CC=CC=C1)C1=CC=CC=C1","C12H11N",169.222,2,0.0421368,0.49763,"No Amine",11487,"C1=CC=C(C=C1)NC2=CC=CC=C2","122-39-4",169.22,"(+1)","0",0,0,"No Amine","No Amine","Pollutant","Industrial chemical","Industrial chemical","Pollutant",FALSE,TRUE,TRUE,FALSE,FALSE,FALSE,FALSE,TRUE,"No group","Neutral"
"Diuron","233.09","232.0170184","C9H10Cl2N2O","true","24","14","0","1","1","1","0","0.22","1","1","0","32.34",0.109293680297398,"22.02","59.0","187.06","27.81","69.92","3.93","6.5","295.9","402.13","13.18",NA,NA,"-3.11","High","2.53","2.53","2.53","2.53","2.53","2.53","2.53","2.53","2.53",2.53,"2.53","2.53","2.53","2.53","2.51","2.33","1.78","12.49","1-(3,4-dichlorophenyl)-3,3-dimethylurea","CN(C)C(=O)NC1=CC(Cl)=C(Cl)C=C1","InChI=1S/C9H10Cl2N2O/c1-13(2)9(14)12-6-3-4-7(10)8(11)5-6/h3-5H,1-2H3,(H,12,14)","XMTQQYYKAHVGBJ-UHFFFAOYSA-N","dynex","DCMU; diuron; diuron (iso); dynex; marmer","330-54-1","CN(C)C(=O)NC1=CC(Cl)=C(Cl)C=C1","C9H10Cl2N2O",233.094,1,0.0364048,0.452275,"No Amine",3120,"CN(C)C(=O)NC1=CC(=C(C=C1)Cl)Cl","330-54-1",233.09,"(0)","0",1,0,"No Amine","No Amine","Pollutant","Pesticide","Pesticide","Pollutant",FALSE,TRUE,TRUE,FALSE,FALSE,FALSE,FALSE,TRUE,"No group","Neutral"
"Ethylenediaminetetraacetic acid","292.244","292.090665483","C10H16N2O8","true","36","20","0","11","0","0","0","0.6","4","10","0","155.68",0.37652977313404,"24.69","62.35","250.67","48.09","77.43","5.55","7.19","413.46","471.13","3.05","1.63","2.15","0.53","High","-1.88","-3.7","-2.7","-2.15","-2.32","-3.78","-6.83","-10.57","-13.89",-14.566,"-15.58","-15.95","-15.99","-16.0","-16.0","-16.0","-16.0","26.81","2-({2-[bis(carboxymethyl)amino]ethyl}(carboxymethyl)amino)acetic acid","OC(=O)CN(CCN(CC(O)=O)CC(O)=O)CC(O)=O","InChI=1S/C10H16N2O8/c13-7(14)3-11(4-8(15)16)1-2-12(5-9(17)18)6-10(19)20/h1-6H2,(H,13,14)(H,15,16)(H,17,18)(H,19,20)","KCXVZYZYPLLWCC-UHFFFAOYSA-N","edetic acid","(ethylenedinitrilo)tetraacetic acid; (ethylenedinitrilo)tetraacetic acid calcium disodium salt; C10H12caN2na2O8; CaEDTA; Calcium-EDTA; EDT; EDTA; H4edta; acid, edetic; acid, ethylenediaminetetraacetic; acid, ethylenedinitrilotetraacetic; acide edetique; acide ethylenediaminetetracetique; acido edetico; acidum edeticum; adsorbonac; antalin; antallin; calciedetate de sodium; calcioedetato sodico; calcitetracemate disodium; calcium disodium (ethylenedinitrilo)tetraacetate; calcium disodium chelate ethylenediaminetetraacetic acid; calcium disodium edathamil; calcium disodium edetate; calcium disodium edetate (jan); calcium disodium ethylendiaminetetraacetate; calcium disodium ethylenediamine tetraacetic acid; calcium disodium ethylenediaminetetraacetate; calcium disodium versenate (TN); calcium edetate; calcium edetate de sodium; calcium edta; calcium salt edetic acid; calcium sodium edta; calcium tetacine; calcium titriplex; caswell no. 438; ccris 946; celon A; celon ath; cheelox; cheelox BF acid; cheladrate; chelaton; chelaton 3; chelest 3A; chemcolox 340; chromium edta; chromium salt edetic acid; clewat taa; complexon II; copper edta; coprin; dicobalt edta; dinatrium calcium edeticum; dinitrilotetraacetate, disodium ethylene; dinitrilotetraacetate, ethylene; dipotassium salt edetic acid; disodium ((ethylenedinitrilo)tetraacetato)calciate; disodium calcitetracemate; disodium calcium edta; disodium calcium ethylenediaminetetraacetate; disodium calcium salt ethylene diamine tetraacetic acid; disodium cobalt edta; disodium edetate; disodium ethylene dinitrilotetraacetate; disodium monocalcium edta; disodium salt edetic acid; dissolvine E; distannous edta; edathamil; edathamil calcium disodium; edathamil disodium; edetamin; edetamine; edetate; edetate (product); edetate (substance); edetate calcium; edetate calcium disodium (anhydrous); edetate calcium disodium (product); edetate calcium disodium (substance); edetate calcium disodium (usp); edetate calcium disodium anhydrous; edetate calcium disodium preparation; edetate disodium (product); edetate disodium (substance); edetate disodium calcium; edetate disodium preparation; edetate preparation; edetate, calcium disodium; edetates; edetato sodico calcico; edetic acid; edetic acid calcium disodium salt; edetic acid, calcium salt; edetic acid, calcium, sodium salt; edetic acid, chromium salt; edetic acid, dipotassium salt; edetic acid, disodium salt; edetic acid, disodium salt, dihydrate; edetic acid, disodium, magnesium salt; edetic acid, disodium, monopotassium salt; edetic acid, magnesium salt; edetic acid, monopotassium salt; edetic acid, monosodium salt; edetic acid, potassium salt; edetic acid, sodium salt; edta; edta (chelating agent); edta acid; edta calcium; edta calcium disodium salt; edta disodium calcium salt; edta preparation; edta, chromium; edta, copper; edta, dicobalt; edta, disodium; edta, distannous; edta, gallium; edta, ion(4-); edta, magnesium disodium; edta, potassium; edta, stannous; edta,calcium; edta,calcium disodium; edta-calcium sodium; edtacal; endrate; epa pesticide chemical code 039101; erbium edetate; ethylene diamine tetraacetic acid, disodium calcium salt; ethylene dinitrilotetraacetate; ethylene dinitrilotetraacetate, disodium; ethylenediamine tetraacetic acid; ethylenediaminetetraacetate; ethylenediaminetetraacetic acid; ethylenediaminetetraacetic acid calcium disodium salt; ethylenediaminetetraacetic acid calcium disodium salt (1:1:2); ethylenediaminetetraacetic acid, calcium disodium chelate; ethylenediaminetetracetic acid calcium sodium salt (1:1:2); ethylenedinitrilotetraacetic acid; europium edetate; gadolinium edta; gallium edta; gluma cleanser; hamp-ene acid; havidote; holmium edetate; komplexon II; kyselina ethylendiamintetraoctova; lanthanum edetate; ledclair; lutetium edetate; magnesium salt edetic acid; metal chelating agent; metaquest A; monocalcium disodium edta; monopotassium salt edetic acid; monosodium salt edetic acid; mosatil; natrii calcii edetas; neodymium edetate; nervanaid B acid; nullapon B acid; nullapon BF acid; perma kleer 50 acid; potassium edta; potassium salt edetic acid; potassium/k edta; praseodymium edetate; quastal special; questex 4H; rikelate calcium; samarium edetate; sequestrene AA; sequestric acid; sequestrol; sodium (calciedetate de); sodium calciumedetate; sodium salt edetic acid; sormetal; stannous edta; tetacin; tetacin-calcium; tetacine, calcium; tetazine; tetracemate; tetrine acid; thulium edetate; titriplex; titriplex II; trilon BS; trilon BW; universne acid; versenate; versene; versene CA; versene acid; vinkeil 100; warkeelate acid","60-00-4, 470462-56-7, 139-33-3, 53632-26-1, 688-55-1, 124949-23-1","OC(=O)CN(CCN(CC(O)=O)CC(O)=O)CC(O)=O","C10H16N2O8",292.243,11,0.177241,0.82882,"Tertiary Amine",6049,"C(CN(CC(=O)O)CC(=O)O)N(CC(=O)O)CC(=O)O","60-00-4",292.24,"(-2)","--",0.737,-4,"Tertiary Amine","Tertiary Amine","Pollutant","Industrial chemical","Industrial chemical","Pollutant",TRUE,TRUE,FALSE,FALSE,TRUE,FALSE,FALSE,FALSE,"No group","Anion"
"Estradiol","272.388","272.177630013","C18H24O2","true","44","20","5","0","4","1","0","0.67","2","2","0","40.46",0.092672759339426,"31.31","79.9","269.86","39.98","84.87","4.27","7.29","436.59","395.1","10.33","-0.88","4.72","-3.99","Moderate","3.75","3.71","3.74","3.75","3.75","3.75","3.75","3.75","3.75",3.746,"3.74","3.73","3.58","3.0","2.16","1.63","1.5","3.79","(1S,3aS,3bR,9bS,11aS)-11a-methyl-1H,2H,3H,3aH,3bH,4H,5H,9bH,10H,11H,11aH-cyclopenta[a]phenanthrene-1,7-diol","C[C@]12CC[C@H]3[C@@H](CCC4=C3C=CC(O)=C4)[C@@H]1CC[C@@H]2O","InChI=1S/C18H24O2/c1-18-9-8-14-13-5-3-12(19)10-11(13)2-4-15(14)16(18)6-7-17(18)20/h3,5,10,14-17,19-20H,2,4,6-9H2,1H3/t14-,15-,16-,17-,18-/m1/s1","VOXZDWNPVJITMN-ZBRFXRBCSA-N","estradiol","17b-oestradiol; D-estradiol; D-oestradiol; Vivelle-DOT; cis-estradiol; cis-oestradiol; dihydrofollicular hormone; dihydrofolliculin; dihydroxyesterin; dihydroxyestrin; dihydroxyoestrin; estrace; estradiol; estradiol (medication); estradiol-17β; oestradiol; β-estradiol; 雌二醇","50-28-2, 17916-67-5","C[C@]12CC[C@H]3[C@@H](CCC4=C3C=CC(O)=C4)[C@@H]1CC[C@@H]2O","C18H24O2",272.382,0,0.123595,0.816587,"No Amine",5757,"C[C@]12CC[C@H]3[C@H]([C@@H]1CC[C@@H]2O)CCC4=C3C=CC(=C4)O","50-28-2",272.4,"(0)","0",0.999,-0.0012,"No Amine","No Amine","Pollutant","Non-antibiotic drug","Non-antibiotic drug","Pollutant",FALSE,TRUE,TRUE,FALSE,FALSE,FALSE,FALSE,TRUE,"No group","Neutral"
"Estriol","288.387","288.172544633","C18H24O3","true","45","21","6","0","4","1","0","0.67","3","3","0","60.69",0.136467889908257,"31.93","81.27","278.41","39.92","88.32","4.28","7.27","444.72","398.51","10.33",NA,NA,"-3.63","High","2.67","2.67","2.67","2.67","2.67","2.67","2.67","2.67","2.67",2.67,"2.67","2.65","2.5","1.92","1.08","0.46","-0.12","5.66","(1R,2R,3aS,3bR,9bS,11aS)-11a-methyl-1H,2H,3H,3aH,3bH,4H,5H,9bH,10H,11H,11aH-cyclopenta[a]phenanthrene-1,2,7-triol","C[C@]12CC[C@H]3[C@@H](CCC4=C3C=CC(O)=C4)[C@@H]1C[C@@H](O)[C@@H]2O","InChI=1S/C18H24O3/c1-18-7-6-13-12-5-3-11(19)8-10(12)2-4-14(13)15(18)9-16(20)17(18)21/h3,5,8,13-17,19-21H,2,4,6-7,9H2,1H3/t13-,14-,15-,16-,17-,18-/m1/s1","PROQIPRRNZUXQM-ZXXIGWHRSA-N","estriol","16-α,17-β-oestriol; 16-α-hydroxyestradiol; 16-α-hydroxyoestradiol; 16α,17β-oestriol; 16α-hydroxy-17β-estradiol; 16α-hydroxyestradiol; 16α-hydroxyoestradiol; 3,16α,17β-estriol; ESL; estratriol; estriel; estriol (medication); estriolo; oestriol; oestriolum; ovestrion; tridestrin; trihydroxyestrin; 雌三醇","50-27-1, 1306-04-3","C[C@]12CC[C@H]3[C@@H](CCC4=C3C=CC(O)=C4)[C@@H]1C[C@@H](O)[C@@H]2O","C18H24O3",288.381,0,0.0856361,0.694289,"No Amine",5756,"C[C@]12CC[C@H]3[C@H]([C@@H]1C[C@H]([C@@H]2O)O)CCC4=C3C=CC(=C4)O","50-27-1",288.4,"(0)","0",0.999,-0.0012,"No Amine","No Amine","Pollutant","Non-antibiotic drug","Non-antibiotic drug","Pollutant",FALSE,TRUE,TRUE,FALSE,FALSE,FALSE,FALSE,TRUE,"No group","Neutral"
"Ethylbenzene","106.168","106.078250322","C8H10","true","18","8","0","1","1","1","0","0.25","0","0","0","0.0",0,"14.01","35.7","115.87","25.04","42.53","3.36","4.72","198.54","305.63",NA,NA,NA,"-2.36","High","2.93","2.93","2.93","2.93","2.93","2.93","2.93","2.93","2.93",2.93,"2.93","2.93","2.93","2.93","2.93","2.93","2.93","2.62","ethylbenzene","CCC1=CC=CC=C1","InChI=1S/C8H10/c1-2-8-6-4-3-5-7-8/h3-7H,2H2,1H3","YNQLUTRBYVCPMQ-UHFFFAOYSA-N","ethylbenzene","aethylbenzol; ccris 916; ethylbenzeen; ethylbenzene (substance); ethylenzene; etilbenzene; etylobenzen; hsdb 84","100-41-4","CCC1=CC=CC=C1","C8H10",106.165,1,0.101114,0.508707,"No Amine",7500,"CCC1=CC=CC=C1","100-41-4",106.16,"(0)","0",1,0,"No Amine","No Amine","Pollutant","Industrial chemical","Industrial chemical","Pollutant",FALSE,TRUE,TRUE,FALSE,FALSE,FALSE,FALSE,TRUE,"No group","Neutral"
"Fipronil","437.14","435.9387063","C12H4Cl2F6N4OS","true","30","26","1","3","2","2","1","0.17","1","4","0","84.7",0.201748326703666,"30.8","83.66","278.97","45.27","87.0","4.58","7.35","419.83","502.55",NA,"0.18",NA,"-5.96","Low","4.49","4.09","4.43","4.48","4.49","4.49","4.49","4.49","4.49",4.49,"4.49","4.49","4.49","4.49","4.49","4.49","4.49","5.56","5-amino-1-[2,6-dichloro-4-(trifluoromethyl)phenyl]-4-trifluoromethanesulfinyl-1H-pyrazole-3-carbonitrile","NC1=C(C(=NN1C1=C(Cl)C=C(C=C1Cl)C(F)(F)F)C#N)S(=O)C(F)(F)F","InChI=1/C12H4Cl2F6N4OS/c13-5-1-4(11(15,16)17)2-6(14)8(5)24-10(22)9(7(3-21)23-24)26(25)12(18,19)20/h1-2H,22H2","ZOCSXAVNDGMNBV-UHFFFAOYNA-N","fipronil","C12H4cl2F6N4OS; fipronil; regent","120068-37-3","NC1=C(C(=NN1C1=C(Cl)C=C(C=C1Cl)C(F)(F)F)C#N)S(=O)C(F)(F)F","C12H4Cl2F6N4OS",437.148,4,0.0570796,0.678926,"No Amine",3352,"C1=C(C=C(C(=C1Cl)N2C(=C(C(=N2)C#N)S(=O)C(F)(F)F)N)Cl)C(F)(F)F","120068-37-3",437.1,"(0)","0",1,0,"No Amine","No Amine","Pollutant","Pesticide","Pesticide","Pollutant",FALSE,TRUE,TRUE,FALSE,FALSE,FALSE,FALSE,TRUE,"No group","Neutral"
"Fipronil sulfone","453.14","451.9336209","C12H4Cl2F6N4O2S","true","31","27","0","3","2","2","1","0.17","1","5","0","101.77",0.232123714161896,"31.49","83.14","287.38","48.66","87.73","4.97","7.5","438.43","511.18",NA,"-0.45",NA,"-5.97","Low","4.6","4.46","4.58","4.59","4.6","4.6","4.6","4.6","4.6",4.6,"4.6","4.6","4.6","4.6","4.6","4.6","4.6","5.7","5-amino-1-[2,6-dichloro-4-(trifluoromethyl)phenyl]-4-trifluoromethanesulfonyl-1H-pyrazole-3-carbonitrile","NC1=C(C(=NN1C1=C(Cl)C=C(C=C1Cl)C(F)(F)F)C#N)S(=O)(=O)C(F)(F)F","InChI=1S/C12H4Cl2F6N4O2S/c13-5-1-4(11(15,16)17)2-6(14)8(5)24-10(22)9(7(3-21)23-24)27(25,26)12(18,19)20/h1-2H,22H2","LGHZJDKSVUTELU-UHFFFAOYSA-N","fipronil sulfone","fipronil sulfone","120068-36-2","NC1=C(C(=NN1C1=C(Cl)C=C(C=C1Cl)C(F)(F)F)C#N)S(=O)(=O)C(F)(F)F","C12H4Cl2F6N4O2S",453.147,4,0.0836464,0.875303,"No Amine",3078139,"C1=C(C=C(C(=C1Cl)N2C(=C(C(=N2)C#N)S(=O)(=O)C(F)(F)F)N)Cl)C(F)(F)F","120068-36-2",453.1,"(0)","0",1,0,"No Amine","No Amine","Pollutant","Pesticide metabolite","Pesticide metabolite","Pollutant",FALSE,TRUE,TRUE,FALSE,FALSE,FALSE,FALSE,TRUE,"No group","Neutral"
"Flufenacet","363.33","363.066460497","C14H13F4N3O2S","true","37","24","0","6","2","2","1","0.36","0","4","0","55.32",0.122467955103938,"29.13","79.64","280.65","51.67","81.79","5.25","7.57","451.71","567.29","12.58",NA,NA,"-5.2","Low","3.22","3.22","3.22","3.22","3.22","3.22","3.22","3.22","3.22",3.22,"3.22","3.22","3.22","3.21","3.12","2.66","1.8","12.13","N-(4-fluorophenyl)-N-(propan-2-yl)-2-{[5-(trifluoromethyl)-1,3,4-thiadiazol-2-yl]oxy}acetamide","CC(C)N(C(=O)COC1=NN=C(S1)C(F)(F)F)C1=CC=C(F)C=C1","InChI=1S/C14H13F4N3O2S/c1-8(2)21(10-5-3-9(15)4-6-10)11(22)7-23-13-20-19-12(24-13)14(16,17)18/h3-6,8H,7H2,1-2H3","IANUJLZYFUDJIH-UHFFFAOYSA-N","flufenacet","flufenacet; fluthiamide","142459-58-3","CC(C)N(C(=O)COC1=NN=C(S1)C(F)(F)F)C1=CC=C(F)C=C1","C14H13F4N3O2S",363.331,6,0.0884772,0.887651,"No Amine",86429,"CC(C)N(C1=CC=C(C=C1)F)C(=O)COC2=NN=C(S2)C(F)(F)F","142459-58-3",363.33,"(0)","0",1,0,"No Amine","No Amine","Pollutant","Pesticide","Pesticide","Pollutant",FALSE,TRUE,FALSE,FALSE,FALSE,FALSE,FALSE,TRUE,"No group","Neutral"
"Fluoranthene","202.256","202.078250322","C16H10","true","26","16","0","0","4","3","0","0.0","0","0","0","0.0",0,"30.03","66.72","183.53","31.6","72.69","4.66","5.63","282.32","363.46",NA,NA,NA,"-6.54","Low","4.28","4.28","4.28","4.28","4.28","4.28","4.28","4.28","4.28",4.28,"4.28","4.28","4.28","4.28","4.28","4.28","4.28","1.51","fluoranthene","C1=CC=C2C(=C1)C1=CC=CC3=CC=CC2=C13","InChI=1S/C16H10/c1-2-8-13-12(7-1)14-9-3-5-11-6-4-10-15(13)16(11)14/h1-10H","GVEPBJHOBDJJJI-UHFFFAOYSA-N","fluoranthene","1,2-(1,8-naphthylene)-benzene; 1,2-(1,8-naphthylene)benzene; 1,2-benzacenaphthene; benzo(jk)fluorene; idryl; rcra waste number U120","206-44-0, 76774-50-0","C1=CC=C2C(=C1)C1=CC=CC3=CC=CC2=C13","C16H10",202.251,0,1.03511e-10,2.34696e-05,"No Amine",9154,"C1=CC=C2C(=C1)C3=CC=CC4=C3C2=CC=C4","206-44-0",202.25,"(0)","0",1,0,"No Amine","No Amine","Pollutant","Industrial chemical","Industrial chemical","Pollutant",FALSE,TRUE,TRUE,FALSE,FALSE,FALSE,FALSE,TRUE,"No group","Neutral"
"Fluoxetine","309.332","309.134048693","C17H18F3NO","true","40","22","1","7","2","2","0","0.29","1","2","0","21.26",0.0471857244318182,"30.44","80.37","274.37","42.96","81.31","4.67","7.49","450.56","556.68",NA,"9.4",NA,"-4.07","Moderate","4.17","0.93","0.93","0.93","0.93","0.93","0.96","1.16","1.83",2.202,"2.76","3.63","4.08","4.16","4.17","4.17","4.17","9.45","methyl({3-phenyl-3-[4-(trifluoromethyl)phenoxy]propyl})amine","CNCCC(OC1=CC=C(C=C1)C(F)(F)F)C1=CC=CC=C1","InChI=1/C17H18F3NO/c1-21-12-11-16(13-5-3-2-4-6-13)22-15-9-7-14(8-10-15)17(18,19)20/h2-10,16,21H,11-12H2,1H3","RTHCYVBBDHJXIQ-UHFFFAOYNA-N","fluoxetine","adofen; affectine; alzac 20; animex-on; ansilan; deprex; deproxin; erocap; eufor; fluctin; fluctine; fludac; flufran; flunil; fluox; fluox-puren; fluoxac; fluoxeren; fluoxetin; fluoxetina; fluoxetine; fluoxetine (product); fluoxetine (substance); fluoxetine preparation; fluoxetinum; fluoxil; flutin; flutine; fluval; fluxen; fluxil; fontex; foxetin; lorien; lovan; margrilan; modipran; neupax; nopres; nuzak; oxedep; pragmaten; prizma; proctin; prodep; prozac; prozac 20; prozac weekly; pulvules; reconcile; reneuron; rowexetina; sanzur; sarafem; sinzac; zactin; zepax; 氟西汀","54910-89-3, 57226-07-0","CNCCC(OC1=CC=C(C=C1)C(F)(F)F)C1=CC=CC=C1","C17H18F3NO",309.326,7,0.127686,0.938695,"Secondary Amine",3386,"CNCCC(C1=CC=CC=C1)OC2=CC=C(C=C2)C(F)(F)F","54910-89-3",309.33,"(+1)","+",0.99,0.99,"Secondary Amine","Secondary Amine","Pollutant","Non-antibiotic drug","Non-antibiotic drug","Pollutant",FALSE,TRUE,FALSE,FALSE,FALSE,TRUE,FALSE,FALSE,"No group","cation"
"Flupyradifurone","288.68","288.0477116","C12H11ClF2N2O2","true","30","19","0","5","2","1","2","0.33","0","3","0","42.43",0.121142041399001,"24.84","67.75","224.25","44.14","70.19","4.58","6.71","350.25","387.62",NA,"2.45",NA,"-3.68","Moderate","1.84","-0.67","0.37","1.26","1.73","1.83","1.84","1.84","1.84",1.84,"1.84","1.84","1.84","1.84","1.84","1.84","1.84","13.61","4-{[(6-chloropyridin-3-yl)methyl](2,2-difluoroethyl)amino}-2,5-dihydrofuran-2-one","FC(F)CN(CC1=CN=C(Cl)C=C1)C1=CC(=O)OC1","InChI=1S/C12H11ClF2N2O2/c13-10-2-1-8(4-16-10)5-17(6-11(14)15)9-3-12(18)19-7-9/h1-4,11H,5-7H2","QOIYTRGFOFZNKF-UHFFFAOYSA-N","flupyradifurone","flupyradifurone","951659-40-8","FC(F)CN(CC1=CN=C(Cl)C=C1)C1=CC(=O)OC1","C12H11ClF2N2O2",288.678,5,0.185939,0.928839,"No Amine",16752772,"C1C(=CC(=O)O1)N(CC2=CN=C(C=C2)Cl)CC(F)F","951659-40-8",288.68,"(0)","0",1,0,"No Amine","No Amine","Pollutant","Pesticide","Pesticide","Pollutant",FALSE,TRUE,TRUE,FALSE,FALSE,FALSE,FALSE,TRUE,"No group","Neutral"
"Gabapentin","171.24","171.125928791","C9H17NO2","true","29","12","0","3","1","0","0","0.89","2","3","0","63.32",0.211256797784673,"18.62","46.33","176.09","36.03","52.65","3.9","5.25","299.73","288.45","4.63","9.91","7.18","-1.13","High","-1.27","-2.04","-2.04","-2.04","-2.0","-1.76","-1.4","-1.29","-1.27",-1.274,"-1.28","-1.32","-1.59","-2.17","-2.48","-2.53","-2.54","12.33","2-[1-(aminomethyl)cyclohexyl]acetic acid","NCC1(CC(O)=O)CCCCC1","InChI=1S/C9H17NO2/c10-7-9(6-8(11)12)4-2-1-3-5-9/h1-7,10H2,(H,11,12)","UGJMXCAKCUNAIE-UHFFFAOYSA-N","gabapentin","aclonium; apo-gabapentin; apotex brand of gabapentin; aventis brand of gabapentin; gabapentin; gabapentin (product); gabapentin (substance); gabapentin GR; gabapentin hexal; gabapentin preparation; gabapentin stada; gabapentin-ratiopharm; gabapentine; gabapentine [inn-french]; gabapentino; gabapentino [inn-spanish]; gabapentinum; gabapetin; hexal brand of gabapentin; neurontin; novo-gabapentin; novo-gabapentine; novopharm brand of gabapentin; parke davis brand of gabapentin; pfizer brand of gabapentin; pharmascience brand of gabapentin; pms-gabapentin; ratiopharm brand of gabapentin; stadapharm brand of gabapentin; 加巴喷丁","60142-96-3, 1126623-20-8","NCC1(CC(O)=O)CCCCC1","C9H17NO2",171.237,3,0.350946,0.968233,"Primary Amine",3446,"C1CCC(CC1)(CC(=O)O)CN","60142-96-3",171.24,"(+/-)","+-",0.995,-0.002,"Primary Amine","Primary Amine","Pollutant","Non-antibiotic drug","Non-antibiotic drug","Pollutant",TRUE,FALSE,TRUE,FALSE,TRUE,TRUE,TRUE,FALSE,"Group 2","Zwitterion"
"Gliclazide","323.41","323.130362722","C15H21N3O3S","true","43","22","2","2","3","1","1","0.53","2","4","0","78.51",0.164539453002201,"33.3","83.88","285.83","46.39","85.56","4.72","7.99","477.15","507.21","5.37","0.52","2.93","-4.21","Moderate","1.73","1.1","1.61","1.72","1.73","1.72","1.6","1.18","0.86",0.836,"0.8","0.79","0.79","0.79","0.79","0.76","0.58","16.55","1-(4-methylbenzenesulfonyl)-3-{octahydrocyclopenta[c]pyrrol-2-yl}urea","CC1=CC=C(C=C1)S(=O)(=O)NC(=O)NN1CC2CCCC2C1","InChI=1/C15H21N3O3S/c1-11-5-7-14(8-6-11)22(20,21)17-15(19)16-18-9-12-3-2-4-13(12)10-18/h5-8,12-13H,2-4,9-10H2,1H3,(H2,16,17,19)","BOVGTQGAOIONJV-UHFFFAOYNA-N","gliclazide","alphapharm brand of gliclazide; diabrezide; diaglyk; diaikron; diamicron; diamicron MR; gen gliclazide; gen-gliclazide; generics brand of gliclazide; genpharm brand of gliclazide; gliclazida; gliclazide; gliclazide (product); gliclazide (substance); gliclazide servier brand; gliklazid; glimicron; glyade; glyclazide; glyclizide; helsinn brand of gliclazide; mylan-gliclazide; nordialex; novo gliclazide; novo-gliclazide; novopharm brand of gliclazide; pms-gliclazide; servier brand of gliclazide; 格列齐特","21187-98-4","CC1=CC=C(C=C1)S(=O)(=O)NC(=O)NN1CC2CCCC2C1","C15H21N3O3S",323.411,3,0.0797103,0.906538,"No Amine",3475,"CC1=CC=C(C=C1)S(=O)(=O)NC(=O)NN2CC3CCCC3C2","21187-98-4",323.4,"(-1)","-",0.919,-0.99,"No Amine","No Amine","Pollutant","Non-antibiotic drug","Non-antibiotic drug","Pollutant",FALSE,TRUE,TRUE,FALSE,TRUE,FALSE,FALSE,FALSE,"No group","Anion"
"Guanylurea","102.097","102.054160829","C2H6N4O","true","13","7","0","0","0","0","0","0.0","4","3","0","104.99",0.77908875037103,"8.77","33.98","85.79","18.1","36.49","3.02","4.36","134.76","234.25","11.48","9.97","11.81","0.02","High","-1.78","-4.05","-4.05","-4.05","-4.05","-4.05","-4.05","-4.04","-3.95",-3.762,"-3.48","-2.64","-1.93","-1.78","-2.14","-2.49","-2.57","23.48","carbamimidoylurea","NC(=N)NC(N)=O","InChI=1S/C2H6N4O/c3-1(4)6-2(5)7/h(H6,3,4,5,6,7)","SQSPRWMERUQXNE-UHFFFAOYSA-N","urea, (aminoiminomethyl)-","N/A","141-83-3","NC(=N)NC(N)=O","C2H6N4O",102.095,1,0.0146247,0.158025,"No Amine",8859,"C(=NC(=O)N)(N)N","141-83-3",102.1,"(+1)","+",0.996,1,"Carbamoylguanidine","Other","Pollutant","Non-antibiotic drug metabolite","Non-antibiotic drug metabolite","Pollutant",TRUE,TRUE,TRUE,TRUE,FALSE,TRUE,FALSE,FALSE,"Group 1","cation"
"Hydrocodone","299.37","299.15214354","C18H21NO3","true","43","22","4","1","5","1","2","0.61","0","4","0","38.77",0.0873532658900931,"32.38","82.74","274.37","54.08","75.7","4.96","6.39","443.83","426.27",NA,"8.87",NA,"-2.05","High","1.96","-1.54","-1.54","-1.54","-1.54","-1.52","-1.39","-0.82","0.1",0.476,"1.04","1.72","1.93","1.96","1.96","1.96","1.96","11.75","(1S,5R,13R,17R)-10-methoxy-4-methyl-12-oxa-4-azapentacyclo[9.6.1.0¹,¹³.0⁵,¹⁷.0⁷,¹⁸]octadeca-7(18),8,10-trien-14-one","COC1=C2O[C@H]3C(=O)CC[C@H]4[C@H]5CC(C=C1)=C2[C@@]34CCN5C","InChI=1S/C18H21NO3/c1-19-8-7-18-11-4-5-13(20)17(18)22-16-14(21-2)6-3-10(15(16)18)9-12(11)19/h3,6,11-12,17H,4-5,7-9H2,1-2H3/t11-,12-,17+,18+/m0/s1","LLPOLZWFYMWNKH-CMKMFDCUSA-N","hydrocodone","(-)-dihydrocodeinone; dihydrocodeinone; hidrocodona; hidrocodona [inn-spanish]; hydrocodon; hydrocodone; hydrocodonum; hydrocone; hydroconum; idrocodone","125-29-1, 50678-79-0","COC1=C2O[C@H]3C(=O)CC[C@H]4[C@H]5CC(C=C1)=C2[C@@]34CCN5C","C18H21NO3",299.364,1,0.252162,1.08318,"Tertiary Amine",5284569,"CN1CC[C@]23[C@@H]4[C@H]1CC5=C2C(=C(C=C5)OC)O[C@H]3C(=O)CC4","125-29-1",299.4,"(+1)","+",0.967,0.97,"Tertiary Amine","Tertiary Amine","Pollutant","Non-antibiotic drug","Non-antibiotic drug","Pollutant",FALSE,FALSE,TRUE,FALSE,FALSE,TRUE,FALSE,FALSE,"No group","cation"
"Ibuprofen","206.285","206.13067982","C13H18O2","true","33","15","1","4","1","1","0","0.46","1","2","0","37.3",0.104684123375712,"23.65","60.73","211.73","35.89","64.55","3.78","6.65","356.31","430.13","4.85",NA,NA,"-3.54","Moderate","3.84","3.84","3.84","3.84","3.84","3.79","3.46","2.67","1.71",1.366,"0.85","0.41","0.32","0.32","0.31","0.31","0.31","4.49","2-[4-(2-methylpropyl)phenyl]propanoic acid","CC(C)CC1=CC=C(C=C1)C(C)C(O)=O","InChI=1/C13H18O2/c1-9(2)8-11-4-6-12(7-5-11)10(3)13(14)15/h4-7,9-10H,8H2,1-3H3,(H,14,15)","HEFNNWSXXWATRW-UHFFFAOYNA-N","ibuprofen","(+-)-ibuprofen; (+-)-ibuprophen; (+-)-isomer ibuprofen; (R)-ibuprofen; (R)-isomer ibuprofen; (RS)-ibuprofen; (S)-ibuprofen; (S)-isomer ibuprofen; (r)-ibuprofen; (r)-isomer ibuprofen; (s)-ibuprofen; (s)-isomer ibuprofen; Anco; Cobo; Drin; I.V. solution, ibuprofen; Ibol; Ibu; Ibu-Slo; Ibu-Tab; Ifen; NeoProfen; Urem; aches-N-pain; act-3; actiprofen; adran; advil; advil liqui-gels; advil migraine liqui-gels; ak+C2278tren; alaxan; algofen; aluminum salt ibuprofen; amersol; amibufen; anafen; andran; anflagen; antagil; antalfene; antarene; antiflam; apo-ibuprofen; apsifen; apsifen-F; artofen; artril; artril 300; balkaprofen; betaprofen; bloom; bluton; brofen; brufanic; brufen; brufen 400; brufen retard; bruflam; brufort; buburone; bufeno; bufigen; bukrefen; bupron; buracaps; burana; butacortelone; butylenin; calcium salt ibuprofen; cap-profen; carol; cesra; children advil; children advil-flavored; children elixsure; children ibuprofen; children motrin; children's advil; children's advil-flavored; children's elixsure; children's ibuprofen; children's motrin; citalgan; codral; codral period pain; combiflam; copper (2+) salt ibuprofen; cunil; daiprophen; dalsy; dansida; deep relief; dentigoa; dexibuprofen (product); dexibuprofen (substance); dibufen; dignoflex; dolgin; dolgirid; dolgit; dolibu; dolmaral; dolo puren; dolo-dolgit; dolocyl; dolofen; dolofen-F; dolofin; dolofort; dologel; dolomax; doloren; dolormin; doltibil; dolven; donjust B; dorival; duafen; dularbuprofen; duobrus; dura-ibu; duralbuprofen; dysdolen; easifon; ebufac; emflam; emflam-200; epobron; eputex; ergix; esprenit; exneural; faspic; femadon; femafen; femapirin; femidol; fenbid; fenbid spansule; fendol; fenspan; fibraflex; gelufene; gofen; grefen; gynofug; haltran; hemagene tailleur; i.v. solution, ibuprofen; ibren; ibu-attritin; ibu-slo; ibu-slow; ibu-tab 200; ibubest; ibucasen; ibudol; ibudolor; ibufen; ibuflamar; ibufug; ibugel; ibugen; ibugesic; ibuhexal; ibulagic; ibular; ibulav; ibuleve; ibulgan; ibumed; ibumerck; ibumetin; ibupirac; ibuprin; ibuprocin; ibuprofen; ibuprofen (product); ibuprofen (substance); ibuprofen I.V. solution; ibuprofen i.v. solution; ibuprofen preparation; ibuprofen zinc; ibuprofen, (+-)-; ibuprofen, (+-)-isomer; ibuprofen, (R)-; ibuprofen, (R)-isomer; ibuprofen, (S)-; ibuprofen, (S)-isomer; ibuprofen, (r)-; ibuprofen, (r)-isomer; ibuprofen, (s)-; ibuprofen, (s)-isomer; ibuprofen, aluminum salt; ibuprofen, calcium salt; ibuprofen, copper (2+) salt; ibuprofen, magnesium salt; ibuprofen, potassium salt; ibuprofen, sodium salt; ibuprofen, zinc salt; ibuprofen-zinc; ibuprofene; ibuprofeno; ibuprofenum; ibuprohm; ibusal; ibutid; ibuβ; inabrin; inflam; inoven; ipren; irfen; isodol; jenaprofen; junifen; junior strength advil; junior strength ibuprofen; junior strength motrin; kesan; kontagripp mono; kratalgin; lamidon; lebrufen; librofem; lidifen; liptan; lopane; magnesium salt ibuprofen; malafene; manypren; medipren; melfen; mensoton; midol; midol 200; moment; motrin; motrin IB; motrin migraine pain; mynosedin; nagifen-D; napacetin; narfen; neo-helvagit; neo-mindol; neobrufen; nerofen; noalgil; nobafon; nobfelon; nobfen; nobgen; noritis; norton; novadol; novo dioxadol; novo-profen; novogent; novogent N; novoprofen; nuprilan; nuprin; nurofen; optifen; opturem; oralfene; ostarin; ostofen; ozonol; p-isobutyl-2-phenylpropionate; paduden; panafen; pantrop; paxofen; pedia-profen; pediaprofen; pediatric advil; perofen; potassium salt ibuprofen; proartinal; profen; proflex; propionic acid-ibuprofen; provon; quadrax; rafen; ranofen; rebugen; relcofen; rhinadvil; rofen; roidenin; rufen; rufin; rupan; sadefen; salivia; salprofen; salt ibuprofen, magnesium; salt ibuprofen, sodium; salt ibuprofen, zinc; schmerz-dolgit; seclodin; sednafen; seklodin; seskafen; siyafen; sodium salt ibuprofen; solpaflex; solufen; stelar; sugafen; suprafen; suspren; syntofene; tab-profen; tabalon; tabalon 400; tatanal; tempil; tofen; togal N; tonal; trauma dolgit gel; trauma-dolgit gel; traumadolgit gel; trendar; unipron; upfen; uprofen; zafen; zinc salt ibuprofen; zofen; 布洛芬","58560-75-1, 15687-27-1","CC(C)CC1=CC=C(C=C1)C(C)C(O)=O","C13H18O2",206.281,4,0.105594,0.925228,"No Amine",3672,"CC(C)CC1=CC=C(C=C1)C(C)C(=O)O","58560-75-1",206.28,"(-1)","-",0.997,-1,"No Amine","No Amine","Pollutant","Non-antibiotic drug","Non-antibiotic drug","Pollutant",FALSE,TRUE,TRUE,FALSE,TRUE,FALSE,FALSE,FALSE,"No group","Anion"
"Imidacloprid","255.66","255.0523023","C9H10ClN5O2","true","27","17","0","3","2","1","2","0.33","1","6","0","83.66",0.260728643999127,"23.06","62.54","199.15","38.87","64.97","4.22","6.49","320.87","398.54","14.94","-0.12","7.41","-2.78","High","0.53","0.28","0.5","0.53","0.53","0.53","0.53","0.53","0.53",0.53,"0.53","0.53","0.53","0.53","0.53","0.53","0.49","15.68","2-chloro-5-{[(2E)-2-(nitroimino)imidazolidin-1-yl]methyl}pyridine","[O-][N+](=O)\N=C1/NCCN1CC1=CN=C(Cl)C=C1","InChI=1S/C9H10ClN5O2/c10-8-2-1-7(5-12-8)6-14-4-3-11-9(14)13-15(16)17/h1-2,5H,3-4,6H2,(H,11,13)","YWTYJOPNNQFBPC-UHFFFAOYSA-N","C9H10clN5O2","(E)-imidacloprid","105827-78-9, 138261-41-3","[O-][N+](=O)\N=C1/NCCN1CC1=CN=C(Cl)C=C1","C9H10ClN5O2",255.661,3,0.153504,0.863855,"No Amine",86287518,"C1CN(/C(=N/[N+](=O)[O-])/N1)CC2=CN=C(C=C2)Cl","138261-41-3",255.66,"(+/-)","+-",1,0,"No Amine","No Amine","Pollutant","Pesticide","Pesticide","Pollutant",FALSE,TRUE,TRUE,FALSE,TRUE,TRUE,TRUE,FALSE,"No group","Zwitterion"
"Isoprocarb","193.246","193.110278727","C11H15NO2","true","29","14","0","3","1","1","0","0.36","1","1","0","38.33",0.118952301151352,"21.33","54.95","189.7","38.56","64.06","4.56","5.58","322.23","419.91","14.77",NA,NA,"-3.0","High","2.72","2.72","2.72","2.72","2.72","2.72","2.72","2.72","2.72",2.72,"2.72","2.72","2.72","2.72","2.71","2.71","2.66","7.06","2-(propan-2-yl)phenyl N-methylcarbamate","CNC(=O)OC1=CC=CC=C1C(C)C","InChI=1S/C11H15NO2/c1-8(2)9-6-4-5-7-10(9)14-11(13)12-3/h4-8H,1-3H3,(H,12,13)","QBSJMKIUCUGGNG-UHFFFAOYSA-N","isoprocarb","caswell no. 512B; epa pesticide chemical code 512300; etrofolan; hytox; isoprocarb; isoprocarbe; mipcin; mipcine; mipsin; ppc 3","2631-40-5","CNC(=O)OC1=CC=CC=C1C(C)C","C11H15NO2",193.242,3,0.139643,0.7654,"No Amine",17517,"CC(C)C1=CC=CC=C1OC(=O)NC","2631-40-5",193.24,"(0)","0",1,0,"No Amine","No Amine","Pollutant","Pesticide","Pesticide","Pollutant",FALSE,TRUE,TRUE,FALSE,FALSE,FALSE,FALSE,TRUE,"No group","Neutral"
"Ketamine","237.73","237.0920418","C13H16ClNO","true","32","16","1","2","2","1","0","0.46","1","2","0","29.1",0.0818910932883073,"25.95","65.55","218.9","46.03","60.54","4.29","5.18","355.35","370.21",NA,"7.29",NA,"-2.96","High","3.35","0.11","0.11","0.11","0.14","0.38","1.1","2.04","2.88",3.036,"3.27","3.34","3.35","3.35","3.35","3.35","3.35","9.88","2-(2-chlorophenyl)-2-(methylamino)cyclohexan-1-one","CNC1(CCCCC1=O)C1=CC=CC=C1Cl","InChI=1/C13H16ClNO/c1-15-13(9-5-4-8-12(13)16)10-6-2-3-7-11(10)14/h2-3,6-7,15H,4-5,8-9H2,1H3","YQEZLKZALYSWHR-UHFFFAOYNA-N","ketamine","(+-)-ketamine; DL-ketamine; calipsol; calypsol; cetamina; clsta 20; dl-ketamine; kalipsol; ketalar base; ketamine; ketamine (product); ketamine (substance); ketamine hydrochloride (product); ketamine hydrochloride (substance); ketamine hydrochloride preparation; ketamine preparation; ketaminum; ketaset; ketaset (product); ketolar; special K; special K [street name]","6740-88-1, 100477-72-3","CNC1(CCCCC1=O)C1=CC=CC=C1Cl","C13H16ClNO",237.725,2,0.181387,0.806407,"Secondary Amine",3821,"CNC1(CCCCC1=O)C2=CC=CC=C2Cl","6740-88-1",237.72,"(0)","0",0.561,0.44,"Secondary Amine","Secondary Amine","Pollutant","Non-antibiotic drug","Non-antibiotic drug","Pollutant",FALSE,TRUE,TRUE,TRUE,FALSE,FALSE,FALSE,TRUE,"Group 3","Neutral"
"Lamotrigine","256.09","255.0078506","C9H7Cl2N5","true","23","16","0","1","2","2","1","0.0","2","5","0","90.71",0.323052815271199,"24.7","66.62","189.57","32.67","66.32","3.94","6.19","280.79","371.38","14.98","5.89","10.93","-4.43","Low","1.93","-1.03","-0.96","-0.91","-0.66","0.07","0.99","1.68","1.89",1.902,"1.92","1.93","1.93","1.93","1.93","1.92","1.89","6.88","6-(2,3-dichlorophenyl)-1,2,4-triazine-3,5-diamine","NC1=NC(N)=C(N=N1)C1=C(Cl)C(Cl)=CC=C1","InChI=1S/C9H7Cl2N5/c10-5-3-1-2-4(6(5)11)7-8(12)14-9(13)16-15-7/h1-3H,(H4,12,13,14,16)","PYZRQGJRPPTADH-UHFFFAOYSA-N","lamotrigine","C9H7cl2N5; LTG; crisomet; desitin brand of lamotrigine; faes brand of lamotrigine; glaxo wellcome brand of lamotrigine; glaxosmithkline brand of lamotrigine; juste brand of lamotrigine; labileno; lamictal; lamictal CD; lamictal XR; lamictal cd; lamictin; lamiktal; lamitor; lamotrigin; lamotrigina; lamotrigine; lamotrigine (product); lamotrigine (substance); lamotrigine preparation; lamotriginum; tocris-1611; 拉莫三嗪","84057-84-1","NC1=NC(N)=C(N=N1)C1=C(Cl)C(Cl)=CC=C1","C9H7Cl2N5",256.091,1,0.0912326,0.699717,"No Amine",3878,"C1=CC(=C(C(=C1)Cl)Cl)C2=C(N=C(N=N2)N)N","84057-84-1",256.09,"(0)","0",0.997,0.23,"No Amine","No Amine","Pollutant","Non-antibiotic drug","Non-antibiotic drug","Pollutant",FALSE,TRUE,TRUE,FALSE,FALSE,FALSE,FALSE,TRUE,"No group","Neutral"
"Lidocaine","234.343","234.173213336","C14H22N2O","true","39","17","0","5","1","1","0","0.5","1","2","0","32.34",0.0759137109457525,"27.64","73.93","244.83","46.65","75.17","4.62","6.75","426.01","503.98","13.78","7.75","10.77","-2.64","High","2.84","-0.66","-0.66","-0.66","-0.63","-0.47","0.16","1.09","2.02",2.272,"2.65","2.82","2.84","2.84","2.84","2.78","2.45","16.27","2-(diethylamino)-N-(2,6-dimethylphenyl)acetamide","CCN(CC)CC(=O)NC1=C(C)C=CC=C1C","InChI=1S/C14H22N2O/c1-5-16(6-2)10-13(17)15-14-11(3)8-7-9-12(14)4/h7-9H,5-6,10H2,1-4H3,(H,15,17)","NNJVILVZKWQKPM-UHFFFAOYSA-N","lidocaine","L-caine; dilocaine; lidocaine; lidocaine (inn); lidoderm; xylocaine 5% spinal","137-58-6, 91484-71-8","CCN(CC)CC(=O)NC1=C(C)C=CC=C1C","C14H22N2O",234.337,5,0.0769449,0.65335,"Tertiary Amine",3676,"CCN(CC)CC(=O)NC1=C(C=CC=C1C)C","137-58-6",234.34,"(+1)","+",0.693,0.69,"Tertiary Amine","Tertiary Amine","Pollutant","Non-antibiotic drug","Non-antibiotic drug","Pollutant",FALSE,TRUE,TRUE,TRUE,FALSE,TRUE,FALSE,FALSE,"Group 3","cation"
"Linalool","154.253","154.1357652","C10H18O","true","29","11","1","4","0","0","0","0.6","1","1","0","20.23",0.0690302327168498,"19.31","50.21","174.96","31.26","58.01","3.56","5.98","293.06","378.23",NA,"-1.29",NA,"-2.1","High","2.65","2.63","2.65","2.65","2.65","2.65","2.65","2.65","2.65",2.65,"2.65","2.65","2.65","2.65","2.65","2.65","2.65","5.14","3,7-dimethylocta-1,6-dien-3-ol","CC(C)=CCCC(C)(O)C=C","InChI=1/C10H18O/c1-5-10(4,11)8-6-7-9(2)3/h5,7,11H,1,6,8H2,2-4H3","CDOSHBSSFJOMGT-UHFFFAOYNA-N","linalool, (+-)-","(+-)-isomer linalool; (R)-isomer linalool; (S)-isomer linalool; (r)-isomer linalool; (s)-isomer linalool; caswell no. 526A; epa pesticide chemical code 128838; fema number 2635; linalol (substance); linalool (natural); linalool, (+-)-isomer; linalool, (R)-isomer; linalool, (S)-isomer; linalool, (r)-isomer; linalool, (s)-isomer; linalool, titanium (4+) salt; p-linalool; titanium (4+) salt linalool; β-linalool","78-70-6, 22564-99-4","CC(C)=CCCC(C)(O)C=C","C10H18O",154.249,4,0.132339,0.84075,"No Amine",6549,"CC(=CCCC(C)(C=C)O)C","78-70-6",154.25,"(0)","0",1,0,"No Amine","No Amine","Pollutant","Industrial chemical","Industrial chemical","Pollutant",FALSE,TRUE,TRUE,FALSE,FALSE,FALSE,FALSE,TRUE,"No group","Neutral"
"Sotalol","272.36","272.119463686","C12H20N2O3S","true","38","18","1","5","1","1","0","0.5","3","4","0","78.43",0.181651843616824,"28.81","71.12","252.47","41.04","79.26","4.05","7.96","431.76","526.32","8.75","9.64","9.17","-1.33","High","-0.84","-3.19","-3.19","-3.19","-3.19","-3.19","-3.17","-2.98","-2.34",-1.984,"-1.45","-0.84","-0.81","-0.88","-0.9","-0.93","-1.15","19.14","N-(4-{1-hydroxy-2-[(propan-2-yl)amino]ethyl}phenyl)methanesulfonamide","CC(C)NCC(O)C1=CC=C(NS(C)(=O)=O)C=C1","InChI=1/C12H20N2O3S/c1-9(2)13-8-12(15)10-4-6-11(7-5-10)14-18(3,16)17/h4-7,9,12-15H,8H2,1-3H3","ZBMZVLHSJCTVON-UHFFFAOYNA-N","sotalol","darob; knoll pharmaceutical brand of sotalol; sorine; sotalol; sotalol (product); sotalol (substance); sotalol preparation; sotalolum; β-cardone","3930-20-9","CC(C)NCC(O)C1=CC=C(NS(C)(=O)=O)C=C1","C12H20N2O3S",272.364,6,0.0904374,0.884068,"Secondary Amine",5253,"CC(C)NCC(C1=CC=C(C=C1)NS(=O)(=O)C)O","3930-20-9",272.37,"(+1)","+",0.9573,0.95,"Secondary Amine","Secondary Amine","Pollutant","Non-antibiotic drug","Non-antibiotic drug","Pollutant",TRUE,TRUE,FALSE,FALSE,FALSE,TRUE,FALSE,FALSE,"Group 2","cation"
"Melamine","126.123","126.065394217","C3H6N6","true","15","9","0","0","1","1","1","0.0","3","6","0","116.73",0.735446068548387,"11.18","36.46","102.24","23.0","43.64","4.0","4.38","158.72","265.65",NA,"9.56","12.62","-1.69","High","-0.59","-4.09","-3.94","-3.38","-2.77","-2.58","-2.56","-2.54","-2.46",-2.284,"-2.02","-1.24","-0.73","-0.61","-0.6","-0.6","-0.6","11.7","1,3,5-triazine-2,4,6-triamine","NC1=NC(N)=NC(N)=N1","InChI=1S/C3H6N6/c4-1-7-2(5)9-3(6)8-1/h(H6,4,5,6,7,8,9)","JDSHMPZPIAZGSV-UHFFFAOYSA-N","melamine","Aero; adk stab ZS 27; ccris 373; cyanuramide; cyanuric triamide; hicophor PR; isomelamine; mark ZS 27; melamine bis(oxymethyl)phosphonic acid salt; melaminium citrate; pluragard; pluragard C 133; s-triazinetriamine; spinflam ML 94M; sym-triaminotriazine; teoharn; theoharn; yukamelamine","108-78-1, 5432-64-4","NC1=NC(N)=NC(N)=N1","C3H6N6",126.12,0,0.00859272,0.144753,"No Amine",7955,"C1(=NC(=NC(=N1)N)N)N","108-78-1",126.12,"(0)","0",1,0.99,"No Amine","No Amine","Pollutant","Industrial chemical","Industrial chemical","Pollutant",TRUE,TRUE,TRUE,FALSE,FALSE,FALSE,FALSE,TRUE,"No group","Neutral"
"Metaflumizone","506.408","506.117744749","C24H16F6N4O2","false","52","36","0","8","3","3","0","0.12","2","4","0","86.51",0.14241266914694,"42.93","116.0","393.76","70.37","128.32","7.33","9.02","607.46","666.4","11.17","-1.58","4.8","-7.54","Low","6.86","6.85","6.86","6.86","6.86","6.86","6.86","6.86","6.86",6.86,"6.86","6.86","6.84","6.67","6.22","5.96","5.91","10.27","1-[(E)-[2-(4-cyanophenyl)-1-[3-(trifluoromethyl)phenyl]ethylidene]amino]-3-[4-(trifluoromethoxy)phenyl]urea","FC(F)(F)OC1=CC=C(NC(=O)N\N=C(/CC2=CC=C(C=C2)C#N)C2=CC(=CC=C2)C(F)(F)F)C=C1","InChI=1S/C24H16F6N4O2/c25-23(26,27)18-3-1-2-17(13-18)21(12-15-4-6-16(14-31)7-5-15)33-34-22(35)32-19-8-10-20(11-9-19)36-24(28,29)30/h1-11,13H,12H2,(H2,32,34,35)/b33-21+","MIFOMMKAVSCNKQ-QNKGDIEWSA-N","metaflumizone","N/A","139968-49-3, 852403-68-0","FC(F)(F)OC1=CC=C(NC(=O)N\N=C(/CC2=CC=C(C=C2)C#N)C2=CC(=CC=C2)C(F)(F)F)C=C1","C24H16F6N4O2",506.4,8,0.078751,1.04419,"No Amine",11614934,"C1=CC(=CC(=C1)C(F)(F)F)/C(=N/NC(=O)NC2=CC=C(C=C2)OC(F)(F)F)/CC3=CC=C(C=C3)C#N","139968-49-3",506.4,"(0)","0",1,-2e-04,"No Amine","No Amine","Pollutant","Pesticide","Pesticide","Pollutant",FALSE,TRUE,FALSE,FALSE,FALSE,FALSE,FALSE,TRUE,"No group","Neutral"
"Metazachlor","277.75","277.0981898","C14H16ClN3O","true","35","19","0","4","2","2","1","0.29","0","2","0","38.13",0.0946882217090069,"28.81","86.67","245.93","50.91","71.94","5.39","5.6","402.69","438.36",NA,"2.34",NA,"-3.04","High","2.98","0.72","1.63","2.47","2.89","2.97","2.98","2.98","2.98",2.98,"2.98","2.98","2.98","2.98","2.98","2.98","2.98","11.11","2-chloro-N-(2,6-dimethylphenyl)-N-[(1H-pyrazol-1-yl)methyl]acetamide","CC1=CC=CC(C)=C1N(CN1C=CC=N1)C(=O)CCl","InChI=1S/C14H16ClN3O/c1-11-5-3-6-12(2)14(11)18(13(19)9-15)10-17-8-4-7-16-17/h3-8H,9-10H2,1-2H3","STEPQTYSZVCJPV-UHFFFAOYSA-N","metazachlor","C14H16clN3O; butisan S; metazachlor; metazachlore","67129-08-2","CC1=CC=CC(C)=C1N(CN1C=CC=N1)C(=O)CCl","C14H16ClN3O",277.749,4,0.570893,1.3198,"No Amine",49384,"CC1=C(C(=CC=C1)C)N(CN2C=CC=N2)C(=O)CCl","67129-08-2",277.75,"(0)","0",1,0,"No Amine","No Amine","Pollutant","Pesticide","Pesticide","Pollutant",FALSE,FALSE,TRUE,FALSE,FALSE,FALSE,FALSE,TRUE,"No group","Neutral"
"Metazachlor ESA","323.37","323.093977213","C14H17N3O4S","true","39","22","0","5","2","2","1","0.29","1","5","0","92.5",0.20037692524316,"31.68","92.26","276.41","53.11","76.23","4.79","6.37","461.63","527.51","-0.98","2.34","0.68","-2.02","High","0.37","0.35","0.37","0.25","-0.22","-0.63","-0.73","-0.74","-0.74",-0.74,"-0.74","-0.74","-0.74","-0.74","-0.75","-0.83","-1.26","13.82","[(2,6-dimethylphenyl)[(1H-pyrazol-1-yl)methyl]carbamoyl]methanesulfonic acid","CC1=CC=CC(C)=C1N(CN1C=CC=N1)C(=O)CS(O)(=O)=O","InChI=1S/C14H17N3O4S/c1-11-5-3-6-12(2)14(11)17(10-16-8-4-7-15-16)13(18)9-22(19,20)21/h3-8H,9-10H2,1-2H3,(H,19,20,21)","IPVCSECPEVHQOV-UHFFFAOYSA-N","metazachlor esa","metazachlor esa","172960-62-2","CC1=CC=CC(C)=C1N(CN1C=CC=N1)C(=O)CS(O)(=O)=O","C14H17N3O4S",323.367,5,0.379861,1.22432,"No Amine",86290102,"CC1=C(C(=CC=C1)C)N(CN2C=CC=N2)C(=O)CS(=O)(=O)O","172960-62-2",323.37,"(-1)","-",1,-1,"No Amine","No Amine","Pollutant","Pesticide metabolite","Pesticide metabolite","Pollutant",TRUE,FALSE,TRUE,FALSE,TRUE,FALSE,FALSE,FALSE,"No group","Anion"
"Metformin","129.167","129.101445374","C4H11N5","true","20","9","0","0","0","0","0","0.5","4","5","0","88.99",0.432032236139431,"13.0","56.64","123.64","23.76","45.21","3.42","4.92","205.98","278.34",NA,"12.33","13.84","-0.19","High","-0.92","-5.75","-5.75","-5.75","-5.75","-5.75","-5.75","-5.74","-5.69",-5.562,"-5.37","-4.55","-3.44","-2.3","-1.41","-1.0","-0.93","22.91","1-carbamimidamido-N,N-dimethylmethanimidamide","CN(C)C(=N)NC(N)=N","InChI=1S/C4H11N5/c1-9(2)4(7)8-3(5)6/h1-2H3,(H5,5,6,7,8)","XZWYZXLIPXDOLR-UHFFFAOYSA-N","metformin","C4H12ClN5; DMGG; N,N-dimethyldiguanide; NNDG; apo-metformin; benofomin; biocos; dabex; denkaform; dextin; diabefagos; diaberit; diabesin; diabetex; diabetmin; diabetosan; diabex; diaformin; diamin; diaphage; diformin; diformin retard; dimethylbiguanidine; dimethyldiguanide; dimethylguanylguanidine; fluamine; flumamine; fornidd; fortamet; geamet; gen-metformin; glibomet; glifage; gliguanid; glucofago; glucoform; glucoliz; glucomet; glucomine; gluconil; glucophage; glucophage 850; glucophage XR; glucophage forte; glucophage retard; glucophage-mite; gluformin; glumetza; glupermin; glyciphage; glycon; glycoran; glyformin; haurymelin; islotin; islotin retard; meglucon; meguan; melbin; mescorit; metbay; metforal; metformin; metformin (product); metformin (substance); metformin preparation; metformina; metformine; metforminum; metiguanide; metolmin; metomin; mylan-metformin; novo-metformin; nu-metformin; pms-metformin; ran-metformin; ratio-metformin; riomet; risidon; sandoz metformin; siamformet; siofor; teva-metformin; thiabet; walaphage; 二甲双胍","657-24-9","CN(C)C(=N)NC(N)=N","C4H11N5",129.164,3,0.121685,0.614672,"No Amine",4091,"CN(C)C(=N)N=C(N)N","657-24-9",129.16,"(+2)","++",0.999,2,"Biguanide","Other","Pollutant","Non-antibiotic drug","Non-antibiotic drug","Pollutant",TRUE,TRUE,TRUE,TRUE,FALSE,TRUE,FALSE,FALSE,"Group 1","cation"
"Methylamine","31.058","31.042199165","CH5N","true","7","2","0","0","0","0","0","1.0","1","1","0","26.02",0.342368421052632,"4.11","9.92","40.16","12.16","16.93","2.25","2.66","76.0","194.05",NA,"10.08",NA,"1.02","High","-0.63","-3.66","-3.66","-3.66","-3.66","-3.66","-3.65","-3.62","-3.38",-3.092,"-2.66","-1.74","-0.97","-0.67","-0.63","-0.63","-0.63","17.55","methanamine","CN","InChI=1S/CH5N/c1-2/h2H2,1H3","BAVYZALUXZFZLV-UHFFFAOYSA-N","methylamine","13C-labeled methylamine; 13c-labeled methylamine; 14C-labeled methylamine; 14c-labeled methylamine; 15N-labeled methylamine; 15n-labeled methylamine; MeNH2; NMA; NME; anhydrous methylamine; cesium salt methylamine; mercurialin; methylamine (substance); methylamine anhydrous; methylamine aqueous solution; methylamine bisulfite; methylamine hydrogen cyanide; methylamine ion (1-); methylamine solution; methylamine solutions; methylamine, 13C-labeled; methylamine, 13c-labeled; methylamine, 14C-labeled; methylamine, 14c-labeled; methylamine, 15N-labeled; methylamine, 15n-labeled; methylamine, cesium salt; methylamine, in aqueous solution; methylaminen; metilamine; metyloamina; monopotassium salt methylamine; monosodium salt methylamine","74-89-5, 3767-37-1","CN","CH5N",31.0571,0,0.232044,0.342991,"Primary Amine",6329,"CN","74-89-5",31.057,"(+1)","+",0.998,1,"Primary Amine","Primary Amine","Pollutant","Industrial chemical","Industrial chemical","Pollutant",TRUE,TRUE,TRUE,TRUE,FALSE,TRUE,FALSE,FALSE,"Group 1","cation"
"Methylchlorophenoxypropionic acid","214.65","214.0396719","C10H11ClO3","true","25","14","1","4","1","1","0","0.3","1","3","0","46.53",0.155994367708194,"20.77","52.81","184.2","33.17","61.63","4.13","5.56","298.28","369.44","2.92",NA,NA,"-3.14","High","3.31","3.31","3.31","3.26","2.97","2.2","1.25","0.37","-0.11",-0.146,"-0.2","-0.22","-0.22","-0.22","-0.22","-0.22","-0.22","7.55","2-chloro-2-phenoxybutanoic acid","CCC(Cl)(OC1=CC=CC=C1)C(O)=O","InChI=1/C10H11ClO3/c1-2-10(11,9(12)13)14-8-6-4-3-5-7-8/h3-7H,2H2,1H3,(H,12,13)","FNQXFLGLLXHONX-UHFFFAOYNA-N","2-chloro-2-phenoxybutanoic acid","N/A","N/A","CCC(Cl)(OC1=CC=CC=C1)C(O)=O","C10H11ClO3",214.646,4,0.195731,0.976644,"No Amine",22722247,"CCC(C(=O)O)(OC1=CC=CC=C1)Cl",NA,214.64,"(-1)","-",1,-1,"No Amine","No Amine","Pollutant","Pesticide","Pesticide","Pollutant",TRUE,TRUE,TRUE,FALSE,TRUE,FALSE,FALSE,FALSE,"No group","Anion"
"Modafinil","273.35","273.082349901","C15H15NO2S","true","34","19","0","4","2","2","0","0.07","2","2","0","63.32",0.171757174632453,"30.57","76.82","243.76","48.51","74.2","5.37","6.24","368.66","417.63","10.18","0.11","5.14","-3.87","Moderate","3.26","2.91","3.21","3.26","3.26","3.26","3.26","3.26","3.26",3.26,"3.26","3.24","3.04","2.39","1.54","1.02","0.9","11.88","2-[(diphenylmethyl)(hydroxy)-λ⁴-sulfanylidene]acetamide","NC(=O)C=S(O)C(C1=CC=CC=C1)C1=CC=CC=C1","InChI=1S/C15H15NO2S/c16-14(17)11-19(18)15(12-7-3-1-4-8-12)13-9-5-2-6-10-13/h1-11,15,18H,(H2,16,17)","RSEQQJVSDRWJEL-UHFFFAOYSA-N","2-[(diphenylmethyl)(hydroxy)-λ⁴-sulfanylidene]acetamide","N/A","N/A","NC(=O)C=S(O)C(C1=CC=CC=C1)C1=CC=CC=C1","C15H15NO2S",273.35,4,0.228912,1.14348,"No Amine",4236,"C1=CC=C(C=C1)C(C2=CC=CC=C2)S(=O)CC(=O)N","68693-11-8",273.4,"(-1)","-",0.991,-0.0017,"No Amine","No Amine","Pollutant","Non-antibiotic drug","Non-antibiotic drug","Pollutant",FALSE,TRUE,TRUE,FALSE,TRUE,FALSE,FALSE,FALSE,"No group","Anion"
"Morphine","285.343","285.136493476","C17H19NO3","true","40","21","5","0","5","1","2","0.53","2","4","0","52.93",0.136266508766058,"30.7","80.12","255.58","47.08","70.08","4.71","5.83","388.43","362.43","9.53","8.65","8.98","-1.41","High","0.72","-2.3","-2.3","-2.3","-2.3","-2.29","-2.15","-1.6","-0.69",-0.326,"0.22","0.72","0.37","-0.41","-0.89","-1.06","-1.42","13.71","(1S,5R,13R,14S,17R)-4-methyl-12-oxa-4-azapentacyclo[9.6.1.0¹,¹³.0⁵,¹⁷.0⁷,¹⁸]octadeca-7(18),8,10,15-tetraene-10,14-diol","CN1CC[C@]23[C@H]4OC5=C(O)C=CC(C[C@@H]1[C@@H]2C=C[C@@H]4O)=C35","InChI=1S/C17H19NO3/c1-18-7-6-17-10-3-5-13(20)16(17)21-15-12(19)4-2-9(14(15)17)8-11(10)18/h2-5,10-11,13,16,19-20H,6-8H2,1H3/t10-,11-,13-,16+,17+/m0/s1","BQJCRHHNABKAKU-KBQPJGBKSA-N","morphine","D-(-)-morphine; M.O.S; MS/L; MS/S; MSIR; depodur; dulcontin; duromorph; epimorph; meconium; morfina; morphia; morphina; morphinism; morphinum; morphitec; morphium; moscontin; nepenthe; oms concentrate; ospalivina; rescudose; rms uniserts; roxanol; roxanol 100; roxanol UD; statex drops","57-27-2","CN1CC[C@]23[C@H]4OC5=C(O)C=CC(C[C@@H]1[C@@H]2C=C[C@@H]4O)=C35","C17H19NO3",285.338,0,0.328519,1.08398,"Tertiary Amine",5288826,"CN1CC[C@]23[C@@H]4[C@H]1CC5=C2C(=C(C=C5)O)O[C@H]3[C@H](C=C4)O","57-27-2",285.34,"(+1)","+",0.993,0.94,"Tertiary Amine","Tertiary Amine","Pollutant","Non-antibiotic drug","Non-antibiotic drug","Pollutant",TRUE,FALSE,TRUE,FALSE,FALSE,TRUE,FALSE,FALSE,"Group 2","cation"
"N,N,N',N'-Tetraacetylethylenediamine","228.248","228.111007003","C10H16N2O4","true","32","16","0","3","0","0","0","0.6","0","4","0","74.76",0.205899363794101,"21.83","55.89","215.49","44.63","68.52","4.5","5.39","363.09","392.58",NA,"-0.38",NA,"-0.83","High","-1.81","-1.97","-1.83","-1.81","-1.81","-1.81","-1.81","-1.81","-1.81",-1.81,"-1.81","-1.81","-1.81","-1.81","-1.81","-1.81","-1.81","19.66","N-acetyl-N-[2-(N-acetylacetamido)ethyl]acetamide","CC(=O)N(CCN(C(C)=O)C(C)=O)C(C)=O","InChI=1S/C10H16N2O4/c1-7(13)11(8(2)14)5-6-12(9(3)15)10(4)16/h5-6H2,1-4H3","BGRWYDHXPHLNKA-UHFFFAOYSA-N","TAED","TAED; tetraacetylethylenediamine","10543-57-4","CC(=O)N(CCN(C(C)=O)C(C)=O)C(C)=O","C10H16N2O4",228.245,3,0.273876,1.01503,"No Amine",66347,"CC(=O)N(CCN(C(=O)C)C(=O)C)C(=O)C","10543-57-4",228.24,"(0)","0",1,0,"No Amine","No Amine","Pollutant","Industrial chemical","Industrial chemical","Pollutant",TRUE,FALSE,TRUE,FALSE,FALSE,FALSE,FALSE,TRUE,"No group","Neutral"
"N,N-diethyl-m-toluamide","191.274","191.131014171","C12H17NO","true","31","14","0","3","1","1","0","0.42","0","1","0","20.31",0.0592283689597854,"22.29","59.47","198.31","41.22","57.93","4.4","5.55","342.91","435.69",NA,"0.43",NA,"-2.86","High","2.5","1.93","2.39","2.49","2.5","2.5","2.5","2.5","2.5",2.5,"2.5","2.5","2.5","2.5","2.5","2.5","2.5","10.34","N,N-diethyl-3-methylbenzamide","CCN(CC)C(=O)C1=CC=CC(C)=C1","InChI=1S/C12H17NO/c1-4-13(5-2)12(14)11-8-6-7-10(3)9-11/h6-9H,4-5H2,1-3H3","MMOXZBCLCQITDF-UHFFFAOYSA-N","DETA","2,5-di-me-analog deet; DEET; DETA; Deet; M-det; MGK; N,N diethyltoluamide; N,N-diethyltoluamide; Repper-DET; amincene C 140; amincene C-EM; autan; bepper det; caswell no. 346; deet; deet, 2,5-di-me-analog; delphene; det (insect repellant); deta-20; detamide; dieltamid; diethyl toluamide; diethyl-m-toluamide; diethyltoluamide; diethyltoluamide (substance); diethyltoluamidum; dietiltoluamida; epa pesticide chemical code 080301; flypel; m-delphene; m-deta; metadelphene; mgk diethyltoluamide; muscol; n,n diethyltoluamide; n,n-diethyltoluamide; naugatuck det; repel; repper det; repudin-special; 二乙甲苯酚胺","134-62-3","CCN(CC)C(=O)C1=CC=CC(C)=C1","C12H17NO",191.269,3,0.116511,0.749716,"No Amine",4284,"CCN(CC)C(=O)C1=CC=CC(=C1)C","134-62-3",191.27,"(0)","0",1,0,"No Amine","No Amine","Pollutant","Pesticide","Pesticide","Pollutant",FALSE,TRUE,TRUE,FALSE,FALSE,FALSE,FALSE,TRUE,"No group","Neutral"
"N,N-Dimethylaniline","121.183","121.089149358","C8H11N","true","20","9","0","1","1","1","0","0.25","0","1","0","3.24",0.014575554455891,"15.19","40.49","128.58","24.59","48.57","3.47","4.67","222.29","330.14",NA,"5.02",NA,"-1.21","High","2.08","-0.98","-0.94","-0.66","0.09","1.02","1.77","2.04","2.08",2.08,"2.08","2.08","2.08","2.08","2.08","2.08","2.08","6.32","N,N-dimethylaniline","CN(C)C1=CC=CC=C1","InChI=1S/C8H11N/c1-9(2)8-6-4-3-5-7-8/h3-7H,1-2H3","JLTDJTHDQAWBAV-UHFFFAOYSA-N","dimethylaniline","N,N-(dimethylamino)benzene; dwumetyloanilina; versneller NL 63/10","121-69-7, 86362-18-7, 101357-19-1","CN(C)C1=CC=CC=C1","C8H11N",121.18,1,0.0351471,0.241619,"No Amine",949,"CN(C)C1=CC=CC=C1","121-69-7",121.18,"(0)","0",0.996,0.0042,"No Amine","No Amine","Pollutant","Industrial chemical","Industrial chemical","Pollutant",FALSE,TRUE,TRUE,FALSE,FALSE,FALSE,FALSE,TRUE,"No group","Neutral"
"Naproxen","230.263","230.094294311","C14H14O3","true","31","17","1","3","2","2","0","0.21","1","3","0","46.53",0.135371814267427,"26.39","64.85","213.08","34.56","71.16","3.93","7.19","343.72","452.5","4.24",NA,NA,"-3.45","High","2.99","2.99","2.99","2.98","2.96","2.79","2.16","1.22","0.29",0.038,"-0.34","-0.52","-0.54","-0.54","-0.54","-0.54","-0.54","6.76","(2S)-2-(6-methoxynaphthalen-2-yl)propanoic acid","COC1=CC=C2C=C(C=CC2=C1)[C@H](C)C(O)=O","InChI=1S/C14H14O3/c1-9(14(15)16)10-3-4-12-8-13(17-2)6-5-11(12)7-10/h3-9H,1-2H3,(H,15,16)/t9-/m0/s1","CMWTZPSULFXXJA-VIFPVBQESA-N","naproxen","(+)-(S)-naproxen; (+)-naproxen; (S)-(+)-naproxen; (S)-naproxen; Anax; Axer; Duk; MNPA; U-ritis; acusprain; anexopen; apo-napro-NA; apo-naproxen; apronax; artagen; arthrisil; artrixen; artroxen; atiflan; bipronyl; calosen; clinosyn; congex; d-naproxen; danaprox; daprox; dysmenalgit N; flanax forte; flexen; flexipen; fuxen; genoxen; headlon; lefaine; leniartil; methoxypropiocin; nafasol; nalyxan; napflam; napmel; naposin; napratec; napren E; naprontag; naprosin; naprosyn lle; naprosyn lle forte; naproxen; naproxen (product); naproxen (substance); naproxen preparation; naproxene; naproxeno; naproxenum; naproxi 250; naproxi 500; napxen; narma; narocin; naxen F; naxid; naxopren; naxyn 250; naxyn 500; noflam; novonaprox; patxen; prafena; priaxen; pronaxen; proxen LE; proxen lle; rahsen; rheumaflex; roxen; saritilron; sinartrin; sinton; soproxen; sutolin; sutony; synflex; tohexen; traumox; velsay; vinsen","22204-53-1, 131991-52-1","COC1=CC=C2C=C(C=CC2=C1)[C@H](C)C(O)=O","C14H14O3",230.259,3,0.0632338,0.525335,"No Amine",156391,"C[C@@H](C1=CC2=C(C=C1)C=C(C=C2)OC)C(=O)O","22204-53-1",230.26,"(-1)","-",0.999,-1,"No Amine","No Amine","Pollutant","Non-antibiotic drug","Non-antibiotic drug","Pollutant",FALSE,TRUE,TRUE,FALSE,TRUE,FALSE,FALSE,FALSE,"No group","Anion"
"Nitrobenzene","123.111","123.032028405","C6H5NO2","true","14","9","0","1","1","1","0","0.0","0","2","0","43.14",0.248059341038468,"12.2","32.38","104.98","19.2","42.86","3.4","4.36","173.91","290.67",NA,NA,NA,"-2.08","High","1.91","1.91","1.91","1.91","1.91","1.91","1.91","1.91","1.91",1.91,"1.91","1.91","1.91","1.91","1.91","1.91","1.91","7.42","nitrobenzene","[O-][N+](=O)C1=CC=CC=C1","InChI=1S/C6H5NO2/c8-7(9)6-4-2-1-3-5-6/h1-5H","LQNUZADURLCDLV-UHFFFAOYSA-N","nitrobenzene","oil of mirbane","98-95-3","[O-][N+](=O)C1=CC=CC=C1","C6H5NO2",123.109,1,1.64535e-10,2.14206e-05,"No Amine",7416,"C1=CC=C(C=C1)[N+](=O)[O-]","98-95-3",123.11,"(0)","0",1,0,"No Amine","No Amine","Pollutant","Industrial chemical","Industrial chemical","Pollutant",FALSE,TRUE,TRUE,FALSE,FALSE,FALSE,FALSE,TRUE,"No group","Neutral"
"Acetaminophen sulfate","231.22","231.020143568","C8H9NO5S","true","24","15","0","3","1","1","0","0.12","2","4","0","92.7",0.307340362044957,"20.67","52.89","183.19","30.27","65.56","3.59","6.72","301.62","419.02","-2.16",NA,NA,"-1.56","High","0.43","-1.53","-1.88","-1.94","-1.94","-1.94","-1.94","-1.94","-1.94",-1.94,"-1.94","-1.94","-1.94","-1.94","-1.95","-1.95","-2.03","18.31","(4-acetamidophenyl)oxidanesulfonic acid","CC(=O)NC1=CC=C(OS(O)(=O)=O)C=C1","InChI=1S/C8H9NO5S/c1-6(10)9-7-2-4-8(5-3-7)14-15(11,12)13/h2-5H,1H3,(H,9,10)(H,11,12,13)","IGTYILLPRJOVFY-UHFFFAOYSA-N","acetaminophen sulfate","N-acetyl-4-aminophenol sulfate; acetaminophen sulfate; acetaminophen sulfate ester; acetaminophen sulfate ester, monopotassium salt; monopotassium salt acetaminophen sulfate ester; n-acetyl-4-aminophenol sulfate; paracetamol sulfate","10066-90-7","CC(=O)NC1=CC=C(OS(O)(=O)=O)C=C1","C8H9NO5S",231.226,3,0.0198948,0.286988,"No Amine",83939,"CC(=O)NC1=CC=C(C=C1)OS(=O)(=O)O","10066-90-7",231.23,"(-1)","-",1,-1,"No Amine","No Amine","Pollutant","Non-antibiotic drug metabolite","Non-antibiotic drug metabolite","Pollutant",TRUE,TRUE,TRUE,FALSE,TRUE,FALSE,FALSE,FALSE,"No group","Anion"
"p-Benzoquinone","108.096","108.021129369","C6H4O2","true","12","8","0","0","1","0","0","0.0","0","2","0","34.14",0.281381356630677,"10.73","31.03","91.07","19.3","37.23","3.29","4.15","121.33","198.0",NA,NA,NA,"-1.71","High","1.02","1.02","1.02","1.02","1.02","1.02","1.02","1.02","1.02",1.02,"1.02","1.02","1.02","1.02","1.02","1.02","1.02","8.35","cyclohexa-2,5-diene-1,4-dione","O=C1C=CC(=O)C=C1","InChI=1S/C6H4O2/c7-5-1-2-6(8)4-3-5/h1-4H","AZQWKYJCGOJGHM-UHFFFAOYSA-N","1,4-benzoquinone","1,4-benzochinon; 1,4-cyclohexadiene dioxide; 1,4-cyclohexadienedione; 1,4-diossibenzene; benzo-1,4-quinone; benzo-chinon; caswell no. 719C; ccris 933; chinone; cyclohexadiene-1,4-dione; cyclohexadienedione; epa pesticide chemical code 059805; p-chinon; quinone1,4-benzoquinone; rcra waste number U197; semiquinone anion; semiquinone radicals; steara pbq","106-51-4, 3225-29-4","O=C1C=CC(=O)C=C1","C6H4O2",108.095,0,2.87967e-10,2.38256e-05,"No Amine",4650,"C1=CC(=O)C=CC1=O","106-51-4",108.09,"(0)","0",1,0,"No Amine","No Amine","Pollutant","Industrial chemical","Industrial chemical","Pollutant",FALSE,TRUE,TRUE,FALSE,FALSE,FALSE,FALSE,TRUE,"No group","Neutral"
"Propyzamide","256.13","255.0217694","C12H11Cl2NO","true","27","16","0","2","1","1","0","0.25","1","1","0","29.1",0.0885817783324709,"25.04","66.28","213.32","40.48","73.29","4.54","6.32","328.51","425.58","14.21","0.11","7.16","-4.66","Low","3.18","2.82","3.13","3.18","3.18","3.18","3.18","3.18","3.18",3.18,"3.18","3.18","3.18","3.18","3.18","3.16","3.0","9.88","3,5-dichloro-N-(2-methylbut-3-yn-2-yl)benzamide","CC(C)(NC(=O)C1=CC(Cl)=CC(Cl)=C1)C#C","InChI=1S/C12H11Cl2NO/c1-4-12(2,3)15-11(16)8-5-9(13)7-10(14)6-8/h1,5-7H,2-3H3,(H,15,16)","PHNUZKMIPFFYSO-UHFFFAOYSA-N","propyzamide","N/A","23950-58-5","CC(C)(NC(=O)C1=CC(Cl)=CC(Cl)=C1)C#C","C12H11Cl2NO",256.128,2,0.115341,0.719759,"No Amine",32154,"CC(C)(C#C)NC(=O)C1=CC(=CC(=C1)Cl)Cl","23950-58-5",256.12,"(0)","0",1,0,"No Amine","No Amine","Pollutant","Pesticide","Pesticide","Pollutant",FALSE,TRUE,TRUE,FALSE,FALSE,FALSE,FALSE,TRUE,"No group","Neutral"
"Ranitidine","350.86","350.1179395","C13H23ClN4O3S","true","45","22","0","10","1","1","1","0.54","2","5","0","83.58",0.17220562480684,"32.32","94.15","286.17","53.72","89.7","5.33","8.36","485.35","640.94",NA,"8.3",NA,"-2.87","High","0.99","-3.11","-2.62","-2.52","-2.5","-2.45","-2.1","-1.28","-0.32",0.0160000000000001,"0.52","0.91","0.98","0.99","0.99","0.99","0.99","34.15","dimethyl[(5-{[(2-{[(1E)-1-(methylamino)-2-nitroethenyl]amino}ethyl)sulfanyl]methyl}furan-2-yl)methyl]amine hydrochloride","Cl.CN\C(NCCSCC1=CC=C(CN(C)C)O1)=C/[N+]([O-])=O","InChI=1S/C13H22N4O3S.ClH/c1-14-13(9-17(18)19)15-6-7-21-10-12-5-4-11(20-12)8-16(2)3;/h4-5,9,14-15H,6-8,10H2,1-3H3;1H/b13-9+;","GGWBHVILAJZWKJ-KJEVSKRMSA-N","ranitidine hydrochloride","N/A","66357-59-3, 71130-06-8","Cl.CN\C(NCCSCC1=CC=C(CN(C)C)O1)=C/[N+]([O-])=O","C13H23ClN4O3S",350.865,10,0.108946,1.0728,"Tertiary Amine",3001055,"CN/C(=C\[N+](=O)[O-])/NCCSCC1=CC=C(O1)CN(C)C","66357-35-5",314.41,"(+1)","+",0.887,0.89,"Tertiary Amine","Tertiary Amine","Pollutant","Non-antibiotic drug","Non-antibiotic drug","Pollutant",FALSE,TRUE,FALSE,FALSE,FALSE,TRUE,FALSE,FALSE,"No group","cation"
"Salicylic acid","138.122","138.031694053","C7H6O3","true","16","10","0","1","1","1","0","0.0","2","3","0","57.53",0.315665294924554,"13.3","35.3","118.27","24.29","47.0","3.74","4.71","182.25","283.96","2.79",NA,NA,"-1.07","High","1.98","1.98","1.97","1.91","1.56","0.74","-0.22","-1.06","-1.47",-1.498,"-1.54","-1.55","-1.55","-1.55","-1.58","-1.75","-2.37","9.88","2-hydroxybenzoic acid","OC(=O)C1=CC=CC=C1O","InChI=1S/C7H6O3/c8-6-4-2-1-3-5(6)7(9)10/h1-4,8H,(H,9,10)","YGSDEFSMJLZEOE-UHFFFAOYSA-N","salicyclic acid","2 hydroxybenzoic acid; O-carboxyphenol; O-hydroxybenzoic acid; P&S shampoo; SAX; acid, 2-hydroxybenzoic; acid, o-hydroxybenzoic; acid, ortho-hydroxybenzoic; acid, salicylic; acido o-idrossibenzoico; acido salicilico; acidum salicylicum; advanced pain relief callus removers; advanced pain relief corn removers; akurza cream; akurza lotion; benzoic acid, 2-hydroxy- (10); caswell no. 731; clear away wart remover; dhs sal shampoo; dr. scholl callus removers; dr. scholl corn removers; dr. scholl wart remover kit; dr. scholl's callus removers; dr. scholl's corn removers; dr. scholl's wart remover kit; duofil wart remover; duoplant; duoplant gel; epa pesticide chemical code 076602; freezone; hydrisalic gel; ionil; ionil plus; keralyt; kyselina 2-hydroxybenzoova; kyselina salicylova; medical uses of salicylic acid; mediplast pads; o hydroxybenzoic acid; propa ph peel-off acne mask; psoriacid-S-stift; psoriacid-s-stift; retarder W; retarder sax; rutranex; sa - salicylic acid; salex cream; salex lotion; salicylic; salicylic acid (product); salicylic acid (substance); salicylic acid collodion; salicylic acid preparation; salicylic acid product; salicylic acid soap; salicylic acid, tech.; salicylic preparation; saligel; salonil; stri-dex; tech. salicylic acid; trans-ver-sal; verrugon","69-72-7, 29656-58-4","OC(=O)C1=CC=CC=C1O","C7H6O3",138.121,1,1.88022e-10,2.4197e-05,"No Amine",338,"C1=CC=C(C(=C1)C(=O)O)O","69-72-7",138.12,"(-1)","-",1,-1,"No Amine","No Amine","Pollutant","Personal care product","Personal care product","Pollutant",TRUE,TRUE,TRUE,FALSE,TRUE,FALSE,FALSE,FALSE,"No group","Anion"
"Schradan","286.253","286.132364645","C8H24N4O3P2","true","41","17","0","6","0","0","0","1.0","0","2","0","56.33",0.118429904970145,"27.42","70.84","263.44","53.17","65.58","4.5","5.43","475.64","441.44",NA,NA,NA,"1.75","High","-1.95","-1.95","-1.95","-1.95","-1.95","-1.95","-1.95","-1.95","-1.95",-1.95,"-1.95","-1.95","-1.95","-1.95","-1.95","-1.95","-1.95","15.56","({[bis(dimethylamino)phosphoryl]oxy}(dimethylamino)phosphoryl)dimethylamine","CN(C)P(=O)(OP(=O)(N(C)C)N(C)C)N(C)C","InChI=1S/C8H24N4O3P2/c1-9(2)16(13,10(3)4)15-17(14,11(5)6)12(7)8/h1-8H3","SZKKRCSOSQAJDE-UHFFFAOYSA-N","octamethylpyrophosphoramide","OMPA; octamethylpyrophosphoramide; schradan; 八甲磷胺","152-16-9","CN(C)P(=O)(OP(=O)(N(C)C)N(C)C)N(C)C","C8H24N4O3P2",286.249,6,0.236097,1.06718,"No Amine",9037,"CN(C)P(=O)(N(C)C)OP(=O)(N(C)C)N(C)C","152-16-9",286.25,"(0)","0",1,0,"No Amine","No Amine","Pollutant","Pesticide","Pesticide","Pollutant",TRUE,TRUE,FALSE,FALSE,FALSE,FALSE,FALSE,TRUE,"No group","Neutral"
"Sertraline","306.23","305.073805","C17H17Cl2N","false","37","20","2","2","3","2","0","0.29","1","1","0","12.03",0.0288019536487263,"33.6","85.74","266.8","50.36","75.5","4.65","6.21","417.68","436.02",NA,"9.56",NA,"-4.85","Low","5.15","1.91","1.91","1.91","1.91","1.91","1.93","2.08","2.67",3.034,"3.58","4.48","5.01","5.13","5.15","5.15","5.15","8.15","(1S,4S)-4-(3,4-dichlorophenyl)-N-methyl-1,2,3,4-tetrahydronaphthalen-1-amine","CN[C@H]1CC[C@@H](C2=CC(Cl)=C(Cl)C=C2)C2=CC=CC=C12","InChI=1S/C17H17Cl2N/c1-20-17-9-7-12(13-4-2-3-5-14(13)17)11-6-8-15(18)16(19)10-11/h2-6,8,10,12,17,20H,7,9H2,1H3/t12-,17-/m0/s1","VGKDLMBJGBXTGI-SJCJKPOMSA-N","sertraline","(+)-sertraline; (1S,4S)-sertraline; altruline; apo sertraline; apo-sertraline; apotex brand of sertraline hydrochloride; aremis; besitran; cis-(+)-sertraline; esteve brand of sertraline hydrochloride; gen sertraline; gen-sertraline; genpharm brand of sertraline hydrochloride; gladem; hydrochloride, sertraline; lacer brand of sertraline hydrochloride; novo sertraline; novo-sertraline; novopharm brand of sertraline hydrochloride; parke davis brand of sertraline hydrochloride; pfizer brand of sertraline hydrochloride; ratio sertraline; ratio-sertraline; ratiopharm brand of sertraline hydrochloride; rhoxal sertraline; rhoxal-sertraline; rhoxalpharma brand of sertraline hydrochloride; roerig brand of sertraline hydrochloride; sealdin; sertralina; sertraline; sertraline (product); sertraline (substance); sertraline hydrochloride (product); sertraline hydrochloride (substance); sertraline hydrochloride preparation; sertraline preparation; sertralinum; sultamicillin tosylate","79617-96-2, 79617-95-1, 219736-80-8","CN[C@H]1CC[C@@H](C2=CC(Cl)=C(Cl)C=C2)C2=CC=CC=C12","C17H17Cl2N",306.23,2,0.247153,1.05519,"Secondary Amine",68617,"CN[C@H]1CC[C@H](C2=CC=CC=C12)C3=CC(=C(C=C3)Cl)Cl","79617-96-2",306.2,"(+1)","+",0.993,0.99,"Secondary Amine","Secondary Amine","Pollutant","Non-antibiotic drug","Non-antibiotic drug","Pollutant",FALSE,TRUE,TRUE,TRUE,FALSE,TRUE,FALSE,FALSE,"Group 3","cation"
"Simazine","201.66","201.0781231","C7H12ClN5","true","25","13","0","4","1","1","1","0.57","2","5","0","62.73",0.212680115273775,"19.37","57.8","173.94","35.69","64.55","4.9","6.28","294.95","454.65","14.75","4.23","9.38","-3.45","High","1.78","-0.18","-0.16","0.0","0.6","1.36","1.71","1.77","1.78",1.78,"1.78","1.78","1.78","1.78","1.78","1.77","1.71","7.96","6-chloro-N2,N4-diethyl-1,3,5-triazine-2,4-diamine","CCNC1=NC(NCC)=NC(Cl)=N1","InChI=1S/C7H12ClN5/c1-3-9-6-11-5(8)12-7(13-6)10-4-2/h3-4H2,1-2H3,(H2,9,10,11,12,13)","ODCWYMIRDDJXKW-UHFFFAOYSA-N","simazine","C7H12ClN5; CDT; aktinit S; amizine; aquazine; azotop; batazina; batazine flo; bitemol; bitemol S 50; caswell no. 740; cat (herbicide); cekusan; cekusima; cekuzina-S; epa pesticide chemical code 080807; gesapun; gesaran; gesatop; gesatop 50; herbatoxol S; herbazin; herbazin 50; herbazin-50; herbazin50; herbex; herbex (pesticide); herboxy; hungazin DT; premazine; primatel S; primatol S; princep; printop; radocon; radokor; simadex; simanex; simatsin-neste; simazin; simazine; simazine (substance); simazine 80W; symazine; tafazine; tafazine 50-W; taphazine; triazine A 384; yrodazin; zeapur","122-34-9","CCNC1=NC(NCC)=NC(Cl)=N1","C7H12ClN5",201.657,4,0.0237026,0.35659,"No Amine",5216,"CCNC1=NC(=NC(=N1)Cl)NCC","122-34-9",201.66,"(0)","0",1,4e-04,"No Amine","No Amine","Pollutant","Pesticide","Pesticide","Pollutant",FALSE,TRUE,TRUE,FALSE,FALSE,FALSE,FALSE,TRUE,"No group","Neutral"
"Sitagliptin","407.32","407.118079101","C16H15F6N5O","true","43","28","1","5","3","2","2","0.44","1","4","0","77.04",0.155495004541326,"31.48","87.49","308.71","41.25","95.09","4.26","9.7","495.45","504.99",NA,"8.66",NA,"-3.28","High","1.26","-5.01","-3.48","-2.42","-1.9","-1.78","-1.69","-1.25","-0.4",-0.036,"0.51","1.09","1.24","1.26","1.26","1.26","1.26","16.36","(3R)-3-amino-1-[3-(trifluoromethyl)-5H,6H,7H,8H-[1,2,4]triazolo[4,3-a]pyrazin-7-yl]-4-(2,4,5-trifluorophenyl)butan-1-one","N[C@@H](CC(=O)N1CCN2C(C1)=NN=C2C(F)(F)F)CC1=CC(F)=C(F)C=C1F","InChI=1S/C16H15F6N5O/c17-10-6-12(19)11(18)4-8(10)3-9(23)5-14(28)26-1-2-27-13(7-26)24-25-15(27)16(20,21)22/h4,6,9H,1-3,5,7,23H2/t9-/m1/s1","MFFMDFFZMYYVKS-SECBINFHSA-N","sitagliptin","januvia; januvia (merck & co.); sitagliptan; sitagliptin; sitagliptin phosphate; xelevia","486460-32-6, 790712-60-6","N[C@@H](CC(=O)N1CCN2C(C1)=NN=C2C(F)(F)F)CC1=CC(F)=C(F)C=C1F","C16H15F6N5O",407.314,5,0.0552122,0.83388,"Primary Amine",4369359,"C1CN2C(=NN=C2C(F)(F)F)CN1C(=O)C[C@@H](CC3=CC(=C(C=C3F)F)F)N","486460-32-6",407.31,"(+1)","+",0.948,0.95,"Primary Amine","Primary Amine","Pollutant","Non-antibiotic drug","Non-antibiotic drug","Pollutant",TRUE,TRUE,TRUE,TRUE,FALSE,TRUE,FALSE,FALSE,"Group 1","cation"
"Spirotetramat","373.449","373.188922973","C21H27NO5","true","54","27","0","6","3","1","1","0.52","1","4","0","73.86",0.127743475328179,"39.46","102.47","348.97","57.72","94.17","4.88","7.97","578.19","651.75","11.74","1.35","6.55","-4.32","Moderate","3.46","2.1","2.95","3.38","3.45","3.46","3.46","3.46","3.46",3.46,"3.46","3.46","3.46","3.4","3.1","2.67","2.54","12.66","3-(2,5-dimethylphenyl)-8-methoxy-2-oxo-1-azaspiro[4.5]dec-3-en-4-yl ethyl carbonate","CCOC(=O)OC1=C(C(=O)NC11CCC(CC1)OC)C1=C(C)C=CC(C)=C1","InChI=1S/C21H27NO5/c1-5-26-20(24)27-18-17(16-12-13(2)6-7-14(16)3)19(23)22-21(18)10-8-15(25-4)9-11-21/h6-7,12,15H,5,8-11H2,1-4H3,(H,22,23)","CLSVJBIHYWPGQY-UHFFFAOYSA-N","spirotetramat","spirotetramat","203313-25-1, 382608-10-8","CCOC(=O)OC1=C(C(=O)NC11CCC(CC1)OC)C1=C(C)C=CC(C)=C1","C21H27NO5",373.443,6,0.179438,1.19574,"No Amine",9969573,"CCOC(=O)OC1=C(C(=O)NC12CCC(CC2)OC)C3=C(C=CC(=C3)C)C","203313-25-1",373.4,"(0)","0",1,0,"No Amine","No Amine","Pollutant","Pesticide","Pesticide","Pollutant",FALSE,TRUE,FALSE,FALSE,FALSE,FALSE,FALSE,TRUE,"No group","Neutral"
"Sulisobenzone","308.3","308.03545928","C14H12O6S","true","33","21","0","4","2","2","0","0.07","2","6","0","100.9",0.25225,"29.75","75.7","251.02","45.01","83.22","5.03","6.87","400.0","508.95","-2.42",NA,NA,"-3.01","High","2.8","0.7","0.46","0.43","0.43","0.43","0.42","0.41","0.32",0.14,"-0.13","-0.92","-1.45","-1.58","-1.59","-1.59","-1.59","10.09","5-benzoyl-4-hydroxy-2-methoxybenzene-1-sulfonic acid","COC1=C(C=C(C(=O)C2=CC=CC=C2)C(O)=C1)S(O)(=O)=O","InChI=1S/C14H12O6S/c1-20-12-8-11(15)10(7-13(12)21(17,18)19)14(16)9-5-3-2-4-6-9/h2-8,15H,1H3,(H,17,18,19)","CXVGEDCSTKKODG-UHFFFAOYSA-N","sungard","Uval; benzophenone 4; monosodium salt sulisobenzone; seesorb 101S; spectra-sorb UV 284; sulisobenzona; sulisobenzone; sulisobenzone (substance); sulisobenzone, monosodium salt; sulisobenzonum; sungard; syntase 230; uvinuc ms 40; uvinul; uvinul MS 40; uvinul MS-40 substanz","4065-45-6","COC1=C(C=C(C(=O)C2=CC=CC=C2)C(O)=C1)S(O)(=O)=O","C14H12O6S",308.306,4,0.0904348,0.842522,"No Amine",19988,"COC1=C(C=C(C(=C1)O)C(=O)C2=CC=CC=C2)S(=O)(=O)O","4065-45-6",308.31,"(-1)","-",0.595,-1.4,"No Amine","No Amine","Pollutant","Personal care product","Personal care product","Pollutant",FALSE,TRUE,TRUE,FALSE,TRUE,FALSE,FALSE,FALSE,"No group","Anion"
"Terbutryn","241.36","241.136116806","C10H19N5S","true","35","16","0","5","1","1","1","0.7","2","5","0","62.73",0.156848527279092,"25.9","74.06","230.07","48.11","77.39","5.27","6.77","399.94","537.84","14.31","6.72","10.51","-3.83","Moderate","2.88","0.37","0.81","0.91","0.92","0.99","1.35","2.11","2.7",2.76,"2.85","2.87","2.88","2.88","2.87","2.86","2.71","8.49","N2-tert-butyl-N4-ethyl-6-(methylsulfanyl)-1,3,5-triazine-2,4-diamine","CCNC1=NC(NC(C)(C)C)=NC(SC)=N1","InChI=1S/C10H19N5S/c1-6-11-7-12-8(15-10(2,3)4)14-9(13-7)16-5/h6H2,1-5H3,(H2,11,12,13,14,15)","IROINLKCQGIITA-UHFFFAOYSA-N","shortstop","caswell no. 125D; clarosan; epa pesticide chemical code 080813; igran; igran 50; igran 500; prebane; saterb; short-stop E; shortstop; terbutrex; terbutrin; terbutryn; terbutryne","886-50-0","CCNC1=NC(NC(C)(C)C)=NC(SC)=N1","C10H19N5S",241.356,5,0.09343,0.773074,"No Amine",13450,"CCNC1=NC(=NC(=N1)SC)NC(C)(C)C","886-50-0",241.36,"(0)","0",1,0.17,"No Amine","No Amine","Pollutant","Pesticide","Pesticide","Pollutant",FALSE,TRUE,TRUE,FALSE,FALSE,FALSE,FALSE,TRUE,"No group","Neutral"
"Terpineol","154.253","154.1357652","C10H18O","true","29","11","1","1","1","0","0","0.8","1","1","0","20.23",0.0689009229930861,"18.81","48.46","171.08","30.15","55.93","3.45","5.43","293.61","334.67",NA,"-0.87",NA,"-1.72","High","2.17","2.13","2.17","2.17","2.17","2.17","2.17","2.17","2.17",2.17,"2.17","2.17","2.17","2.17","2.17","2.17","2.17","4.57","2-(4-methylcyclohex-3-en-1-yl)propan-2-ol","CC1=CCC(CC1)C(C)(C)O","InChI=1/C10H18O/c1-8-4-6-9(7-5-8)10(2,3)11/h4,9,11H,5-7H2,1-3H3","WUOACPNHFRMFPN-UHFFFAOYNA-N","terpineol","1-α-terpineol; terpineol; α-terpineol","98-55-5, 8006-39-1, 68797-63-7","CC1=CCC(CC1)C(C)(C)O","C10H18O",154.249,1,0.141876,0.74629,"No Amine",17100,"CC1=CCC(CC1)C(C)(C)O","98-55-5",154.25,"(0)","0",1,0,"No Amine","No Amine","Pollutant","Industrial chemical","Industrial chemical","Pollutant",FALSE,TRUE,TRUE,FALSE,FALSE,FALSE,FALSE,TRUE,"No group","Neutral"
"Tonalide","258.405","258.198365457","C18H26O","true","45","19","1","1","2","1","0","0.61","0","1","0","17.07",0.035630792352008,"31.55","81.58","278.31","47.13","84.37","4.74","6.48","479.08","482.77",NA,NA,NA,"-5.91","Low","4.96","4.96","4.96","4.96","4.96","4.96","4.96","4.96","4.96",4.96,"4.96","4.96","4.96","4.96","4.96","4.96","4.96","0.92","1-(3,5,5,6,8,8-hexamethyl-5,6,7,8-tetrahydronaphthalen-2-yl)ethan-1-one","CC1CC(C)(C)C2=C(C=C(C)C(=C2)C(C)=O)C1(C)C","InChI=1/C18H26O/c1-11-8-16-15(9-14(11)13(3)19)17(4,5)10-12(2)18(16,6)7/h8-9,12H,10H2,1-7H3","DNRJTBAOUJJKDY-UHFFFAOYNA-N","tonalid","acetyl hexamethyl tetralin; tonalid","21145-77-7, 1506-02-1","CC1CC(C)(C)C2=C(C=C(C)C(=C2)C(C)=O)C1(C)C","C18H26O",258.398,1,0.144796,0.88093,"No Amine",89440,"CC1CC(C2=C(C1(C)C)C=C(C(=C2)C(=O)C)C)(C)C","21145-77-7",258.4,"(0)","0",1,0,"No Amine","No Amine","Pollutant","Industrial chemical","Industrial chemical","Pollutant",FALSE,TRUE,TRUE,FALSE,FALSE,FALSE,FALSE,TRUE,"No group","Neutral"
"Tramadol","263.381","263.188529049","C16H25NO2","true","44","19","2","4","2","1","0","0.62","1","3","0","32.7",0.0700559161899865,"30.84","78.27","272.29","42.96","80.55","4.45","7.22","466.77","482.64","13.8","9.38","11.59","-2.55","High","2.45","-1.05","-1.05","-1.05","-1.05","-1.05","-1.0","-0.69","0.1",0.48,"1.05","1.92","2.36","2.44","2.44","2.39","2.04","11.86","(1R,2R)-2-[(dimethylamino)methyl]-1-(3-methoxyphenyl)cyclohexan-1-ol","COC1=CC=CC(=C1)[C@@]1(O)CCCC[C@@H]1CN(C)C","InChI=1S/C16H25NO2/c1-17(2)12-14-7-4-5-10-16(14,18)13-8-6-9-15(11-13)19-3/h6,8-9,11,14,18H,4-5,7,10,12H2,1-3H3/t14-,16+/m1/s1","TVYLLZQTGLZFBW-ZBFHGGJFSA-N","tramadol","(R,R) tramadol; crispin; ralivia ER; ralivia flashtab; tramadol; tramadolum; tramal; tridural; ultram; ultram ER; zydol","27203-92-5, 123154-38-1, 181289-58-7","COC1=CC=CC(=C1)[C@@]1(O)CCCC[C@@H]1CN(C)C","C16H25NO2",263.375,4,0.413147,1.27065,"Tertiary Amine",33741,"CN(C)C[C@H]1CCCC[C@@]1(C2=CC(=CC=C2)OC)O","27203-92-5",263.37,"(+1)","+",0.99,0.99,"Tertiary Amine","Tertiary Amine","Pollutant","Non-antibiotic drug","Non-antibiotic drug","Pollutant",FALSE,FALSE,TRUE,FALSE,FALSE,TRUE,FALSE,FALSE,"No group","cation"
"N-Phenyl-1-naphthylamine","219.287","219.104799423","C16H13N","true","30","17","0","2","3","3","0","0.0","1","1","0","12.03",0.0370598564431164,"28.78","70.99","207.51","34.41","79.64","4.86","6.55","324.61","417.75",NA,"0.34",NA,"-5.04","Low","4.4","3.9","4.32","4.39","4.4","4.4","4.4","4.4","4.4",4.4,"4.4","4.4","4.4","4.4","4.4","4.4","4.4","2.94","N-phenylnaphthalen-1-amine","N(C1=CC=CC=C1)C1=CC=CC2=CC=CC=C12","InChI=1S/C16H13N/c1-2-9-14(10-3-1)17-16-12-6-8-13-7-4-5-11-15(13)16/h1-12,17H","XQVWYOYUZDUNRW-UHFFFAOYSA-N","PANA","1-N-phenylnaphthylamine; 1-n-phenylnaphthylamine; N-fenyl-1-aminonaftalen; PANA; aceto pan; additin 30; amoco 32; antigene pan; antioxidant pan; fenyl-α-naftylamin; neozone A; nonox A; vulkanox pan","90-30-2","N(C1=CC=CC=C1)C1=CC=CC2=CC=CC=C12","C16H13N",219.281,2,0.0611241,0.641846,"No Amine",7013,"C1=CC=C(C=C1)NC2=CC=CC3=CC=CC=C32","90-30-2",219.28,"(0)","0",1,0,"No Amine","No Amine","Pollutant","Industrial chemical","Industrial chemical","Pollutant",FALSE,TRUE,TRUE,FALSE,FALSE,FALSE,FALSE,TRUE,"No group","Neutral"
"2-Naphthylamine","143.189","143.073499294","C10H9N","true","20","11","0","0","2","2","0","0.0","1","1","0","26.02",0.12198209179129,"19.13","47.21","136.16","24.89","55.05","3.86","5.23","213.31","305.67",NA,"4.25",NA,"-3.09","High","2.13","-0.11","-0.07","0.18","0.9","1.69","2.06","2.13","2.13",2.13,"2.13","2.13","2.13","2.13","2.13","2.13","2.13","4.09","naphthalen-2-amine","NC1=CC=C2C=CC=CC2=C1","InChI=1S/C10H9N/c11-10-6-5-8-3-1-2-4-9(8)7-10/h1-7H,11H2","JBIJLHTVPXGSAM-UHFFFAOYSA-N","β naphthylamine","2-aminonaftalen; 2-naftilamina; 2-naftylamin; 2-naftylamine; 2-naphthylamine (substance); 2-naphthylamine and its salts; 2-naphthylamine mustard; BNA; ccris 424; fast scarlet base B; fast scarlet base b; rcra waste number U168; usaf CB-22; β-naftalamin; β-naftilamina; β-naftylamin; β-naftyloamina","91-59-8, 612-52-2","NC1=CC=C2C=CC=CC2=C1","C10H9N",143.185,0,0.00115454,0.0573514,"No Amine",7057,"C1=CC=C2C=C(C=CC2=C1)N","91-59-8",143.18,"(0)","0",0.999,7e-04,"No Amine","No Amine","Pollutant","Industrial chemical","Industrial chemical","Pollutant",FALSE,TRUE,TRUE,FALSE,FALSE,FALSE,FALSE,TRUE,"No group","Neutral"
"1-Naphthylamine","143.189","143.073499294","C10H9N","true","20","11","0","0","2","2","0","0.0","1","1","0","26.02",0.12240097845517,"19.13","47.21","136.24","24.64","54.4","4.03","4.72","212.58","298.59",NA,"4.13",NA,"-3.09","High","2.13","-0.11","-0.06","0.25","1.0","1.77","2.08","2.13","2.13",2.13,"2.13","2.13","2.13","2.13","2.13","2.13","2.13","4.09","naphthalen-1-amine","NC1=C2C=CC=CC2=CC=C1","InChI=1S/C10H9N/c11-10-7-3-5-8-4-1-2-6-9(8)10/h1-7H,11H2","RUFPHBVGCFYCNW-UHFFFAOYSA-N","α naphthylamine","1-aminonaftalen; 1-naftilamina; 1-naftylamin; 1-naftylamine; 1-naththylamine; 1-naththylamine (substance); C.I. azoic diazo component 114; CI azoic diazo component 114; alfa-naftyloamina; alfanaftilamina; ccris 423; fast garnet B base; fast garnet base B; naphthalidam; naphthalidine; rcra waste number U167; α-naftalamin; α-naftylamin","134-32-7, 25168-10-9, 53162-00-8","NC1=C2C=CC=CC2=CC=C1","C10H9N",143.185,0,0.0127257,0.112865,"No Amine",8640,"C1=CC=C2C(=C1)C=CC=C2N","134-32-7",143.18,"(0)","0",1,5e-04,"No Amine","No Amine","Pollutant","Industrial chemical","Industrial chemical","Pollutant",FALSE,TRUE,TRUE,FALSE,FALSE,FALSE,FALSE,TRUE,"No group","Neutral"
"N-nitrosodiphenylamine","198.225","198.07931295","C12H10N2O","true","25","15","0","3","2","2","0","0.0","0","1","0","32.67",0.112869234755571,"22.06","59.61","179.42","34.25","62.46","4.28","5.93","289.45","384.87",NA,NA,NA,"-3.33","High","3.35","3.35","3.35","3.35","3.35","3.35","3.35","3.35","3.35",3.35,"3.35","3.35","3.35","3.35","3.35","3.35","3.35","10.57","N-nitroso-N-phenylaniline","O=NN(C1=CC=CC=C1)C1=CC=CC=C1","InChI=1S/C12H10N2O/c15-13-14(11-7-3-1-4-8-11)12-9-5-2-6-10-12/h1-10H","UBUCNCOMADRQHX-UHFFFAOYSA-N","nitrosodiphenylamine","N-nitrosodifenylamin; TJB; ccris 464; curetard A; delac J; difenylnitrosamin; diphenyl N-nitrosoamine; naugard tjb; ortard; redax; retarder J; sconoc; vulcalent A; vulcatard A; vulkalent A; vultrol","86-30-6, 382165-80-2","O=NN(C1=CC=CC=C1)C1=CC=CC=C1","C12H10N2O",198.221,3,0.0879952,0.678061,"No Amine",6838,"C1=CC=C(C=C1)N(C2=CC=CC=C2)N=O","86-30-6",198.22,"(0)","0",1,0,"No Amine","No Amine","Pollutant","Industrial chemical","Industrial chemical","Pollutant",FALSE,TRUE,TRUE,FALSE,FALSE,FALSE,FALSE,TRUE,"No group","Neutral"
"Venlafaxine","277.408","277.204179113","C17H27NO2","true","47","20","1","5","2","1","0","0.65","1","3","0","32.7",0.0658172815651229,"32.61","83.02","289.09","52.62","78.73","5.08","7.06","496.83","505.16","14.42","9.01","11.72","-2.58","High","2.74","-0.76","-0.76","-0.76","-0.76","-0.75","-0.65","-0.15","0.74",1.12,"1.69","2.43","2.7","2.73","2.74","2.72","2.6","11.37","1-[2-(dimethylamino)-1-(4-methoxyphenyl)ethyl]cyclohexan-1-ol","COC1=CC=C(C=C1)C(CN(C)C)C1(O)CCCCC1","InChI=1/C17H27NO2/c1-18(2)13-16(17(19)11-5-4-6-12-17)14-7-9-15(20-3)10-8-14/h7-10,16,19H,4-6,11-13H2,1-3H3","PNVNVHUZROJLTJ-UHFFFAOYNA-N","venlafaxine","VNF; dobupal; efectin; efexor; effexor; effexor XR; elafax; sila-venlafaxine; trevilor; vandral; venlafaxin; venlafaxina; venlafaxine; venlafaxine (product); venlafaxine (substance); venlafaxine preparation; venlafaxinum; venlafexine","93413-69-5, 540726-98-5","COC1=CC=C(C=C1)C(CN(C)C)C1(O)CCCCC1","C17H27NO2",277.402,5,0.192242,1.06452,"Tertiary Amine",5656,"CN(C)CC(C1=CC=C(C=C1)OC)C2(CCCCC2)O","93413-69-5",277.4,"(+1)","+",0.976,0.98,"Tertiary Amine","Tertiary Amine","Pollutant","Non-antibiotic drug","Non-antibiotic drug","Pollutant",FALSE,TRUE,TRUE,TRUE,FALSE,TRUE,FALSE,FALSE,"Group 3","cation"
"Kanamycin a","484.503","484.238057995","C18H36N4O11","false","69","33","15","6","3","0","2","1.0","11","15","0","282.61",0.429361449993163,"45.27","106.13","429.12","62.61","119.08","5.37","8.35","658.21","533.91","12.05","9.34","10.65","0.24","High","-7.06","-19.19","-19.19","-19.19","-19.17","-19.03","-18.3","-16.32","-13.02",-11.732,"-9.8","-7.76","-7.16","-7.1","-7.35","-8.52","-10.97","40.5","(2R,3S,4S,5R,6R)-2-(aminomethyl)-6-{[(1R,2R,3S,4R,6S)-4,6-diamino-3-{[(2S,3R,4S,5S,6R)-4-amino-3,5-dihydroxy-6-(hydroxymethyl)oxan-2-yl]oxy}-2-hydroxycyclohexyl]oxy}oxane-3,4,5-triol","NC[C@H]1O[C@H](O[C@@H]2[C@@H](N)C[C@@H](N)[C@H](O[C@H]3O[C@H](CO)[C@@H](O)[C@H](N)[C@H]3O)[C@H]2O)[C@H](O)[C@@H](O)[C@@H]1O","InChI=1S/C18H36N4O11/c19-2-6-10(25)12(27)13(28)18(30-6)33-16-5(21)1-4(20)15(14(16)29)32-17-11(26)8(22)9(24)7(3-23)31-17/h4-18,23-29H,1-3,19-22H2/t4-,5-,6-,7-,8+,9-,10-,11-,12+,13-,14-,15+,16-,17-,18-/m1/s1","SBUJHOSQTJFQJX-NOAMYHISSA-N","kanamycin","KAN; KM (the antibiotic); aminodeoxykanamycin; kanamicina; kanamycin; kanamycin (product); kanamycin (substance); kanamycin A; kanamycin a; kanamycin base; kanamycin preparation; kanamycin product; kanamycin sulfate; kanamycin sulfate (substance); kanamycin sulfate preparation; kanamycin sulphate; kanamycine; kanamycinum; kenamycin A; klebcil; nebramycin factor 5; 卡那霉素","8063-07-8, 59-01-8, 1174286-24-8","NC[C@H]1O[C@H](O[C@@H]2[C@@H](N)C[C@@H](N)[C@H](O[C@H]3O[C@H](CO)[C@@H](O)[C@H](N)[C@H]3O)[C@H]2O)[C@H](O)[C@@H](O)[C@@H]1O","C18H36N4O11",484.499,6,0.0835214,0.917398,"Primary Amine",6032,"C1[C@H]([C@@H]([C@H]([C@@H]([C@H]1N)O[C@@H]2[C@@H]([C@H]([C@@H]([C@H](O2)CN)O)O)O)O)O[C@@H]3[C@@H]([C@H]([C@@H]([C@H](O3)CO)O)N)O)N","8063-07-8",484.5,"(+3)","+++",0.4736,3.35,"Primary Amine","Primary Amine","Antibiotic","Antibiotic","Aminoglycoside","Aminoglycoside",TRUE,TRUE,FALSE,FALSE,FALSE,TRUE,FALSE,FALSE,"Group 2","cation"
"Streptomycin","581.58","581.265669724","C21H39N7O12","false","79","40","15","9","3","0","2","0.86","14","19","0","331.43",0.425679754427876,"52.5","149.47","502.93","85.73","121.6","6.01","8.88","778.59","640.11","10.88","11.48","11.3","-0.38","High","-7.58","-14.73","-14.73","-14.73","-14.72","-14.67","-14.34","-13.54","-12.58",-12.2,"-11.63","-10.46","-8.78","-7.49","-7.58","-8.42","-9.22","34.88","N-[(1S,2R,3R,4S,5R,6R)-3-carbamimidamido-6-{[(2R,3R,4R,5S)-3-{[(2S,3S,4S,5R,6S)-4,5-dihydroxy-6-(hydroxymethyl)-3-(methylamino)oxan-2-yl]oxy}-4-formyl-4-hydroxy-5-methyloxolan-2-yl]oxy}-2,4,5-trihydroxycyclohexyl]guanidine","CN[C@H]1[C@H](O)[C@@H](O)[C@H](CO)O[C@H]1O[C@H]1[C@H](O[C@H]2[C@H](O)[C@@H](O)[C@H](NC(N)=N)[C@@H](O)[C@@H]2NC(N)=N)O[C@@H](C)[C@]1(O)C=O","InChI=1S/C21H39N7O12/c1-5-21(36,4-30)16(40-17-9(26-2)13(34)10(31)6(3-29)38-17)18(37-5)39-15-8(28-20(24)25)11(32)7(27-19(22)23)12(33)14(15)35/h4-18,26,29,31-36H,3H2,1-2H3,(H4,22,23,27)(H4,24,25,28)/t5-,6-,7+,8-,9-,10-,11+,12-,13-,14-,15+,16-,17-,18-,21-/m0/s1","UCSJYZPVAKXKNQ-HZYVHMACSA-N","N-[(1S,2R,3R,4S,5R,6R)-3-carbamimidamido-6-{[(2R,3R,4R,5S)-3-{[(2S,3S,4S,5R,6S)-4,5-dihydroxy-6-(hydroxymethyl)-3-(methylamino)oxan-2-yl]oxy}-4-formyl-4-hydroxy-5-methyloxolan-2-yl]oxy}-2,4,5-trihydroxycyclohexyl]guanidine","kantrex; 链霉素","57-92-1","CN[C@H]1[C@H](O)[C@@H](O)[C@H](CO)O[C@H]1O[C@H]1[C@H](O[C@H]2[C@H](O)[C@@H](O)[C@H](NC(N)=N)[C@@H](O)[C@@H]2NC(N)=N)O[C@@H](C)[C@]1(O)C=O","C21H39N7O12",581.574,11,0.12139,1.16082,"Secondary Amine",19649,"C[C@H]1[C@@]([C@H]([C@@H](O1)O[C@@H]2[C@H]([C@@H]([C@H]([C@@H]([C@H]2O)O)N=C(N)N)O)N=C(N)N)O[C@H]3[C@H]([C@@H]([C@H]([C@@H](O3)CO)O)O)NC)(C=O)O","57-92-1",581.6,"(+3)","+++",0.8273,2.83,"Secondary Amine","Secondary Amine","Antibiotic","Antibiotic","Aminoglycoside","Aminoglycoside",TRUE,TRUE,FALSE,FALSE,FALSE,TRUE,FALSE,FALSE,"Group 2","cation"
"Amikacin","585.608","585.285736465","C22H43N5O13","false","83","40","16","10","3","0","2","0.95","13","17","0","331.94",0.412337581674989,"54.55","129.84","520.15","81.37","128.14","6.73","9.47","805.02","663.26","12.16","9.61","10.71","0.41","High","-8.58","-23.47","-22.71","-21.77","-21.03","-20.73","-20.46","-19.15","-16.17",-14.726,"-12.56","-9.84","-8.8","-8.64","-8.84","-9.86","-11.89","46.27","(2S)-4-amino-N-[(1R,2S,3S,4R,5S)-5-amino-2-{[(2S,3R,4S,5S,6R)-4-amino-3,5-dihydroxy-6-(hydroxymethyl)oxan-2-yl]oxy}-4-{[(2R,3R,4S,5S,6R)-6-(aminomethyl)-3,4,5-trihydroxyoxan-2-yl]oxy}-3-hydroxycyclohexyl]-2-hydroxybutanamide","NCC[C@H](O)C(=O)N[C@@H]1C[C@H](N)[C@@H](O[C@H]2O[C@H](CN)[C@@H](O)[C@H](O)[C@H]2O)[C@H](O)[C@H]1O[C@H]1O[C@H](CO)[C@@H](O)[C@H](N)[C@H]1O","InChI=1S/C22H43N5O13/c23-2-1-8(29)20(36)27-7-3-6(25)18(39-22-16(34)15(33)13(31)9(4-24)37-22)17(35)19(7)40-21-14(32)11(26)12(30)10(5-28)38-21/h6-19,21-22,28-35H,1-5,23-26H2,(H,27,36)/t6-,7-,8-,9+,10+,11-,12+,13+,14+,15-,16+,17-,18+,19-,21+,22+/m0/s1","LKCWBDHBTVXHDL-RMDFUYIESA-N","amikacin","AMK; BB K8; BB-K8; a.m.k; amicacin; amiglyde-V; amika; amikacin; amikacin (product); amikacin (substance); amikacin - chemical; amikacin base; amikacin dihydrate; amikacin preparation; amikacin sulfate; amikacin sulfate (substance); amikacin sulfate preparation; amikacin sulphate; amikacina; amikacina [inn-spanish]; amikacina medical; amikacina normon; amikacine; amikacine [inn-french]; amikacinum; amikafur; amikalem; amikason's; amikavet; amikayect; amiklin; amitrex; amukin; antibiotic BB-K 8; antibiotic BB-K8; antibiotic BB-K8 sulfate; apothecon brand of amikacin sulfate; arikace; bbk 8; biclin; biklin; biodacyn; briclin; bristol myers squibb brand of amikacin sulfate; chemacin; collins brand of amikacin sulfate; cryopharma brand of amikacin sulfate; fabianol; fustery brand of amikacin sulfate; galen brand of amikacin sulfate; gamikal; grossmann brand of amikacin sulfate; kaminax; kanbine; kancin-gap; lemery brand of amikacin sulfate; likacin; lukadin; mead johnson brand of amikacin sulfate; medical brand of amikacin sulfate; medical, amikacina; mikavir; norman brand of amikacin sulfate; normon, amikacina; oprad; pisa brand of amikacin sulfate; rovi brand of amikacin sulfate; son brand of amikacin sulfate; son's brand of amikacin sulfate; sulfate, amikacin; yectamid; 阿米卡星","37517-28-5","NCC[C@H](O)C(=O)N[C@@H]1C[C@H](N)[C@@H](O[C@H]2O[C@H](CN)[C@@H](O)[C@H](O)[C@H]2O)[C@H](O)[C@H]1O[C@H]1O[C@H](CO)[C@@H](O)[C@H](N)[C@H]1O","C22H43N5O13",585.603,10,0.177559,1.34904,"Primary Amine",37768,"C1[C@@H]([C@H]([C@@H]([C@H]([C@@H]1NC(=O)[C@H](CCN)O)O[C@@H]2[C@@H]([C@H]([C@@H]([C@H](O2)CO)O)N)O)O)O[C@@H]3[C@@H]([C@H]([C@@H]([C@H](O3)CN)O)O)O)N","37517-28-5",585.6,"(+4)","++++",0.8565,3.75,"Primary Amine","Primary Amine","Antibiotic","Antibiotic","Aminoglycoside","Aminoglycoside",TRUE,TRUE,FALSE,FALSE,FALSE,TRUE,FALSE,FALSE,"Group 2","cation"
"Arbekacin","552.626","552.311891641","C22H44N6O10","false","82","38","14","10","3","0","2","0.95","11","15","0","297.27",0.374938512959576,"54.02","129.08","506.29","83.29","123.31","6.74","9.16","792.85","661.39","12.38","9.61","10.96","-0.07","High","-6.85","-24.77","-24.01","-23.08","-22.33","-22.03","-21.76","-20.33","-16.76",-14.948,"-12.23","-8.63","-7.16","-6.9","-6.96","-7.54","-9.05","48.06","(2S)-4-amino-N-[(1R,2S,3S,4R,5S)-5-amino-2-{[(2S,3R,4S,5S,6R)-4-amino-3,5-dihydroxy-6-(hydroxymethyl)oxan-2-yl]oxy}-4-{[(2R,3R,6S)-3-amino-6-(aminomethyl)oxan-2-yl]oxy}-3-hydroxycyclohexyl]-2-hydroxybutanamide","NCC[C@H](O)C(=O)N[C@@H]1C[C@H](N)[C@@H](O[C@H]2O[C@H](CN)CC[C@H]2N)[C@H](O)[C@H]1O[C@H]1O[C@H](CO)[C@@H](O)[C@H](N)[C@H]1O","InChI=1S/C22H44N6O10/c23-4-3-12(30)20(34)28-11-5-10(26)18(37-21-9(25)2-1-8(6-24)35-21)17(33)19(11)38-22-16(32)14(27)15(31)13(7-29)36-22/h8-19,21-22,29-33H,1-7,23-27H2,(H,28,34)/t8-,9-,10+,11-,12+,13-,14+,15-,16-,17-,18-,19+,21-,22-/m1/s1","MKKYBZZTJQGVCD-XTCKQBCOSA-N","arbekacin","ABK; arbekacin","51025-85-5","NCC[C@H](O)C(=O)N[C@@H]1C[C@H](N)[C@@H](O[C@H]2O[C@H](CN)CC[C@H]2N)[C@H](O)[C@H]1O[C@H]1O[C@H](CO)[C@@H](O)[C@H](N)[C@H]1O","C22H44N6O10",552.619,10,0.0772493,0.98715,"Primary Amine",68682,"C1C[C@H]([C@H](O[C@@H]1CN)O[C@@H]2[C@H](C[C@H]([C@@H]([C@H]2O)O[C@@H]3[C@@H]([C@H]([C@@H]([C@H](O3)CO)O)N)O)NC(=O)[C@H](CCN)O)N)N","51025-85-5",552.6,"(+5)","+++++",0.848,4.79,"Primary Amine","Primary Amine","Antibiotic","Antibiotic","Aminoglycoside","Aminoglycoside",TRUE,TRUE,FALSE,FALSE,FALSE,TRUE,FALSE,FALSE,"Group 2","cation"
"Dibekacin","451.521","451.264213171","C18H37N5O8","false","68","31","13","6","3","0","2","1.0","9","13","0","247.94",0.38323853097564,"44.75","105.38","414.76","65.67","114.47","5.45","7.95","646.96","535.42","12.54","9.33","11.01","-0.18","High","-5.33","-20.5","-20.5","-20.49","-20.48","-20.33","-19.59","-17.49","-13.61",-11.954,"-9.47","-6.54","-5.51","-5.36","-5.45","-6.13","-8.11","42.2","(2S,3R,4S,5S,6R)-4-amino-2-{[(1S,2S,3R,4S,6R)-4,6-diamino-3-{[(2R,3R,6S)-3-amino-6-(aminomethyl)oxan-2-yl]oxy}-2-hydroxycyclohexyl]oxy}-6-(hydroxymethyl)oxane-3,5-diol","NC[C@@H]1CC[C@@H](N)[C@@H](O[C@@H]2[C@@H](N)C[C@@H](N)[C@H](O[C@H]3O[C@H](CO)[C@@H](O)[C@H](N)[C@H]3O)[C@H]2O)O1","InChI=1S/C18H37N5O8/c19-4-6-1-2-7(20)17(28-6)30-15-8(21)3-9(22)16(14(15)27)31-18-13(26)11(23)12(25)10(5-24)29-18/h6-18,24-27H,1-5,19-23H2/t6-,7-,8+,9-,10-,11+,12-,13-,14-,15-,16+,17-,18-/m1/s1","JJCQSGDBDPYCEO-XVZSLQNASA-N","dibekacin","3',4' dideoxykanamycin B; 3',4' dideoxykanamycin b; 3',4'-dideoxykanamycin B; 3',4'-dideoxykanamycin b; B, 3',4'-dideoxykanamycin; DKB; DKM; b, 3',4'-dideoxykanamycin; debecacin; dibekacin; dibekacin sulphate; dibekacina; dibekacine; dibekacinum; dideoxykanamycin B; dideoxykanamycine; kappati; panamicin; sulfate, dibekacin; sulphate, dibekacin; 地贝卡星","34493-98-6","NC[C@@H]1CC[C@@H](N)[C@@H](O[C@@H]2[C@@H](N)C[C@@H](N)[C@H](O[C@H]3O[C@H](CO)[C@@H](O)[C@H](N)[C@H]3O)[C@H]2O)O1","C18H37N5O8",451.515,6,0.147391,1.05752,"Primary Amine",470999,"C1C[C@H]([C@H](O[C@@H]1CN)O[C@@H]2[C@H](C[C@H]([C@@H]([C@H]2O)O[C@@H]3[C@@H]([C@H]([C@@H]([C@H](O3)CO)O)N)O)N)N)N","34493-98-6",451.5,"(+5)","+++++",0.462,4.32,"Primary Amine","Primary Amine","Antibiotic","Antibiotic","Aminoglycoside","Aminoglycoside",TRUE,TRUE,FALSE,FALSE,FALSE,TRUE,FALSE,FALSE,"Group 2","cation"
"Gentamicin","477.603","477.316248745","C21H43N5O7","false","76","33","13","7","3","0","2","1.0","8","12","0","199.73",0.265944981491838,"49.57","118.02","458.54","70.7","120.32","5.97","8.59","751.02","647.55","12.55","10.03","11.22","-0.42","High","-3.14","-18.72","-18.72","-18.72","-18.7","-18.56","-17.81","-15.74","-12.03",-10.394,"-7.94","-4.86","-3.5","-3.2","-3.26","-3.92","-5.84","39.75","2-{[4,6-diamino-3-({3-amino-6-[1-(methylamino)ethyl]oxan-2-yl}oxy)-2-hydroxycyclohexyl]oxy}-5-methyl-4-(methylamino)oxane-3,5-diol","CNC(C)C1CCC(N)C(OC2C(N)CC(N)C(OC3OCC(C)(O)C(NC)C3O)C2O)O1","InChI=1/C21H43N5O7/c1-9(25-3)13-6-5-10(22)19(31-13)32-16-11(23)7-12(24)17(14(16)27)33-20-15(28)18(26-4)21(2,29)8-30-20/h9-20,25-29H,5-8,22-24H2,1-4H3","CEAZRRDELHUEMR-UHFFFAOYNA-N","gentamicin","G-mycin; G-myticin; alcomicin; cidomycin; garamycin otic solution; garasol; genoptic liquifilm; gentacycol; gentamar; gentamcin sulfate; gentamicin; gentamicina; gentamicine; gentamicinum; gentamycin; gentamycin-creme; gentamycins; gentamycinum; gentavet; gentocin; jenamicin; ocu-mycin; refobacin TM; spectro-genta; uromycine","1403-66-3, 1294497-75-8","CNC(C)C1CCC(N)C(OC2C(N)CC(N)C(OC3OCC(C)(O)C(NC)C3O)C2O)O1","C21H43N5O7",477.595,7,0.124085,1.06891,"Primary Amine",3467,"CC(C1CCC(C(O1)OC2C(CC(C(C2O)OC3C(C(C(CO3)(C)O)NC)O)N)N)N)NC","1403-66-3",477.6,"(+4)","++++",0.477,4.36,"Primary Amine","Primary Amine","Antibiotic","Antibiotic","Aminoglycoside","Aminoglycoside",TRUE,TRUE,FALSE,FALSE,FALSE,TRUE,FALSE,FALSE,"Group 2","cation"
"Isepamicin","569.609","569.290821845","C22H43N5O12","false","82","39","15","9","3","0","2","0.95","12","16","0","297.72",0.368981372463966,"53.86","128.43","512.3","72.92","128.09","6.05","9.05","806.87","662.66","11.95","9.24","10.54","0.21","High","-7.3","-21.97","-21.06","-20.19","-19.74","-19.61","-19.25","-17.46","-14.02",-12.564,"-10.38","-8.01","-7.39","-7.34","-7.59","-8.86","-11.38","45.11","(2S)-3-amino-N-[(1R,2S,3S,4R,5S)-5-amino-4-{[(2R,3R,4S,5S,6R)-6-(aminomethyl)-3,4,5-trihydroxyoxan-2-yl]oxy}-2-{[(2R,3R,4R,5R)-3,5-dihydroxy-5-methyl-4-(methylamino)oxan-2-yl]oxy}-3-hydroxycyclohexyl]-2-hydroxypropanamide","CN[C@@H]1[C@@H](O)[C@@H](O[C@H]2[C@@H](C[C@H](N)[C@@H](O[C@H]3O[C@H](CN)[C@@H](O)[C@H](O)[C@H]3O)[C@@H]2O)NC(=O)[C@@H](O)CN)OC[C@]1(C)O","InChI=1S/C22H43N5O12/c1-22(35)6-36-20(15(33)18(22)26-2)39-17-8(27-19(34)9(28)4-23)3-7(25)16(14(17)32)38-21-13(31)12(30)11(29)10(5-24)37-21/h7-18,20-21,26,28-33,35H,3-6,23-25H2,1-2H3,(H,27,34)/t7-,8+,9-,10+,11+,12-,13+,14+,15+,16+,17-,18-,20+,21+,22+/m0/s1","UDIIBEDMEYAVNG-ZKFPOVNWSA-N","isepamicin","N/A","58152-03-7","CN[C@@H]1[C@@H](O)[C@@H](O[C@H]2[C@@H](C[C@H](N)[C@@H](O[C@H]3O[C@H](CN)[C@@H](O)[C@H](O)[C@H]3O)[C@@H]2O)NC(=O)[C@@H](O)CN)OC[C@]1(C)O","C22H43N5O12",569.603,9,0.115156,1.18849,"Primary Amine",3037209,"C[C@@]1(CO[C@@H]([C@@H]([C@H]1NC)O)O[C@H]2[C@@H](C[C@@H]([C@H]([C@@H]2O)O[C@@H]3[C@@H]([C@H]([C@@H]([C@H](O3)CN)O)O)O)N)NC(=O)[C@H](CN)O)O","58152-03-7",569.6,"(+4)","++++",0.833,3.75,"Primary Amine","Primary Amine","Antibiotic","Antibiotic","Aminoglycoside","Aminoglycoside",TRUE,TRUE,FALSE,FALSE,FALSE,TRUE,FALSE,FALSE,"Group 2","cation"
"Netilmicin","475.587","475.30059868","C21H41N5O7","false","74","33","11","8","3","0","2","0.9","8","12","0","199.73",0.276657339945148,"49.32","119.84","450.65","73.81","124.72","6.53","7.55","721.94","626.8","12.55","9.57","10.96","-0.59","High","-3.53","-19.11","-19.11","-19.11","-19.07","-18.82","-17.84","-15.4","-11.35",-9.742,"-7.33","-4.59","-3.68","-3.56","-3.65","-4.31","-6.23","40.33","(2R,3R,4R,5R)-2-{[(1S,2S,3R,4S,6R)-4-amino-3-{[(2S,3R)-3-amino-6-(aminomethyl)-3,4-dihydro-2H-pyran-2-yl]oxy}-6-(ethylamino)-2-hydroxycyclohexyl]oxy}-5-methyl-4-(methylamino)oxane-3,5-diol","CCN[C@@H]1C[C@H](N)[C@@H](O[C@H]2OC(CN)=CC[C@H]2N)[C@H](O)[C@H]1O[C@H]1OC[C@](C)(O)[C@H](NC)[C@H]1O","InChI=1S/C21H41N5O7/c1-4-26-13-7-12(24)16(32-19-11(23)6-5-10(8-22)31-19)14(27)17(13)33-20-15(28)18(25-3)21(2,29)9-30-20/h5,11-20,25-29H,4,6-9,22-24H2,1-3H3/t11-,12+,13-,14+,15-,16-,17-,18-,19-,20-,21-/m1/s1","CIDUJQMULVCIBT-MQDUPKMGSA-N","netilmicin","netilmicin","56391-56-1","CCN[C@@H]1C[C@H](N)[C@@H](O[C@H]2OC(CN)=CC[C@H]2N)[C@H](O)[C@H]1O[C@H]1OC[C@](C)(O)[C@H](NC)[C@H]1O","C21H41N5O7",475.58,8,0.0633067,0.87716,"Primary Amine",441306,"CCN[C@@H]1C[C@@H]([C@H]([C@@H]([C@H]1O[C@@H]2[C@@H]([C@H]([C@@](CO2)(C)O)NC)O)O)O[C@@H]3[C@@H](CC=C(O3)CN)N)N","56391-56-1",475.6,"(+4)","++++",0.538,4.14,"Primary Amine","Primary Amine","Antibiotic","Antibiotic","Aminoglycoside","Aminoglycoside",TRUE,TRUE,FALSE,FALSE,FALSE,TRUE,FALSE,FALSE,"Group 2","cation"
"Sisomicin","447.533","447.269298551","C19H37N5O7","false","68","31","11","6","3","0","2","0.89","8","12","0","213.72",0.327324521771093,"45.66","110.32","416.17","62.5","117.67","5.77","7.75","652.93","535.73","12.55","9.45","11.03","-0.56","High","-4.32","-19.69","-19.69","-19.69","-19.67","-19.52","-18.7","-16.26","-12.09",-10.43,"-7.94","-5.23","-4.44","-4.34","-4.44","-5.1","-7.02","41.09","(2R,3R,4R,5R)-2-{[(1S,2S,3R,4S,6R)-4,6-diamino-3-{[(2S,3R)-3-amino-6-(aminomethyl)-3,4-dihydro-2H-pyran-2-yl]oxy}-2-hydroxycyclohexyl]oxy}-5-methyl-4-(methylamino)oxane-3,5-diol","CN[C@@H]1[C@@H](O)[C@@H](O[C@H]2[C@H](N)C[C@H](N)[C@@H](O[C@H]3OC(CN)=CC[C@H]3N)[C@@H]2O)OC[C@]1(C)O","InChI=1S/C19H37N5O7/c1-19(27)7-28-18(13(26)16(19)24-2)31-15-11(23)5-10(22)14(12(15)25)30-17-9(21)4-3-8(6-20)29-17/h3,9-18,24-27H,4-7,20-23H2,1-2H3/t9-,10+,11-,12-,13-,14-,15+,16+,17-,18-,19-/m1/s1","URWAJWIAIPFPJE-YFMIWBNJSA-N","sisomicin","antibiotic 6640; dehydrogentamicin cla; rickamicin; sisomycin; sissomicin","32385-11-8","CN[C@@H]1[C@@H](O)[C@@H](O[C@H]2[C@H](N)C[C@H](N)[C@@H](O[C@H]3OC(CN)=CC[C@H]3N)[C@@H]2O)OC[C@]1(C)O","C19H37N5O7",447.526,6,0.129542,1.22426,"Primary Amine",36119,"C[C@@]1(CO[C@@H]([C@@H]([C@H]1NC)O)O[C@H]2[C@@H](C[C@@H]([C@H]([C@@H]2O)O[C@@H]3[C@@H](CC=C(O3)CN)N)N)N)O","32385-11-8",447.5,"(+5)","+++++",0.452,4.27,"Primary Amine","Primary Amine","Antibiotic","Antibiotic","Aminoglycoside","Aminoglycoside",TRUE,TRUE,FALSE,FALSE,FALSE,TRUE,FALSE,FALSE,"Group 2","cation"
"Tobramycin","467.52","467.259127791","C18H37N5O9","false","69","32","14","6","3","0","2","1.0","10","14","0","268.17",0.409338604551768,"45.42","106.69","423.5","69.72","103.99","5.66","6.86","655.13","531.19","12.53","9.42","10.96","-0.02","High","-6.48","-21.64","-21.64","-21.64","-21.62","-21.46","-20.62","-18.19","-14.07",-12.434,"-9.98","-7.38","-6.6","-6.5","-6.6","-7.28","-9.26","43.61","(2S,3R,4S,5S,6R)-4-amino-2-{[(1S,2S,3R,4S,6R)-4,6-diamino-3-{[(2R,3R,5S,6R)-3-amino-6-(aminomethyl)-5-hydroxyoxan-2-yl]oxy}-2-hydroxycyclohexyl]oxy}-6-(hydroxymethyl)oxane-3,5-diol","NC[C@H]1O[C@H](O[C@@H]2[C@@H](N)C[C@@H](N)[C@H](O[C@H]3O[C@H](CO)[C@@H](O)[C@H](N)[C@H]3O)[C@H]2O)[C@H](N)C[C@@H]1O","InChI=1S/C18H37N5O9/c19-3-9-8(25)2-7(22)17(29-9)31-15-5(20)1-6(21)16(14(15)28)32-18-13(27)11(23)12(26)10(4-24)30-18/h5-18,24-28H,1-4,19-23H2/t5-,6-,7+,8-,9+,10+,11-,12+,13+,14-,15+,16-,17+,18+/m0/s1","NLVFBUXFDBBNBW-PBSUHMDJSA-N","tobramycin","1-epitobramycin; 3'-deoxykanamycin B; TBM; Tobi; aktob; brulamycin; deoxykanamycin B; distobram; gernebcin; gotabiotic; nebcin; nebicin; nebramycin; nebramycin 6; nebramycin VI; nebramycin factir 6; nebramycin factor 6; nebramycin factor vi; nebramycin vi; obracin; obramycin; sprc-AB01; sulfate, tobramycin; sybryx; tenebrimycin; tenemycin; tobacin; tobracin; tobracin (TN); tobradex; tobradistin; tobralex; tobramaxin; tobramicin; tobramicina; tobramitsetin; tobramycetin; tobramycin; tobramycin (product); tobramycin (substance); tobramycin preparation; tobramycin product; tobramycin solution for inhalation; tobramycin sulfate; tobramycin sulfate (substance); tobramycin sulfate preparation; tobramycin sulphate; tobramycine; tobramycinum; tobrased; tobrasone; tobrex; tobrex (TN)","32986-56-4","NC[C@H]1O[C@H](O[C@@H]2[C@@H](N)C[C@@H](N)[C@H](O[C@H]3O[C@H](CO)[C@@H](O)[C@H](N)[C@H]3O)[C@H]2O)[C@H](N)C[C@@H]1O","C18H37N5O9",467.514,6,0.106741,1.17962,"Primary Amine",36294,"C1[C@@H]([C@H]([C@@H]([C@H]([C@@H]1N)O[C@@H]2[C@@H]([C@H]([C@@H]([C@H](O2)CO)O)N)O)O)O[C@@H]3[C@@H](C[C@@H]([C@H](O3)CN)O)N)N","32986-56-4",467.5,"(+5)","+++++",0.428,4.23,"Primary Amine","Primary Amine","Antibiotic","Antibiotic","Aminoglycoside","Aminoglycoside",TRUE,TRUE,FALSE,FALSE,FALSE,TRUE,FALSE,FALSE,"Group 2","cation"
"Chloramphenicol","323.13","322.0123269","C11H12Cl2N2O5","true","32","20","2","6","1","1","0","0.36","3","5","0","112.7",0.291757274515895,"27.82","72.2","249.07","47.89","77.35","5.07","6.53","386.28","460.46","10.89","0.9","5.89","-3.21","High","0.88","-0.07","0.63","0.85","0.88","0.88","0.88","0.88","0.88",0.88,"0.88","0.87","0.83","0.58","0.12","-0.15","-0.67","18.32","2,2-dichloro-N-[(1R,2R)-1,3-dihydroxy-1-(4-nitrophenyl)propan-2-yl]acetamide","OC[C@@H](NC(=O)C(Cl)Cl)[C@H](O)C1=CC=C(C=C1)[N+]([O-])=O","InChI=1S/C11H12Cl2N2O5/c12-10(13)11(18)14-8(5-16)9(17)6-1-3-7(4-2-6)15(19)20/h1-4,8-10,16-17H,5H2,(H,14,18)/t8-,9-/m1/s1","WIIZWVCIJKGZOK-RKDXNWHRSA-N","chloramphenicol","chloramex; chloramphenicol; chloramphenicolum; chlorocid; chlorocol; cloramfenicol; fenicol; globenicol; halomycetin; laevomycetinum; levomicetina; levomycetin; oleomycetin; sificetina; 氯霉素","56-75-7, 125440-98-4, 2787-09-9","OC[C@@H](NC(=O)C(Cl)Cl)[C@H](O)C1=CC=C(C=C1)[N+]([O-])=O","C11H12Cl2N2O5",323.129,6,0.205359,0.97968,"No Amine",5959,"C1=CC(=CC=C1[C@H]([C@@H](CO)NC(=O)C(Cl)Cl)O)[N+](=O)[O-]","56-75-7",323.13,"(+/-)","+-",1,-3e-04,"No Amine","No Amine","Antibiotic","Antibiotic","Amphenicol","Amphenicol",FALSE,TRUE,FALSE,FALSE,TRUE,TRUE,TRUE,FALSE,"No group","Zwitterion"
"Loracarbef","349.77","349.0829337","C16H16ClN3O4","true","40","24","3","4","3","1","2","0.31","3","5","0","112.73",0.264854451049033,"33.45","86.64","286.02","43.72","91.6","4.83","7.9","425.63","447.93","3.0","7.23","5.15","-4.05","Moderate","-2.4","-6.87","-5.01","-3.52","-2.68","-2.43","-2.4","-2.42","-2.58",-2.792,"-3.11","-3.55","-3.66","-3.71","-3.98","-4.44","-4.74","24.73","(6R,7S)-7-[(2R)-2-amino-2-phenylacetamido]-3-chloro-8-oxo-1-azabicyclo[4.2.0]oct-2-ene-2-carboxylic acid","N[C@@H](C(=O)N[C@H]1[C@H]2CCC(Cl)=C(N2C1=O)C(O)=O)C1=CC=CC=C1","InChI=1S/C16H16ClN3O4/c17-9-6-7-10-12(15(22)20(10)13(9)16(23)24)19-14(21)11(18)8-4-2-1-3-5-8/h1-5,10-12H,6-7,18H2,(H,19,21)(H,23,24)/t10-,11+,12-/m0/s1","JAPHQRWPEGVNBT-UTUOFQBUSA-N","loracarbef","loracabef; loracarbef; loracarbefum; 氯碳头孢","76470-66-1","N[C@@H](C(=O)N[C@H]1[C@H]2CCC(Cl)=C(N2C1=O)C(O)=O)C1=CC=CC=C1","C16H16ClN3O4",349.769,4,0.0686433,0.787788,"Primary Amine",5284585,"C1CC(=C(N2[C@H]1[C@@H](C2=O)NC(=O)[C@@H](C3=CC=CC=C3)N)C(=O)O)Cl","76470-66-1",349.77,"(-1)","-",0.597,-0.6,"Primary Amine","Primary Amine","Antibiotic","Antibiotic","Cephm","Cephm",TRUE,TRUE,TRUE,TRUE,TRUE,FALSE,FALSE,FALSE,"Group 1","Anion"
"Ertapenem","475.52","475.141321331","C22H25N3O7S","true","58","33","6","7","4","1","3","0.45","5","8","0","156.27",0.256841378630245,"46.14","121.8","400.25","62.49","128.64","6.17","8.96","608.43","609.95","3.51","7.97","3.76","-4.01","Moderate","-3.27","-6.05","-5.15","-4.24","-3.51","-3.27","-3.9","-4.85","-5.79",-6.102,"-6.57","-7.2","-7.45","-7.49","-7.51","-7.64","-8.17","27.44","(4R,5S,6S)-3-{[(3S,5S)-5-[(3-carboxyphenyl)carbamoyl]pyrrolidin-3-yl]sulfanyl}-6-[(1R)-1-hydroxyethyl]-4-methyl-7-oxo-1-azabicyclo[3.2.0]hept-2-ene-2-carboxylic acid","C[C@@H](O)[C@@H]1[C@H]2[C@@H](C)C(S[C@@H]3CN[C@@H](C3)C(=O)NC3=CC=CC(=C3)C(O)=O)=C(N2C1=O)C(O)=O","InChI=1S/C22H25N3O7S/c1-9-16-15(10(2)26)20(28)25(16)17(22(31)32)18(9)33-13-7-14(23-8-13)19(27)24-12-5-3-4-11(6-12)21(29)30/h3-6,9-10,13-16,23,26H,7-8H2,1-2H3,(H,24,27)(H,29,30)(H,31,32)/t9-,10-,13+,14+,15-,16-/m1/s1","JUZNIMUFDBIJCM-ANEDZVCMSA-N","ertapenem","ertapenem","153832-46-3","C[C@@H](O)[C@@H]1[C@H]2[C@@H](C)C(S[C@@H]3CN[C@@H](C3)C(=O)NC3=CC=CC(=C3)C(O)=O)=C(N2C1=O)C(O)=O","C22H25N3O7S",475.515,7,0.0699567,1.10508,"Secondary Amine",150610,"C[C@@H]1[C@@H]2[C@H](C(=O)N2C(=C1S[C@H]3C[C@H](NC3)C(=O)NC4=CC=CC(=C4)C(=O)O)C(=O)O)[C@@H](C)O","153832-46-3",475.5,"(-1)","-",1,-1.21,"Secondary Amine","Secondary Amine","Antibiotic","Antibiotic","Penem","Penem",TRUE,TRUE,FALSE,FALSE,TRUE,FALSE,FALSE,FALSE,"No group","Anion"
"Imipenem","299.35","299.093977213","C12H17N3O4S","true","37","20","3","6","2","0","2","0.58","4","6","0","113.72",0.292159079231323,"28.55","86.14","252.41","38.3","85.5","4.09","8.58","389.24","482.09","3.72","11.8","7.92","-2.3","High","-3.8","-6.72","-5.79","-4.96","-4.4","-3.95","-3.82","-3.8","-3.8",-3.8,"-3.8","-3.8","-3.8","-3.86","-4.2","-4.95","-5.55","23.54","(5R,6S)-6-[(1R)-1-hydroxyethyl]-3-[(2-methanimidamidoethyl)sulfanyl]-7-oxo-1-azabicyclo[3.2.0]hept-2-ene-2-carboxylic acid","C[C@@H](O)[C@@H]1[C@H]2CC(SCCNC=N)=C(N2C1=O)C(O)=O","InChI=1S/C12H17N3O4S/c1-6(16)9-7-4-8(20-3-2-14-5-13)10(12(18)19)15(7)11(9)17/h5-7,9,16H,2-4H2,1H3,(H2,13,14)(H,18,19)/t6-,7-,9-/m1/s1","ZSKVGTPCRGIANV-ZXFLCMHBSA-N","imipenemum","imipenem anhydrous; imipenemum","64221-86-9","C[C@@H](O)[C@@H]1[C@H]2CC(SCCNC=N)=C(N2C1=O)C(O)=O","C12H17N3O4S",299.346,7,0.110536,0.885054,"No Amine",104838,"C[C@H]([C@@H]1[C@H]2CC(=C(N2C1=O)C(=O)O)SCCN=CN)O","64221-86-9",299.35,"(+/-)","+-",1,4e-04,"Amidine","Other","Antibiotic","Antibiotic","Penem","Penem",TRUE,TRUE,FALSE,FALSE,TRUE,TRUE,TRUE,FALSE,"Group 2","Zwitterion"
"Meropenem","383.46","383.151492091","C17H25N3O5S","true","51","26","6","5","3","0","3","0.71","3","6","0","110.18",0.208899759209753,"37.88","97.89","336.67","56.14","104.06","5.62","7.5","527.43","520.57","3.73","8.39","6.11","-2.34","High","-4.36","-10.1","-8.36","-6.54","-5.19","-4.53","-4.37","-4.36","-4.37",-4.414,"-4.48","-4.92","-5.31","-5.4","-5.41","-5.42","-5.45","27.42","(4R,5S,6S)-3-{[(3S,5S)-5-(dimethylcarbamoyl)pyrrolidin-3-yl]sulfanyl}-6-[(1R)-1-hydroxyethyl]-4-methyl-7-oxo-1-azabicyclo[3.2.0]hept-2-ene-2-carboxylic acid","C[C@@H](O)[C@@H]1[C@H]2[C@@H](C)C(S[C@@H]3CN[C@@H](C3)C(=O)N(C)C)=C(N2C1=O)C(O)=O","InChI=1S/C17H25N3O5S/c1-7-12-11(8(2)21)16(23)20(12)13(17(24)25)14(7)26-9-5-10(18-6-9)15(22)19(3)4/h7-12,18,21H,5-6H2,1-4H3,(H,24,25)/t7-,8-,9+,10+,11-,12-/m1/s1","DMJNNHOOLUXYBV-PQTSNVLCSA-N","meropenem","MEPM; antibiotic SM 7338; meropenem; meropenem (product); meropenem (substance); meropenem anhydrous; meropenem preparation; meropenemum; merrem I.V.","96036-03-2","C[C@@H](O)[C@@H]1[C@H]2[C@@H](C)C(S[C@@H]3CN[C@@H](C3)C(=O)N(C)C)=C(N2C1=O)C(O)=O","C17H25N3O5S",383.462,5,0.269672,1.11702,"Secondary Amine",441130,"C[C@@H]1[C@@H]2[C@H](C(=O)N2C(=C1S[C@H]3C[C@H](NC3)C(=O)N(C)C)C(=O)O)[C@@H](C)O","96036-03-2",383.5,"(+/-)","+-",0.908,-0.09,"Secondary Amine","Secondary Amine","Antibiotic","Antibiotic","Penem","Penem",TRUE,FALSE,TRUE,FALSE,TRUE,TRUE,TRUE,FALSE,"Group 2","Zwitterion"
"Tomopenem","537.64","537.236953049","C23H35N7O6S","false","72","37","7","8","4","0","4","0.7","6","10","0","192.39",0.258776531353402,"52.49","147.22","470.44","79.01","136.05","7.11","9.89","743.46","729.82","3.82","11.2","9.5","-3.1","High","-5.46","-16.71","-14.33","-11.92","-10.14","-9.0","-8.17","-7.22","-6.29",-6.03,"-5.64","-5.46","-5.46","-5.64","-6.26","-6.98","-7.27","37.77","(4R,5S,6S)-3-{[(3S,5S)-5-[(3S)-3-(2-carbamimidamidoacetamido)pyrrolidine-1-carbonyl]-1-methylpyrrolidin-3-yl]sulfanyl}-6-[(1R)-1-hydroxyethyl]-4-methyl-7-oxo-1-azabicyclo[3.2.0]hept-2-ene-2-carboxylic acid","C[C@@H](O)[C@@H]1[C@H]2[C@@H](C)C(S[C@H]3C[C@H](N(C)C3)C(=O)N3CC[C@@H](C3)NC(=O)CNC(N)=N)=C(N2C1=O)C(O)=O","InChI=1S/C23H35N7O6S/c1-10-17-16(11(2)31)21(34)30(17)18(22(35)36)19(10)37-13-6-14(28(3)9-13)20(33)29-5-4-12(8-29)27-15(32)7-26-23(24)25/h10-14,16-17,31H,4-9H2,1-3H3,(H,27,32)(H,35,36)(H4,24,25,26)/t10-,11-,12+,13+,14+,16-,17-/m1/s1","KEDAXBWZURNCHS-GPODMPQUSA-N","tomopenem","tomopenem","222400-20-6","C[C@@H](O)[C@@H]1[C@H]2[C@@H](C)C(S[C@H]3C[C@H](N(C)C3)C(=O)N3CC[C@@H](C3)NC(=O)CNC(N)=N)=C(N2C1=O)C(O)=O","C23H35N7O6S",537.632,9,0.0793919,1.17275,"Tertiary Amine",9809656,"C[C@@H]1[C@@H]2[C@H](C(=O)N2C(=C1S[C@H]3C[C@H](N(C3)C)C(=O)N4CC[C@@H](C4)NC(=O)CN=C(N)N)C(=O)O)[C@@H](C)O","222400-20-6",537.6,"(+1)","+",0.7098,0.71,"Tertiary Amine","Tertiary Amine","Antibiotic","Antibiotic","Penem","Penem",TRUE,TRUE,FALSE,FALSE,FALSE,TRUE,FALSE,FALSE,"Group 2","cation"
"Cefetamet","397.42","397.051460951","C14H15N5O5S2","true","41","26","2","5","3","1","3","0.36","3","8","0","147.21",0.323702091166964,"35.52","94.18","308.23","51.21","101.49","5.42","7.6","454.77","568.67","2.91","3.69","3.28","-4.04","Moderate","-0.61","-3.51","-2.1","-1.2","-0.61","-0.81","-1.64","-2.56","-3.21",-3.282,"-3.39","-3.42","-3.45","-3.7","-4.63","-5.75","-6.71","22.78","(6R,7R)-7-[(2Z)-2-(2-amino-1,3-thiazol-4-yl)-2-(methoxyimino)acetamido]-3-methyl-8-oxo-5-thia-1-azabicyclo[4.2.0]oct-2-ene-2-carboxylic acid","CO\N=C(/C(=O)N[C@H]1[C@H]2SCC(C)=C(N2C1=O)C(O)=O)C1=CSC(N)=N1","InChI=1S/C14H15N5O5S2/c1-5-3-25-12-8(11(21)19(12)9(5)13(22)23)17-10(20)7(18-24-2)6-4-26-14(15)16-6/h4,8,12H,3H2,1-2H3,(H2,15,16)(H,17,20)(H,22,23)/b18-7-/t8-,12-/m1/s1","MQLRYUCJDNBWMV-GHXIOONMSA-N","cefetamet","cefetamet","65052-63-3","CO\N=C(/C(=O)N[C@H]1[C@H]2SCC(C)=C(N2C1=O)C(O)=O)C1=CSC(N)=N1","C14H15N5O5S2",397.429,5,0.125208,0.993837,"No Amine",5487888,"CC1=C(N2[C@@H]([C@@H](C2=O)NC(=O)/C(=N\OC)/C3=CSC(=N3)N)SC1)C(=O)O","65052-63-3",397.4,"(-1)","-",1,-1,"No Amine","No Amine","Antibiotic","Antibiotic","Cephm","Cephm",TRUE,TRUE,TRUE,FALSE,TRUE,FALSE,FALSE,FALSE,"No group","Anion"
"Ceftibuten","410.42","410.035476535","C15H14N4O6S2","true","41","27","2","6","3","1","3","0.27","4","8","0","162.92",0.363717545152144,"36.25","97.02","313.74","61.37","94.23","5.52","6.95","447.93","529.44","3.01","4.69","3.35","-3.91","Moderate","-1.43","-3.33","-2.28","-1.79","-1.43","-1.7","-2.96","-4.75","-6.36",-6.684,"-7.17","-7.34","-7.37","-7.47","-8.24","-9.59","-10.63","23.87","(6R,7R)-7-[(2Z)-2-(2-amino-1,3-thiazol-4-yl)-4-carboxybut-2-enamido]-8-oxo-5-thia-1-azabicyclo[4.2.0]oct-2-ene-2-carboxylic acid","NC1=NC(=CS1)C(=C\CC(O)=O)\C(=O)N[C@H]1[C@H]2SCC=C(N2C1=O)C(O)=O","InChI=1S/C15H14N4O6S2/c16-15-17-7(5-27-15)6(1-2-9(20)21)11(22)18-10-12(23)19-8(14(24)25)3-4-26-13(10)19/h1,3,5,10,13H,2,4H2,(H2,16,17)(H,18,22)(H,20,21)(H,24,25)/b6-1-/t10-,13-/m1/s1","UNJFKXSSGBWRBZ-BJCIPQKHSA-N","ceftibuten","ceftibuten; ceftibutene; ceftibuteno; ceftibutenum; cis-ceftibuten","97519-39-6","NC1=NC(=CS1)C(=C\CC(O)=O)\C(=O)N[C@H]1[C@H]2SCC=C(N2C1=O)C(O)=O","C15H14N4O6S2",410.425,6,0.119103,1.03063,"No Amine",5282242,"C1C=C(N2[C@H](S1)[C@@H](C2=O)NC(=O)/C(=C\CC(=O)O)/C3=CSC(=N3)N)C(=O)O","97519-39-6",410.4,"(-2)","--",0.998,-2,"No Amine","No Amine","Antibiotic","Antibiotic","Cephm","Cephm",TRUE,TRUE,FALSE,FALSE,TRUE,FALSE,FALSE,FALSE,"No group","Anion"
"Cefaclor","367.8","367.0393548","C15H14ClN3O4S","true","38","24","3","4","3","1","2","0.27","3","5","0","112.73",0.270992091156037,"34.7","89.56","287.82","56.32","77.77","4.8","6.08","415.99","477.65","2.82","7.23","5.1","-4.47","Moderate","-2.31","-6.21","-4.41","-3.16","-2.5","-2.33","-2.31","-2.33","-2.49",-2.702,"-3.02","-3.46","-3.57","-3.65","-4.04","-4.87","-5.84","26.56","(6R,7R)-7-[(2R)-2-amino-2-phenylacetamido]-3-chloro-8-oxo-5-thia-1-azabicyclo[4.2.0]oct-2-ene-2-carboxylic acid","N[C@@H](C(=O)N[C@H]1[C@H]2SCC(Cl)=C(N2C1=O)C(O)=O)C1=CC=CC=C1","InChI=1S/C15H14ClN3O4S/c16-8-6-24-14-10(13(21)19(14)11(8)15(22)23)18-12(20)9(17)7-4-2-1-3-5-7/h1-5,9-10,14H,6,17H2,(H,18,20)(H,22,23)/t9-,10-,14-/m1/s1","QYIYFLOTGYLRGG-GPCCPHFNSA-N","cefaclor","cefaclor; cefaclorum","53994-73-3, 143059-69-2","N[C@@H](C(=O)N[C@H]1[C@H]2SCC(Cl)=C(N2C1=O)C(O)=O)C1=CC=CC=C1","C15H14ClN3O4S",367.807,4,0.0556511,0.663537,"Primary Amine",51039,"C1C(=C(N2[C@H](S1)[C@@H](C2=O)NC(=O)[C@@H](C3=CC=CC=C3)N)C(=O)O)Cl","53994-73-3",367.8,"(-1)","-",0.597,-0.6,"Primary Amine","Primary Amine","Antibiotic","Antibiotic","Cephm","Cephm",TRUE,TRUE,TRUE,TRUE,TRUE,FALSE,FALSE,FALSE,"Group 1","Anion"
"Cefadroxil","363.39","363.088891833","C16H17N3O5S","true","42","25","3","4","3","1","2","0.31","4","6","0","132.96",0.299472949231947,"35.27","90.95","299.26","43.92","92.47","4.39","8.04","443.98","499.95","3.51","7.22","5.49","-3.52","High","-2.45","-6.64","-4.81","-3.54","-2.92","-2.53","-2.45","-2.46","-2.62",-2.84,"-3.17","-3.72","-4.33","-5.21","-6.06","-7.07","-8.14","27.86","(6R,7R)-7-[(2R)-2-amino-2-(4-hydroxyphenyl)acetamido]-3-methyl-8-oxo-5-thia-1-azabicyclo[4.2.0]oct-2-ene-2-carboxylic acid","CC1=C(N2[C@H](SC1)[C@H](NC(=O)[C@H](N)C1=CC=C(O)C=C1)C2=O)C(O)=O","InChI=1S/C16H17N3O5S/c1-7-6-25-15-11(14(22)19(15)12(7)16(23)24)18-13(21)10(17)8-2-4-9(20)5-3-8/h2-5,10-11,15,20H,6,17H2,1H3,(H,18,21)(H,23,24)/t10-,11-,15-/m1/s1","BOEGTKLJZSQCCD-UEKVPHQBSA-N","cephadroxil","D-cefadroxil; cefadroxil anhydrous; cefadroxilo; cefadroxilum; cephadroxil","50370-12-2","CC1=C(N2[C@H](SC1)[C@H](NC(=O)[C@H](N)C1=CC=C(O)C=C1)C2=O)C(O)=O","C16H17N3O5S",363.388,4,0.0595045,0.7889,"Primary Amine",47965,"CC1=C(N2[C@@H]([C@@H](C2=O)NC(=O)[C@@H](C3=CC=C(C=C3)O)N)SC1)C(=O)O","50370-12-2",363.4,"(-1)","-",0.591,-0.61,"Primary Amine","Primary Amine","Antibiotic","Antibiotic","Cephm","Cephm",TRUE,TRUE,TRUE,TRUE,TRUE,FALSE,FALSE,FALSE,"Group 1","Anion"
"Cefamandole","462.5","462.078010052","C18H18N6O5S2","true","49","31","3","7","4","2","3","0.33","3","8","0","150.54",0.277462400471837,"43.36","126.65","364.75","58.25","98.53","5.1","7.56","542.56","616.98","3.41","2.11","2.78","-4.6","Moderate","-0.24","-3.64","-1.79","-0.5","-0.24","-0.75","-1.66","-2.6","-3.27",-3.35,"-3.47","-3.5","-3.52","-3.68","-4.21","-5.09","-6.65","23.01","(6R,7R)-7-[(2R)-2-hydroxy-2-phenylacetamido]-3-{[(1-methyl-1H-1,2,3,4-tetrazol-5-yl)sulfanyl]methyl}-8-oxo-5-thia-1-azabicyclo[4.2.0]oct-2-ene-2-carboxylic acid","CN1N=NN=C1SCC1=C(N2[C@H](SC1)[C@H](NC(=O)[C@H](O)C1=CC=CC=C1)C2=O)C(O)=O","InChI=1S/C18H18N6O5S2/c1-23-18(20-21-22-23)31-8-10-7-30-16-11(15(27)24(16)12(10)17(28)29)19-14(26)13(25)9-5-3-2-4-6-9/h2-6,11,13,16,25H,7-8H2,1H3,(H,19,26)(H,28,29)/t11-,13-,16-/m1/s1","OLVCFLKTBJRLHI-AXAPSJFSSA-N","cefamandole","L-cefamandole; cefadole; cefamandol; cefamandole; cefamandolum; cephadole; cephamandole","34444-01-4","CN1N=NN=C1SCC1=C(N2[C@H](SC1)[C@H](NC(=O)[C@H](O)C1=CC=CC=C1)C2=O)C(O)=O","C18H18N6O5S2",462.503,7,0.143717,1.30991,"No Amine",456255,"CN1C(=NN=N1)SCC2=C(N3[C@@H]([C@@H](C3=O)NC(=O)[C@@H](C4=CC=CC=C4)O)SC2)C(=O)O","34444-01-4",462.5,"(-1)","-",1,-1,"No Amine","No Amine","Antibiotic","Antibiotic","Cephm","Cephm",TRUE,TRUE,FALSE,FALSE,TRUE,FALSE,FALSE,FALSE,"No group","Anion"
"Cefazolin","454.5","454.030014485","C14H14N8O4S3","true","43","29","2","7","4","2","4","0.43","2","9","0","156.09",0.311619085645838,"39.86","119.86","339.08","62.38","94.54","5.38","7.64","500.9","613.95","3.03","1.66","2.44","-4.13","Moderate","-1.91","-5.18","-3.02","-1.95","-1.91","-2.55","-3.49","-4.39","-4.92",-4.964,"-5.03","-5.05","-5.1","-5.36","-5.88","-6.44","-7.3","23.61","(6R,7R)-3-{[(5-methyl-1,3,4-thiadiazol-2-yl)sulfanyl]methyl}-8-oxo-7-[2-(1H-1,2,3,4-tetrazol-1-yl)acetamido]-5-thia-1-azabicyclo[4.2.0]oct-2-ene-2-carboxylic acid","CC1=NN=C(SCC2=C(N3[C@H](SC2)[C@H](NC(=O)CN2C=NN=N2)C3=O)C(O)=O)S1","InChI=1S/C14H14N8O4S3/c1-6-17-18-14(29-6)28-4-7-3-27-12-9(11(24)22(12)10(7)13(25)26)16-8(23)2-21-5-15-19-20-21/h5,9,12H,2-4H2,1H3,(H,16,23)(H,25,26)/t9-,12-/m1/s1","MLYYVTUWGNIJIB-BXKDBHETSA-N","cefazolin","cefamezin; cefazolin; cefazolina; cefazolinum; cephamezine; cephazolidin; cephazoline","25953-19-9","CC1=NN=C(SCC2=C(N3[C@H](SC2)[C@H](NC(=O)CN2C=NN=N2)C3=O)C(O)=O)S1","C14H14N8O4S3",454.507,7,0.0516256,0.81931,"No Amine",33255,"CC1=NN=C(S1)SCC2=C(N3[C@@H]([C@@H](C3=O)NC(=O)CN4C=NN=N4)SC2)C(=O)O","25953-19-9",454.5,"(-1)","-",1,-1,"No Amine","No Amine","Antibiotic","Antibiotic","Cephm","Cephm",TRUE,TRUE,FALSE,FALSE,TRUE,FALSE,FALSE,FALSE,"No group","Anion"
"Cefdinir","395.41","395.035810887","C14H13N5O5S2","true","39","26","2","5","3","1","3","0.21","4","8","0","158.21",0.379282238151176,"35.27","94.34","300.14","54.22","89.42","5.32","7.2","417.13","451.91","2.92","3.7","3.29","-4.28","Moderate","-0.82","-3.29","-2.1","-1.37","-0.82","-1.02","-1.85","-2.78","-3.48",-3.668,"-3.95","-4.71","-5.53","-5.95","-6.14","-6.66","-7.55","23.11","(6R,7R)-7-[(2Z)-2-(2-amino-1,3-thiazol-4-yl)-2-(N-hydroxyimino)acetamido]-3-ethenyl-8-oxo-5-thia-1-azabicyclo[4.2.0]oct-2-ene-2-carboxylic acid","NC1=NC(=CS1)C(=N\O)\C(=O)N[C@H]1[C@H]2SCC(C=C)=C(N2C1=O)C(O)=O","InChI=1S/C14H13N5O5S2/c1-2-5-3-25-12-8(11(21)19(12)9(5)13(22)23)17-10(20)7(18-24)6-4-26-14(15)16-6/h2,4,8,12,24H,1,3H2,(H2,15,16)(H,17,20)(H,22,23)/b18-7-/t8-,12-/m1/s1","RTXOFQZKPXMALH-GHXIOONMSA-N","cefdinir","CFDN; abbott brand of cefdinir; cefdinir; cefdinir (substance); cefdinir preparation; cefdinir product; cefdinir product (product); cefdinirum; cefdinyl; cefdirnir; cefzon; omnicef","91832-40-5","NC1=NC(=CS1)C(=N\O)\C(=O)N[C@H]1[C@H]2SCC(C=C)=C(N2C1=O)C(O)=O","C14H13N5O5S2",395.414,5,0.0639176,0.875291,"No Amine",6915944,"C=CC1=C(N2[C@@H]([C@@H](C2=O)NC(=O)/C(=N\O)/C3=CSC(=N3)N)SC1)C(=O)O","91832-40-5",395.4,"(-1)","-",0.782,-1.21,"No Amine","No Amine","Antibiotic","Antibiotic","Cephm","Cephm",TRUE,TRUE,TRUE,FALSE,TRUE,FALSE,FALSE,FALSE,"No group","Anion"
"Cefditoren","506.57","506.050081226","C19H18N6O5S3","false","51","33","2","7","4","2","4","0.26","3","9","0","160.1",0.283297648328703,"46.24","124.18","392.14","65.28","118.32","6.07","8.43","565.13","669.7","2.46","3.75","3.36","-5.42","Low","-0.16","-3.14","-1.77","-0.9","-0.09","-0.16","-0.97","-1.89","-2.54",-2.616,"-2.73","-2.76","-2.8","-3.11","-4.04","-5.11","-6.06","21.85","(6R,7R)-7-[(2Z)-2-(2-amino-1,3-thiazol-4-yl)-2-(methoxyimino)acetamido]-3-[(1Z)-2-(4-methyl-1,3-thiazol-5-yl)ethenyl]-8-oxo-5-thia-1-azabicyclo[4.2.0]oct-2-ene-2-carboxylic acid","CO\N=C(/C(=O)N[C@H]1[C@H]2SCC(\C=C/C3=C(C)N=CS3)=C(N2C1=O)C(O)=O)C1=CSC(N)=N1","InChI=1S/C19H18N6O5S3/c1-8-11(33-7-21-8)4-3-9-5-31-17-13(16(27)25(17)14(9)18(28)29)23-15(26)12(24-30-2)10-6-32-19(20)22-10/h3-4,6-7,13,17H,5H2,1-2H3,(H2,20,22)(H,23,26)(H,28,29)/b4-3-,24-12-/t13-,17-/m1/s1","KMIPKYQIOVAHOP-YLGJWRNMSA-N","cefditoren","cefditoren","104145-95-1","CO\N=C(/C(=O)N[C@H]1[C@H]2SCC(\C=C/C3=C(C)N=CS3)=C(N2C1=O)C(O)=O)C1=CSC(N)=N1","C19H18N6O5S3",506.578,7,0.100202,1.09041,"No Amine",9870843,"CC1=C(SC=N1)/C=C\C2=C(N3[C@@H]([C@@H](C3=O)NC(=O)/C(=N\OC)/C4=CSC(=N4)N)SC2)C(=O)O","104145-95-1",506.6,"(-1)","-",1,-1,"No Amine","No Amine","Antibiotic","Antibiotic","Cephm","Cephm",TRUE,TRUE,FALSE,FALSE,TRUE,FALSE,FALSE,FALSE,"No group","Anion"
"Cefixime","453.44","453.041290191","C16H15N5O7S2","true","45","30","2","8","3","1","3","0.25","4","10","0","184.51",0.374350754747606,"39.59","104.91","345.32","52.39","112.07","5.38","8.97","492.88","597.12","2.66","4.1","2.92","-4.59","Moderate","-1.2","-3.66","-2.29","-1.54","-1.2","-1.93","-3.57","-5.43","-6.82",-6.996,"-7.26","-7.33","-7.36","-7.61","-8.55","-9.67","-10.63","24.22","(6R,7R)-7-[(2Z)-2-(2-amino-1,3-thiazol-4-yl)-2-[(carboxymethoxy)imino]acetamido]-3-ethenyl-8-oxo-5-thia-1-azabicyclo[4.2.0]oct-2-ene-2-carboxylic acid","NC1=NC(=CS1)C(=N\OCC(O)=O)\C(=O)N[C@H]1[C@H]2SCC(C=C)=C(N2C1=O)C(O)=O","InChI=1S/C16H15N5O7S2/c1-2-6-4-29-14-10(13(25)21(14)11(6)15(26)27)19-12(24)9(20-28-3-8(22)23)7-5-30-16(17)18-7/h2,5,10,14H,1,3-4H2,(H2,17,18)(H,19,24)(H,22,23)(H,26,27)/b20-9-/t10-,14-/m1/s1","OKBVVJOGVLARMR-QSWIMTSFSA-N","cefixime","(-)-cefixim; cefixime","79350-37-1","NC1=NC(=CS1)C(=N\OCC(O)=O)\C(=O)N[C@H]1[C@H]2SCC(C=C)=C(N2C1=O)C(O)=O","C16H15N5O7S2",453.45,8,0.0839773,0.960782,"No Amine",5362065,"C=CC1=C(N2[C@@H]([C@@H](C2=O)NC(=O)/C(=N\OCC(=O)O)/C3=CSC(=N3)N)SC1)C(=O)O","79350-37-1",453.5,"(-2)","--",0.999,-2,"No Amine","No Amine","Antibiotic","Antibiotic","Cephm","Cephm",TRUE,TRUE,FALSE,FALSE,TRUE,FALSE,FALSE,FALSE,"No group","Anion"
"Cefmetazole","471.53","471.045330197","C15H17N7O5S3","true","47","30","2","9","3","1","3","0.53","2","9","0","163.33",0.295523630310487,"42.42","124.57","364.08","57.59","107.74","5.01","9.33","552.68","680.56","3.51","2.18","2.77","-4.07","Moderate","-0.95","-4.5","-2.65","-1.28","-0.95","-1.4","-2.28","-3.22","-3.92",-4.012,"-4.15","-4.19","-4.29","-4.68","-5.03","-5.11","-5.12","25.21","(6R,7S)-7-{2-[(cyanomethyl)sulfanyl]acetamido}-7-methoxy-3-{[(1-methyl-1H-1,2,3,4-tetrazol-5-yl)sulfanyl]methyl}-8-oxo-5-thia-1-azabicyclo[4.2.0]oct-2-ene-2-carboxylic acid","CO[C@]1(NC(=O)CSCC#N)[C@H]2SCC(CSC3=NN=NN3C)=C(N2C1=O)C(O)=O","InChI=1S/C15H17N7O5S3/c1-21-14(18-19-20-21)30-6-8-5-29-13-15(27-2,17-9(23)7-28-4-3-16)12(26)22(13)10(8)11(24)25/h13H,4-7H2,1-2H3,(H,17,23)(H,24,25)/t13-,15-/m1/s1","SNBUBQHDYVFSQF-HIFRSBDPSA-N","cefmetazole","cefmetazole; cefmetazolo; cefmetazolo [inn-spanish]; cefmetazolum","56796-20-4","CO[C@]1(NC(=O)CSCC#N)[C@H]2SCC(CSC3=NN=NN3C)=C(N2C1=O)C(O)=O","C15H17N7O5S3",471.534,9,0.114685,1.1815,"No Amine",42008,"CN1C(=NN=N1)SCC2=C(N3[C@@H]([C@@](C3=O)(NC(=O)CSCC#N)OC)SC2)C(=O)O","56796-20-4",471.5,"(-1)","-",0.999,-1,"No Amine","No Amine","Antibiotic","Antibiotic","Cephm","Cephm",TRUE,TRUE,FALSE,FALSE,TRUE,FALSE,FALSE,FALSE,"No group","Anion"
"Cefotaxime","455.46","455.056940255","C16H17N5O7S2","true","47","30","2","8","3","1","3","0.37","3","9","0","173.51",0.329009992984053,"40.08","105.11","353.28","62.2","101.03","5.02","8.55","527.37","654.92","2.92","3.67","3.27","-4.07","Moderate","-1.45","-4.35","-2.94","-2.04","-1.45","-1.67","-2.51","-3.43","-4.06",-4.128,"-4.23","-4.26","-4.29","-4.55","-5.49","-6.6","-7.56","24.04","(6R,7R)-3-[(acetyloxy)methyl]-7-[(2Z)-2-(2-amino-1,3-thiazol-4-yl)-2-(methoxyimino)acetamido]-8-oxo-5-thia-1-azabicyclo[4.2.0]oct-2-ene-2-carboxylic acid","CO\N=C(/C(=O)N[C@H]1[C@H]2SCC(COC(C)=O)=C(N2C1=O)C(O)=O)C1=CSC(N)=N1","InChI=1S/C16H17N5O7S2/c1-6(22)28-3-7-4-29-14-10(13(24)21(14)11(7)15(25)26)19-12(23)9(20-27-2)8-5-30-16(17)18-8/h5,10,14H,3-4H2,1-2H3,(H2,17,18)(H,19,23)(H,25,26)/b20-9-/t10-,14-/m1/s1","GPRBEKHLDVQUJE-QSWIMTSFSA-N","cefotaxime","N/A","63527-52-6, 60846-21-1, 1056874-43-1","CO\N=C(/C(=O)N[C@H]1[C@H]2SCC(COC(C)=O)=C(N2C1=O)C(O)=O)C1=CSC(N)=N1","C16H17N5O7S2",455.465,8,0.0633306,0.860276,"No Amine",5742673,"CC(=O)OCC1=C(N2[C@@H]([C@@H](C2=O)NC(=O)/C(=N\OC)/C3=CSC(=N3)N)SC1)C(=O)O","63527-52-6",455.5,"(-1)","-",1,-1,"No Amine","No Amine","Antibiotic","Antibiotic","Cephm","Cephm",TRUE,TRUE,FALSE,FALSE,TRUE,FALSE,FALSE,FALSE,"No group","Anion"
"Cefotetan","575.6","575.002145231","C17H17N7O8S4","false","53","36","3","9","4","1","4","0.41","4","11","0","219.93",0.360765722909353,"50.3","153.55","422.94","77.77","109.84","6.41","8.33","609.62","713.63","3.35","2.08","2.61","-4.99","Low","-0.74","-4.22","-2.18","-0.94","-0.74","-1.49","-3.13","-5.02","-6.58",-6.864,"-7.29","-7.43","-7.53","-7.89","-8.27","-8.36","-8.35","33.04","(6R,7S)-7-{4-[carbamoyl(carboxy)methylidene]-1,3-dithietane-2-amido}-7-methoxy-3-{[(1-methyl-1H-1,2,3,4-tetrazol-5-yl)sulfanyl]methyl}-8-oxo-5-thia-1-azabicyclo[4.2.0]oct-2-ene-2-carboxylic acid","CO[C@]1(NC(=O)C2SC(S2)=C(C(N)=O)C(O)=O)[C@H]2SCC(CSC3=NN=NN3C)=C(N2C1=O)C(O)=O","InChI=1S/C17H17N7O8S4/c1-23-16(20-21-22-23)34-4-5-3-33-15-17(32-2,14(31)24(15)7(5)11(29)30)19-9(26)13-35-12(36-13)6(8(18)25)10(27)28/h13,15H,3-4H2,1-2H3,(H2,18,25)(H,19,26)(H,27,28)(H,29,30)/t13?,15-,17-/m1/s1","SRZNHPXWXCNNDU-RHBCBLIFSA-N","cefotetan","cefotetan","69712-56-7","CO[C@]1(NC(=O)C2SC(S2)=C(C(N)=O)C(O)=O)[C@H]2SCC(CSC3=NN=NN3C)=C(N2C1=O)C(O)=O","C17H17N7O8S4",575.619,9,0.0740319,1.11531,"No Amine",53025,"CN1C(=NN=N1)SCC2=C(N3[C@@H]([C@@](C3=O)(NC(=O)C4SC(=C(C(=O)N)C(=O)O)S4)OC)SC2)C(=O)O","69712-56-7",575.6,"(-2)","--",0.999,-2,"No Amine","No Amine","Antibiotic","Antibiotic","Cephm","Cephm",TRUE,TRUE,FALSE,FALSE,TRUE,FALSE,FALSE,FALSE,"No group","Anion"
"Cefoxitin","427.45","427.050792247","C16H17N3O7S2","true","45","28","2","8","3","1","3","0.37","3","6","0","148.26",0.289643854885029,"38.31","98.76","335.61","57.37","98.2","5.46","7.94","511.87","596.04","3.68","2.3","3.01","-3.74","High","0.05","-3.74","-1.88","-0.41","0.05","-0.3","-1.14","-2.09","-2.88",-3.004,"-3.19","-3.24","-3.28","-3.51","-3.96","-4.15","-4.11","23.92","(6R,7S)-3-[(carbamoyloxy)methyl]-7-methoxy-8-oxo-7-[2-(thiophen-2-yl)acetamido]-5-thia-1-azabicyclo[4.2.0]oct-2-ene-2-carboxylic acid","CO[C@]1(NC(=O)CC2=CC=CS2)[C@H]2SCC(COC(N)=O)=C(N2C1=O)C(O)=O","InChI=1S/C16H17N3O7S2/c1-25-16(18-10(20)5-9-3-2-4-27-9)13(23)19-11(12(21)22)8(6-26-15(17)24)7-28-14(16)19/h2-4,14H,5-7H2,1H3,(H2,17,24)(H,18,20)(H,21,22)/t14-,16-/m1/s1","WZOZEZRFJCJXNZ-ZBFHGGJFSA-N","cefoxitin","cefoxitin","35607-66-0, 73356-24-8","CO[C@]1(NC(=O)CC2=CC=CS2)[C@H]2SCC(COC(N)=O)=C(N2C1=O)C(O)=O","C16H17N3O7S2",427.452,8,0.124945,1.08839,"No Amine",441199,"CO[C@@]1([C@@H]2N(C1=O)C(=C(CS2)COC(=O)N)C(=O)O)NC(=O)CC3=CC=CS3","35607-66-0",427.5,"(-1)","-",1,-1,"No Amine","No Amine","Antibiotic","Antibiotic","Cephm","Cephm",TRUE,TRUE,FALSE,FALSE,TRUE,FALSE,FALSE,FALSE,"No group","Anion"
"Cefpodoxime","427.45","427.062025635","C15H17N5O6S2","true","45","28","2","7","3","1","3","0.4","3","9","0","156.44",0.312542454149518,"38.1","100.71","334.2","51.99","104.99","4.86","8.35","500.54","626.13","2.93","3.69","3.29","-3.83","High","-1.23","-4.14","-2.74","-1.84","-1.23","-1.43","-2.26","-3.19","-3.84",-3.916,"-4.03","-4.06","-4.09","-4.33","-5.26","-6.4","-7.36","23.62","(6R,7R)-7-[(2Z)-2-(2-amino-1,3-thiazol-4-yl)-2-(methoxyimino)acetamido]-3-(methoxymethyl)-8-oxo-5-thia-1-azabicyclo[4.2.0]oct-2-ene-2-carboxylic acid","COCC1=C(N2[C@H](SC1)[C@H](NC(=O)C(=N/OC)\C1=CSC(N)=N1)C2=O)C(O)=O","InChI=1S/C15H17N5O6S2/c1-25-3-6-4-27-13-9(12(22)20(13)10(6)14(23)24)18-11(21)8(19-26-2)7-5-28-15(16)17-7/h5,9,13H,3-4H2,1-2H3,(H2,16,17)(H,18,21)(H,23,24)/b19-8-/t9-,13-/m1/s1","WYUSVOMTXWRGEK-HBWVYFAYSA-N","cefpodoxime","banan; cefpodoxima; cefpodoxime; cefpodoxime (product); cefpodoxime (substance); cefpodoxime preparation; cefpodoxime sodium salt; cefpodoximum; cpdx-PR; doxef; orelox; otreon; podomexef; vantin","80210-62-4, 82619-04-3","COCC1=C(N2[C@H](SC1)[C@H](NC(=O)C(=N/OC)\C1=CSC(N)=N1)C2=O)C(O)=O","C15H17N5O6S2",427.455,7,0.0802953,1.02026,"No Amine",6335986,"COCC1=C(N2[C@@H]([C@@H](C2=O)NC(=O)/C(=N\OC)/C3=CSC(=N3)N)SC1)C(=O)O","80210-62-4",427.5,"(-1)","-",1,-1,"No Amine","No Amine","Antibiotic","Antibiotic","Cephm","Cephm",TRUE,TRUE,FALSE,FALSE,TRUE,FALSE,FALSE,FALSE,"No group","Anion"
"Cefprozil","389.43","389.104541898","C18H19N3O5S","true","46","27","3","5","3","1","2","0.28","4","6","0","132.96",0.279192826995359,"38.68","101.27","325.48","46.35","99.11","4.28","8.7","476.23","545.45","3.56","7.22","5.53","-4.49","Moderate","-1.92","-5.83","-4.04","-2.92","-2.4","-2.01","-1.92","-1.93","-2.09",-2.31,"-2.64","-3.2","-3.8","-4.67","-5.51","-6.52","-7.61","27.46","(6R,7R)-7-[(2R)-2-amino-2-(4-hydroxyphenyl)acetamido]-8-oxo-3-(prop-1-en-1-yl)-5-thia-1-azabicyclo[4.2.0]oct-2-ene-2-carboxylic acid","CC=CC1=C(N2[C@H](SC1)[C@H](NC(=O)[C@H](N)C1=CC=C(O)C=C1)C2=O)C(O)=O","InChI=1S/C18H19N3O5S/c1-2-3-10-8-27-17-13(16(24)21(17)14(10)18(25)26)20-15(23)12(19)9-4-6-11(22)7-5-9/h2-7,12-13,17,22H,8,19H2,1H3,(H,20,23)(H,25,26)/t12-,13-,17-/m1/s1","WDLWHQDACQUCJR-PBFPGSCMSA-N","cefprozilo","cefprozilo; cefprozilum","92665-29-7","CC=CC1=C(N2[C@H](SC1)[C@H](NC(=O)[C@H](N)C1=CC=C(O)C=C1)C2=O)C(O)=O","C18H19N3O5S",389.426,5,0.202988,1.1284,"Primary Amine",62977,"CC=CC1=C(N2[C@@H]([C@@H](C2=O)NC(=O)[C@@H](C3=CC=C(C=C3)O)N)SC1)C(=O)O","92665-29-7",389.4,"(-1)","-",0.591,-0.61,"Primary Amine","Primary Amine","Antibiotic","Antibiotic","Cephm","Cephm",TRUE,TRUE,TRUE,TRUE,TRUE,FALSE,FALSE,FALSE,"Group 1","Anion"
"Ceftizoxime","383.4","383.035810887","C13H13N5O5S2","true","38","25","2","5","3","1","3","0.31","3","8","0","147.21",0.348269417303461,"33.71","89.9","291.02","52.27","92.91","5.7","7.29","422.69","537.82","2.84","3.66","3.23","-4.1","Moderate","-0.87","-3.52","-2.15","-1.39","-0.87","-1.12","-1.96","-2.88","-3.48",-3.544,"-3.64","-3.66","-3.7","-3.97","-4.9","-6.0","-6.95","23.33","(6R,7R)-7-[(2Z)-2-(2-amino-1,3-thiazol-4-yl)-2-(methoxyimino)acetamido]-8-oxo-5-thia-1-azabicyclo[4.2.0]oct-2-ene-2-carboxylic acid","CO\N=C(/C(=O)N[C@H]1[C@H]2SCC=C(N2C1=O)C(O)=O)C1=CSC(N)=N1","InChI=1S/C13H13N5O5S2/c1-23-17-7(5-4-25-13(14)15-5)9(19)16-8-10(20)18-6(12(21)22)2-3-24-11(8)18/h2,4,8,11H,3H2,1H3,(H2,14,15)(H,16,19)(H,21,22)/b17-7-/t8-,11-/m1/s1","NNULBSISHYWZJU-LLKWHZGFSA-N","ceftizoxime","cefizox; cefizox in plastic container; ceftix; ceftizoxima; ceftizoxima [inn-spanish]; ceftizoxime; ceftizoxime (product); ceftizoxime (substance); ceftizoxime monosodium salt; ceftizoxime preparation; ceftizoxime sodium (substance); ceftizoxime sodium preparation; ceftizoximum; epocelin; eposerin; fujiwasa brand of cetizoxime sodium; glaxosmithkline brand of cetizoxime sodium; monosodium salt, ceftizoxime; salt, ceftizoxime monosodium; sodium, ceftizoxime; yamanouchi brand of ceftizoxime sodium","68401-81-0","CO\N=C(/C(=O)N[C@H]1[C@H]2SCC=C(N2C1=O)C(O)=O)C1=CSC(N)=N1","C13H13N5O5S2",383.403,5,0.0664694,0.712237,"No Amine",6533629,"CO/N=C(/C1=CSC(=N1)N)\C(=O)N[C@H]2[C@@H]3N(C2=O)C(=CCS3)C(=O)O","68401-81-0",383.4,"(-1)","-",1,-1,"No Amine","No Amine","Antibiotic","Antibiotic","Cephm","Cephm",TRUE,TRUE,TRUE,FALSE,TRUE,FALSE,FALSE,FALSE,"No group","Anion"
"Ceftriaxone","554.57","554.046058474","C18H18N8O7S3","false","54","36","2","8","4","2","4","0.33","4","12","0","208.98",0.343225975988306,"48.6","128.47","417.5","62.98","119.7","5.65","10.0","608.87","731.07","2.87","3.38","2.99","-5.19","Low","-1.83","-4.92","-3.29","-2.37","-1.83","-2.37","-3.58","-4.61","-5.29",-5.37,"-5.49","-5.52","-5.56","-5.84","-6.77","-7.86","-8.82","24.82","(6R,7R)-7-[(2Z)-2-(2-amino-1,3-thiazol-4-yl)-2-(methoxyimino)acetamido]-3-{[(2-methyl-5,6-dioxo-1,2,5,6-tetrahydro-1,2,4-triazin-3-yl)sulfanyl]methyl}-8-oxo-5-thia-1-azabicyclo[4.2.0]oct-2-ene-2-carboxylic acid","CO\N=C(/C(=O)N[C@H]1[C@H]2SCC(CSC3=NC(=O)C(=O)NN3C)=C(N2C1=O)C(O)=O)C1=CSC(N)=N1","InChI=1S/C18H18N8O7S3/c1-25-18(22-12(28)13(29)23-25)36-4-6-3-34-15-9(14(30)26(15)10(6)16(31)32)21-11(27)8(24-33-2)7-5-35-17(19)20-7/h5,9,15H,3-4H2,1-2H3,(H2,19,20)(H,21,27)(H,23,29)(H,31,32)/b24-8-/t9-,15-/m1/s1","VAAUVRVFOQPIGI-SPQHTLEESA-N","ceftriaxone","ceftriaxona; ceftriaxone; ceftriaxonum","73384-59-5, 104376-79-6","CO\N=C(/C(=O)N[C@H]1[C@H]2SCC(CSC3=NC(=O)C(=O)NN3C)=C(N2C1=O)C(O)=O)C1=CSC(N)=N1","C18H18N8O7S3",554.58,8,0.061768,0.903582,"No Amine",5479530,"CN1C(=NC(=O)C(=O)N1)SCC2=C(N3[C@@H]([C@@H](C3=O)NC(=O)/C(=N\OC)/C4=CSC(=N4)N)SC2)C(=O)O","73384-59-5",554.6,"(-1)","-",1,-2,"No Amine","No Amine","Antibiotic","Antibiotic","Cephm","Cephm",TRUE,TRUE,FALSE,FALSE,TRUE,FALSE,FALSE,FALSE,"No group","Anion"
"Cefuroxime","424.38","424.068884665","C16H16N4O8S","true","45","29","2","8","3","1","3","0.31","3","7","0","173.76",0.348586675226192,"37.3","97.17","330.42","59.51","95.21","5.32","7.82","498.47","630.21","3.21","1.66","2.39","-3.95","Moderate","-1.16","-3.71","-2.0","-1.16","-1.19","-1.82","-2.75","-3.67","-4.26",-4.32,"-4.41","-4.43","-4.47","-4.75","-5.69","-6.78","-7.68","24.15","(6R,7R)-3-[(carbamoyloxy)methyl]-7-[(2Z)-2-(furan-2-yl)-2-(methoxyimino)acetamido]-8-oxo-5-thia-1-azabicyclo[4.2.0]oct-2-ene-2-carboxylic acid","CO\N=C(/C(=O)N[C@H]1[C@H]2SCC(COC(N)=O)=C(N2C1=O)C(O)=O)C1=CC=CO1","InChI=1S/C16H16N4O8S/c1-26-19-9(8-3-2-4-27-8)12(21)18-10-13(22)20-11(15(23)24)7(5-28-16(17)25)6-29-14(10)20/h2-4,10,14H,5-6H2,1H3,(H2,17,25)(H,18,21)(H,23,24)/b19-9-/t10-,14-/m1/s1","JFPVXVDWJQMJEE-IZRZKJBUSA-N","sharox","cefuroximo; cefuroximum; cephuroxime; sharox; zinacef danmark","55268-75-2","CO\N=C(/C(=O)N[C@H]1[C@H]2SCC(COC(N)=O)=C(N2C1=O)C(O)=O)C1=CC=CO1","C16H16N4O8S",424.385,8,0.106943,1.01324,"No Amine",5479529,"CO/N=C(/C1=CC=CO1)\C(=O)N[C@H]2[C@@H]3N(C2=O)C(=C(CS3)COC(=O)N)C(=O)O","55268-75-2",424.4,"(-1)","-",1,-1,"No Amine","No Amine","Antibiotic","Antibiotic","Cephm","Cephm",TRUE,TRUE,FALSE,FALSE,TRUE,FALSE,FALSE,FALSE,"No group","Anion"
"Cefalexin","347.39","347.093977213","C16H17N3O4S","true","41","24","3","4","3","1","2","0.31","3","5","0","112.73",0.260244245908073,"34.63","88.97","290.68","43.27","89.32","4.39","7.8","433.17","490.65","3.51","7.23","5.5","-3.96","Moderate","-2.14","-6.34","-4.5","-3.24","-2.62","-2.23","-2.14","-2.15","-2.32",-2.532,"-2.85","-3.29","-3.4","-3.45","-3.74","-4.6","-5.63","26.33","(6R,7R)-7-[(2R)-2-amino-2-phenylacetamido]-3-methyl-8-oxo-5-thia-1-azabicyclo[4.2.0]oct-2-ene-2-carboxylic acid","CC1=C(N2[C@H](SC1)[C@H](NC(=O)[C@H](N)C1=CC=CC=C1)C2=O)C(O)=O","InChI=1S/C16H17N3O4S/c1-8-7-24-15-11(14(21)19(15)12(8)16(22)23)18-13(20)10(17)9-5-3-2-4-6-9/h2-6,10-11,15H,7,17H2,1H3,(H,18,20)(H,22,23)/t10-,11-,15-/m1/s1","ZAIPMKNFIOOWCQ-UEKVPHQBSA-N","cephalexin","CEX; cefalessina; cefalexin; cefalexin sodium; cefalexina; cefalexina [inn-spanish]; cefalexine; cefalexine [inn-french]; cefalexinum; celexin; cepastar; cepexin; cephacillin; cephalexin; cephalexin 1-hydrate; cephalexin hydrate; cephalexine; cephalexinum; ceporexin; check","15686-71-2, 34632-04-7","CC1=C(N2[C@H](SC1)[C@H](NC(=O)[C@H](N)C1=CC=CC=C1)C2=O)C(O)=O","C16H17N3O4S",347.389,4,0.0809696,0.892803,"Primary Amine",27447,"CC1=C(N2[C@@H]([C@@H](C2=O)NC(=O)[C@@H](C3=CC=CC=C3)N)SC1)C(=O)O","15686-71-2",347.4,"(-1)","-",0.597,-0.6,"Primary Amine","Primary Amine","Antibiotic","Antibiotic","Cephm","Cephm",TRUE,TRUE,TRUE,TRUE,TRUE,FALSE,FALSE,FALSE,"Group 1","Anion"
"Cephalothin","396.43","396.044978591","C16H16N2O6S2","true","42","26","2","7","3","1","3","0.37","2","5","0","113.01",0.238760246767515,"36.38","93.79","315.17","51.59","103.13","4.66","8.4","473.32","563.6","3.67","2.04","2.89","-3.81","High","-0.15","-3.48","-1.65","-0.41","-0.15","-0.53","-1.37","-2.33","-3.13",-3.262,"-3.46","-3.51","-3.52","-3.58","-3.93","-4.77","-5.75","22.72","(6R,7R)-3-[(acetyloxy)methyl]-8-oxo-7-[2-(thiophen-2-yl)acetamido]-5-thia-1-azabicyclo[4.2.0]oct-2-ene-2-carboxylic acid","CC(=O)OCC1=C(N2[C@H](SC1)[C@H](NC(=O)CC1=CC=CS1)C2=O)C(O)=O","InChI=1S/C16H16N2O6S2/c1-8(19)24-6-9-7-26-15-12(14(21)18(15)13(9)16(22)23)17-11(20)5-10-3-2-4-25-10/h2-4,12,15H,5-7H2,1H3,(H,17,20)(H,22,23)/t12-,15-/m1/s1","XIURVHNZVLADCM-IUODEOHRSA-N","cefalotin","CET; cefalothin; cefalotin; cefalotina [inn-spanish]; cefalotine [inn-french]; cefalotinum; cephalothin; cephalothinum; cephalotin","153-61-7, 51098-29-4","CC(=O)OCC1=C(N2[C@H](SC1)[C@H](NC(=O)CC1=CC=CS1)C2=O)C(O)=O","C16H16N2O6S2",396.438,7,0.04724,0.82884,"No Amine",6024,"CC(=O)OCC1=C(N2[C@@H]([C@@H](C2=O)NC(=O)CC3=CC=CS3)SC1)C(=O)O","153-61-7",396.4,"(-1)","-",1,-1,"No Amine","No Amine","Antibiotic","Antibiotic","Cephm","Cephm",TRUE,TRUE,FALSE,FALSE,TRUE,FALSE,FALSE,FALSE,"No group","Anion"
"Cefradine","349.41","349.109627278","C16H19N3O4S","true","43","24","3","4","3","0","2","0.44","3","5","0","112.73",0.264754926137298,"34.88","92.0","295.23","55.87","77.72","4.76","6.06","425.79","461.5","3.52","7.6","5.69","-4.11","Moderate","-2.45","-6.57","-4.75","-3.52","-2.93","-2.54","-2.45","-2.45","-2.53",-2.69,"-2.93","-3.49","-3.68","-3.74","-4.01","-4.87","-5.93","26.73","(6R,7R)-7-[(2R)-2-amino-2-(cyclohexa-1,4-dien-1-yl)acetamido]-3-methyl-8-oxo-5-thia-1-azabicyclo[4.2.0]oct-2-ene-2-carboxylic acid","CC1=C(N2[C@H](SC1)[C@H](NC(=O)[C@H](N)C1=CCC=CC1)C2=O)C(O)=O","InChI=1S/C16H19N3O4S/c1-8-7-24-15-11(14(21)19(15)12(8)16(22)23)18-13(20)10(17)9-5-3-2-4-6-9/h2-3,6,10-11,15H,4-5,7,17H2,1H3,(H,18,20)(H,22,23)/t10-,11-,15-/m1/s1","RDLPVSKMFDYCOR-UEKVPHQBSA-N","cefradine","CED; anspor; cefradina; cefradine; cefradinum; cephradin; cephradine; eskacef; sefril; velosef","38821-53-3","CC1=C(N2[C@H](SC1)[C@H](NC(=O)[C@H](N)C1=CCC=CC1)C2=O)C(O)=O","C16H19N3O4S",349.405,4,0.0736696,0.959754,"Primary Amine",38103,"CC1=C(N2[C@@H]([C@@H](C2=O)NC(=O)[C@@H](C3=CCC=CC3)N)SC1)C(=O)O","38821-53-3",349.4,"(+/-)","+-",0.611,-0.39,"Primary Amine","Primary Amine","Antibiotic","Antibiotic","Cephm","Cephm",TRUE,TRUE,TRUE,TRUE,TRUE,TRUE,TRUE,FALSE,"Group 1","Zwitterion"
"Cefepime","481.57","481.132236697","C19H25N6O5S2","true","57","32","2","7","4","1","4","0.53","3","8","1","147.21",0.241177627052,"45.39","131.14","398.41","58.83","117.6","5.4","9.2","610.38","609.67","2.98","3.71","7.39",NA,"N/A","-4.33","-7.83","-6.41","-5.41","-4.33","-3.62","-3.47","-3.45","-3.45",-3.45,"-3.45","-3.45","-3.48","-3.69","-4.62","-5.79","-6.75","33.01","1-{[(6R,7R)-7-[(2Z)-2-(2-amino-1,3-thiazol-4-yl)-2-(methoxyimino)acetamido]-2-carboxy-8-oxo-5-thia-1-azabicyclo[4.2.0]oct-2-en-3-yl]methyl}-1-methylpyrrolidin-1-ium","CO\N=C(/C(=O)N[C@H]1[C@H]2SCC(C[N+]3(C)CCCC3)=C(N2C1=O)C(O)=O)C1=CSC(N)=N1","InChI=1S/C19H24N6O5S2/c1-25(5-3-4-6-25)7-10-8-31-17-13(16(27)24(17)14(10)18(28)29)22-15(26)12(23-30-2)11-9-32-19(20)21-11/h9,13,17H,3-8H2,1-2H3,(H3-,20,21,22,26,28,29)/p+1/b23-12-/t13-,17-/m1/s1","HVFLCNVBZFFHBT-ZKDACBOMSA-O","cefepime(1+)","cefepime conjugate acid; cefepime(1+)","N/A","CO\N=C(/C(=O)N[C@H]1[C@H]2SCC(C[N+]3(C)CCCC3)=C(N2C1=O)C(O)=O)C1=CSC(N)=N1","C19H25N6O5S2+",481.569,7,0.0525081,0.880448,"No Amine",5479537,"C[N+]1(CCCC1)CC2=C(N3[C@@H]([C@@H](C3=O)NC(=O)/C(=N\OC)/C4=CSC(=N4)N)SC2)C(=O)[O-]","88040-23-7",480.6,"(+/-)","+-",1,0,"Pyridinium","Other","Antibiotic","Antibiotic","Cephm","Cephm",TRUE,TRUE,FALSE,FALSE,TRUE,TRUE,TRUE,FALSE,"Group 2","Zwitterion"
"Cefpirome","515.58","515.116586633","C22H23N6O5S2","false","58","35","2","7","5","2","4","0.36","3","8","1","151.09",0.241076699695244,"48.99","130.46","416.64","78.37","113.34","5.83","7.84","626.73","683.71","2.88","3.62","7.17",NA,"N/A","-4.04","-7.04","-5.64","-4.74","-4.04","-3.72","-3.66","-3.65","-3.65",-3.65,"-3.65","-3.66","-3.71","-4.06","-4.98","-6.02","-6.96","23.16","1-{[(6R,7R)-7-[(2Z)-2-(2-amino-1,3-thiazol-4-yl)-2-(methoxyimino)acetamido]-2-carboxy-8-oxo-5-thia-1-azabicyclo[4.2.0]oct-2-en-3-yl]methyl}-5H,6H,7H-cyclopenta[b]pyridin-1-ium","CO\N=C(/C(=O)N[C@H]1[C@H]2SCC(C[N+]3=CC=CC4=C3CCC4)=C(N2C1=O)C(O)=O)C1=CSC(N)=N1","InChI=1S/C22H22N6O5S2/c1-33-26-15(13-10-35-22(23)24-13)18(29)25-16-19(30)28-17(21(31)32)12(9-34-20(16)28)8-27-7-3-5-11-4-2-6-14(11)27/h3,5,7,10,16,20H,2,4,6,8-9H2,1H3,(H3-,23,24,25,29,31,32)/p+1/b26-15-/t16-,20-/m1/s1","DKOQGJHPHLTOJR-WHRDSVKCSA-O","1-{[(6R,7R)-7-[(2Z)-2-(2-amino-1,3-thiazol-4-yl)-2-(methoxyimino)acetamido]-2-carboxy-8-oxo-5-thia-1-azabicyclo[4.2.0]oct-2-en-3-yl]methyl}-5H,6H,7H-cyclopenta[b]pyridin-1-ium","N/A","N/A","CO\N=C(/C(=O)N[C@H]1[C@H]2SCC(C[N+]3=CC=CC4=C3CCC4)=C(N2C1=O)C(O)=O)C1=CSC(N)=N1","C22H23N6O5S2+",515.585,7,0.112809,1.1944,"No Amine",5479539,"CO/N=C(/C1=CSC(=N1)N)\C(=O)N[C@H]2[C@@H]3N(C2=O)C(=C(CS3)C[N+]4=CC=CC5=C4CCC5)C(=O)[O-]","84957-29-9",514.6,"(+/-)","+-",1,-3e-04,"Pyridinium","Other","Antibiotic","Antibiotic","Cephm","Cephm",TRUE,TRUE,FALSE,FALSE,TRUE,TRUE,TRUE,FALSE,"Group 2","Zwitterion"
"Ceftazidime","547.58","547.106415873","C22H23N6O7S2","false","60","37","2","9","4","2","4","0.32","4","10","1","188.39",0.284512572679906,"50.49","133.04","439.97","69.1","123.28","5.81","8.39","662.15","721.4","2.62","4.05","3.66",NA,"N/A","-4.18","-6.98","-5.59","-4.73","-4.18","-4.27","-5.0","-5.94","-6.73",-6.862,"-7.06","-7.12","-7.17","-7.49","-8.42","-9.48","-10.43","25.73","1-{[(6R,7R)-7-[(2Z)-2-(2-amino-1,3-thiazol-4-yl)-2-[(1-carboxy-1-methylethoxy)imino]acetamido]-2-carboxy-8-oxo-5-thia-1-azabicyclo[4.2.0]oct-2-en-3-yl]methyl}pyridin-1-ium","CC(C)(O\N=C(/C(=O)N[C@H]1[C@H]2SCC(C[N+]3=CC=CC=C3)=C(N2C1=O)C(O)=O)C1=CSC(N)=N1)C(O)=O","InChI=1S/C22H22N6O7S2/c1-22(2,20(33)34)35-26-13(12-10-37-21(23)24-12)16(29)25-14-17(30)28-15(19(31)32)11(9-36-18(14)28)8-27-6-4-3-5-7-27/h3-7,10,14,18H,8-9H2,1-2H3,(H4-,23,24,25,29,31,32,33,34)/p+1/b26-13-/t14-,18-/m1/s1","ORFOPKXBNMVMKC-DWVKKRMSSA-O","1-{[(6R,7R)-7-[(2Z)-2-(2-amino-1,3-thiazol-4-yl)-2-[(1-carboxy-1-methylethoxy)imino]acetamido]-2-carboxy-8-oxo-5-thia-1-azabicyclo[4.2.0]oct-2-en-3-yl]methyl}pyridin-1-ium","N/A","N/A","CC(C)(O\N=C(/C(=O)N[C@H]1[C@H]2SCC(C[N+]3=CC=CC=C3)=C(N2C1=O)C(O)=O)C1=CSC(N)=N1)C(O)=O","C22H23N6O7S2+",547.584,9,0.076105,1.10744,"No Amine",5481173,"CC(C)(C(=O)O)O/N=C(/C1=CSC(=N1)N)\C(=O)N[C@H]2[C@@H]3N(C2=O)C(=C(CS3)C[N+]4=CC=CC=C4)C(=O)[O-]","72558-82-8",546.6,"(-1)","-",0.999,-1,"Pyridinium","Other","Antibiotic","Antibiotic","Cephm","Cephm",TRUE,TRUE,FALSE,FALSE,TRUE,FALSE,FALSE,FALSE,"No group","Anion"
"Ceftobiprole","534.57","534.110372808","C20H22N8O6S2","false","58","36","3","6","5","1","5","0.45","5","11","0","203.44",0.334462236543583,"48.65","131.04","417.38","62.31","119.52","5.45","9.36","608.26","576.44","3.23","9.4","4.55","-3.83","High","-4.77","-8.61","-6.39","-5.49","-5.02","-4.77","-4.77","-5.07","-5.82",-6.14,"-6.62","-7.06","-7.53","-7.87","-8.04","-8.56","-9.45","32.93","(6R,7R)-7-[(2Z)-2-(5-amino-1,2,4-thiadiazol-3-yl)-2-(N-hydroxyimino)acetamido]-8-oxo-3-{[(3E,3'R)-2-oxo-[1,3'-bipyrrolidin]-3-ylidene]methyl}-5-thia-1-azabicyclo[4.2.0]oct-2-ene-2-carboxylic acid","NC1=NC(=NS1)C(=N\O)\C(=O)N[C@H]1[C@H]2SCC(\C=C3/CCN([C@@H]4CCNC4)C3=O)=C(N2C1=O)C(O)=O","InChI=1S/C20H22N8O6S2/c21-20-24-14(26-36-20)11(25-34)15(29)23-12-17(31)28-13(19(32)33)9(7-35-18(12)28)5-8-2-4-27(16(8)30)10-1-3-22-6-10/h5,10,12,18,22,34H,1-4,6-7H2,(H,23,29)(H,32,33)(H2,21,24,26)/b8-5+,25-11-/t10-,12+,18+/m0/s1","VOAZJEPQLGBXGO-SDAWRPRTSA-N","ceftobiprole","ceftobiprole","209467-52-7","NC1=NC(=NS1)C(=N\O)\C(=O)N[C@H]1[C@H]2SCC(\C=C3/CCN([C@@H]4CCNC4)C3=O)=C(N2C1=O)C(O)=O","C20H22N8O6S2",534.569,6,0.0331409,0.878164,"Secondary Amine",135413542,"C1CNC[C@@H]1N2CC/C(=C\C3=C(N4[C@@H]([C@@H](C4=O)NC(=O)/C(=N\O)/C5=NSC(=N5)N)SC3)C(=O)O)/C2=O","209467-52-7",534.6,"(-1)","-",0.963,-0.98,"Secondary Amine","Secondary Amine","Antibiotic","Antibiotic","Cephm","Cephm",TRUE,TRUE,FALSE,FALSE,TRUE,FALSE,FALSE,FALSE,"No group","Anion"
"Iclaprim","354.41","354.169190584","C19H22N4O3","true","48","26","1","5","4","2","2","0.37","2","7","0","105.51",0.210514764565044,"37.25","101.99","315.68","55.77","102.33","5.75","7.46","501.2","564.1",NA,"7.15",NA,"-4.66","Low","2.49","0.67","0.96","1.01","1.01","1.02","1.09","1.47","2.12",2.244,"2.43","2.48","2.48","2.49","2.49","2.49","2.49","7.93","5-[(2-cyclopropyl-7,8-dimethoxy-2H-chromen-5-yl)methyl]pyrimidine-2,4-diamine","COC1=C(OC)C2=C(C=CC(O2)C2CC2)C(CC2=CN=C(N)N=C2N)=C1","InChI=1/C19H22N4O3/c1-24-15-8-11(7-12-9-22-19(21)23-18(12)20)13-5-6-14(10-3-4-10)26-16(13)17(15)25-2/h5-6,8-10,14H,3-4,7H2,1-2H3,(H4,20,21,22,23)","HWJPWWYTGBZDEG-UHFFFAOYNA-N","iclaprim","iclaprim","192314-93-5","COC1=C(OC)C2=C(C=CC(O2)C2CC2)C(CC2=CN=C(N)N=C2N)=C1","C19H22N4O3",354.403,5,0.115437,0.893691,"No Amine",213043,"COC1=C(C2=C(C=CC(O2)C3CC3)C(=C1)CC4=CN=C(N=C4N)N)OC","192314-93-5",354.4,"0","0",0.638,0.85,"No Amine","No Amine","Antibiotic","Antibiotic","Diaminopyrimidine","Diaminopyrimidine",FALSE,TRUE,TRUE,FALSE,FALSE,FALSE,FALSE,TRUE,"No group","Neutral"
"Trimethoprim","290.323","290.137890456","C14H18N4O3","true","39","21","0","5","2","2","1","0.29","2","7","0","105.51",0.244672216682513,"29.76","81.51","261.31","51.14","81.1","4.97","6.98","431.23","536.63",NA,"7.16",NA,"-2.8","High","1.28","-0.53","-0.24","-0.19","-0.19","-0.18","-0.11","0.27","0.92",1.044,"1.23","1.28","1.28","1.28","1.28","1.28","1.28","9.95","5-[(3,4,5-trimethoxyphenyl)methyl]pyrimidine-2,4-diamine","COC1=CC(CC2=CN=C(N)N=C2N)=CC(OC)=C1OC","InChI=1S/C14H18N4O3/c1-19-10-5-8(6-11(20-2)12(10)21-3)4-9-7-17-14(16)18-13(9)15/h5-7H,4H2,1-3H3,(H4,15,16,17,18)","IEDVJHCEMCRBQM-UHFFFAOYSA-N","trimethoprim","abacin; abaprim; alprim; apo-sulfatrim; bactin; bactramin; bactrim DS; bactrim pediatric; baktar; chemotrim; comox; cotrim; cotrim D.S.; drylin; eusaprim; fectrim; gantaprim; gantrim; idotrim; imexim; instalac; ipral; kepinol; laratrim; lidaprim; linaris; methoprim; microtrim; monoprim; monotrim; monotrimin; nopil; oraprim; priloprim; primosept; primsol; proloprim; septra; septra DS; septra grape; septrin; sigaprim; sulfamethoprim; sulfamethoprim-DS; sulfamethoxazole & trimethoprim; sulfatrim; sulfatrim pediatric; sulfatrim-DS; sulfatrim-SS; sulfotrim; sulmeprim; sulmeprim pediatric; sulprim; sumetrolim; supracombin; suprim; syraprim; teleprim; thiocuran; tiempe; tmp-ratiopharm; trigonyl; trimanyl; trimesulf; trimeth/sulfa; trimethioprim; trimethoprim; trimethopriom; trimetoprim; trimexazole; trimogal; trimopan; trimpex; trimpex 200; triprim; unitrim; uretrim; uro-septra; uroplus; uroplus DS; uroplus SS; wellcoprim; 甲氧苄啶","738-70-5","COC1=CC(CC2=CN=C(N)N=C2N)=CC(OC)=C1OC","C14H18N4O3",290.318,5,0.212497,1.09901,"No Amine",5578,"COC1=CC(=CC(=C1OC)OC)CC2=CN=C(N=C2N)N","738-70-5",290.32,"(0)","0",0.637,0.85,"No Amine","No Amine","Antibiotic","Antibiotic","Diaminopyrimidine","Diaminopyrimidine",FALSE,TRUE,TRUE,FALSE,FALSE,FALSE,FALSE,TRUE,"No group","Neutral"
"Nalidixic acid","232.239","232.084792254","C12H12N2O3","true","29","17","0","2","2","2","2","0.25","1","5","0","70.5",0.223200151966061,"23.02","62.82","203.62","33.69","74.76","5.16","6.35","315.86","431.95","6.53","4.7","6.03","-2.02","High","1.05","-0.72","-0.71","-0.65","-0.29","0.46","1.0","1.05","0.61",0.262,"-0.26","-1.21","-1.97","-2.25","-2.29","-2.29","-2.29","8.67","1-ethyl-7-methyl-4-oxo-1,4-dihydro-1,8-naphthyridine-3-carboxylic acid","CCN1C=C(C(O)=O)C(=O)C2=CC=C(C)N=C12","InChI=1S/C12H12N2O3/c1-3-14-6-9(12(16)17)10(15)8-5-4-7(2)13-11(8)14/h4-6H,3H2,1-2H3,(H,16,17)","MHWLWQUZZRMNGJ-UHFFFAOYSA-N","nalidixic acid","NegGram; acid, nalidixic; acide nalidixico; acide nalidixique; acido nalidissico; acido nalidixico; acidum nalidixicum; anhydrous sodium nalidixic acid; betaxina; cybis; dixiben; dixinal; eucistin; innoxalon; jicsron; kusnarin; monohydrate sodium nalidixic acid; naladixic acid; naldixic acid; nalidic acid; nalidicron; nalidixan; nalidixic acid; nalidixic acid (product); nalidixic acid (substance); nalidixic acid USP27; nalidixic acid preparation; nalidixin; nalidixinic acid; nalitucsan; nalix; nalurin; narigix; naxuril; negram; nevigramon; nicelate; nogram; poleon; sicmylon; sodium nalidixic acid, anhydrous; sodium nalidixic acid, monohydrate; sodium, nalidixate; specifen; specifin; unaserus; uralgin; uriben; uriclar; urisal; urodixin; uroman; uroneg; uronidix; uropan; wintomylon; wintron","389-08-2","CCN1C=C(C(O)=O)C(=O)C2=CC=C(C)N=C12","C12H12N2O3",232.235,2,0.048226,0.444408,"No Amine",4421,"CCN1C=C(C(=O)C2=C1N=C(C=C2)C)C(=O)O","389-08-2",232.23,"(-1)","-",0.882,-0.87,"No Amine","No Amine","Antibiotic","Antibiotic","Quinolone","Quinolone",FALSE,TRUE,TRUE,FALSE,TRUE,FALSE,FALSE,FALSE,"No group","Anion"
"Delafloxacin","440.76","440.0499171","C18H12ClF3N4O4","true","42","30","0","3","4","3","3","0.17","3","8","0","119.99",0.25246170678337,"36.25","101.33","323.51","53.93","108.42","6.32","7.7","475.28","548.04","6.22","-1.33","2.95","-5.43","Low","2.56","2.54","2.56","2.56","2.56","2.56","2.53","2.35","1.71",1.338,"0.78","-0.15","-0.78","-0.95","-0.97","-0.98","-1.04","8.97","1-(6-amino-3,5-difluoropyridin-2-yl)-8-chloro-6-fluoro-7-(3-hydroxyazetidin-1-yl)-4-oxo-1,4-dihydroquinoline-3-carboxylic acid","NC1=NC(N2C=C(C(O)=O)C(=O)C3=CC(F)=C(N4CC(O)C4)C(Cl)=C23)=C(F)C=C1F","InChI=1S/C18H12ClF3N4O4/c19-12-13-7(1-9(20)14(12)25-3-6(27)4-25)15(28)8(18(29)30)5-26(13)17-11(22)2-10(21)16(23)24-17/h1-2,5-6,27H,3-4H2,(H2,23,24)(H,29,30)","DYDCPNMLZGFQTM-UHFFFAOYSA-N","delafloxacin","delafloxacin","189279-58-1","NC1=NC(N2C=C(C(O)=O)C(=O)C3=CC(F)=C(N4CC(O)C4)C(Cl)=C23)=C(F)C=C1F","C18H12ClF3N4O4",440.76,3,0.110779,0.854186,"No Amine",487101,"C1C(CN1C2=C(C=C3C(=C2Cl)N(C=C(C3=O)C(=O)O)C4=C(C=C(C(=N4)N)F)F)F)O","189279-58-1",440.8,"(-1)","-",0.9383,-0.94,"No Amine","No Amine","Antibiotic","Antibiotic","Fluoroquinolone","Fluoroquinolone",FALSE,TRUE,TRUE,FALSE,TRUE,FALSE,FALSE,FALSE,"No group","Anion"
"Ciprofloxacin","331.347","331.133219615","C17H18FN3O3","true","42","24","0","3","4","2","2","0.41","2","6","0","72.88",0.165448354143019,"32.27","87.94","282.81","43.25","97.73","5.02","7.53","440.5","476.26","5.96","8.69","7.47","-2.31","High","-0.77","-1.89","-1.71","-1.69","-1.68","-1.65","-1.43","-0.97","-0.77",-0.786,"-0.81","-1.16","-1.73","-1.94","-1.97","-1.98","-1.98","13.42","1-cyclopropyl-6-fluoro-4-oxo-7-(piperazin-1-yl)-1,4-dihydroquinoline-3-carboxylic acid","OC(=O)C1=CN(C2CC2)C2=CC(N3CCNCC3)=C(F)C=C2C1=O","InChI=1S/C17H18FN3O3/c18-13-7-11-14(8-15(13)20-5-3-19-4-6-20)21(10-1-2-10)9-12(16(11)22)17(23)24/h7-10,19H,1-6H2,(H,23,24)","MYSWGUAQZAJSOK-UHFFFAOYSA-N","ciprofloxacin","CPFX; Eni; Unex; alcon cilox; bacquinor; baflox; baycip; bernoflox; bi-cipro; ciflox; cifloxin; cilab; ciloxan; ciplus; ciprecu; ciprinol; cipro; cipro I.V.; cipro XL; cipro XR; ciprobay; ciprobay uro; ciprocinol; ciprodar; ciproflox; ciprofloxacin; ciprofloxacin (product); ciprofloxacin (substance); ciprofloxacin ophthalmic preparation; ciprofloxacin ophthalmic preparation (product); ciprofloxacin preparation; ciprofloxacin product; ciprofloxacina; ciprofloxacine; ciprofloxacino; ciprofloxacinum; ciprogis; ciprolin; ciprolon; cipromycin; ciproquinol; ciprowin; ciproxan; ciproxin; ciproxina; ciproxine; ciriax; citopcin; cixan; corsacin; cycin; fimoflox; flociprin; ipiflox; italnik; loxan; ocuflox; probiox; proflaxin; proflox; proksi 250; proksi 500; proquin XR; quinolid; quintor; rancif; roxytal; septicide; sophixin ofteno; spitacin; superocin; velomonit; zumaflox; 环丙沙星","85721-33-1","OC(=O)C1=CN(C2CC2)C2=CC(N3CCNCC3)=C(F)C=C2C1=O","C17H18FN3O3",331.342,3,0.0389834,0.55308,"Secondary Amine",2764,"C1CC1N2C=C(C(=O)C3=CC(=C(C=C32)N4CCNCC4)F)C(=O)O","85721-33-1",331.34,"(+/-)","+-",0.918,0.02,"Secondary Amine","Secondary Amine","Antibiotic","Antibiotic","Fluoroquinolone","Fluoroquinolone",TRUE,TRUE,TRUE,TRUE,TRUE,TRUE,TRUE,FALSE,"Group 1","Zwitterion"
"Clinafloxacin","365.79","365.0942473","C17H17ClFN3O3","true","42","25","1","3","4","2","2","0.41","2","6","0","86.87",0.193854324734446,"34.22","92.51","295.66","43.33","100.12","5.29","8.15","448.12","491.35","6.24","9.8","8.17","-3.53","High","-0.41","-1.19","-1.19","-1.19","-1.19","-1.18","-1.08","-0.73","-0.46",-0.44,"-0.41","-0.46","-0.77","-1.36","-1.64","-1.68","-1.68","12.84","7-(3-aminopyrrolidin-1-yl)-8-chloro-1-cyclopropyl-6-fluoro-4-oxo-1,4-dihydroquinoline-3-carboxylic acid","NC1CCN(C1)C1=C(F)C=C2C(=O)C(=CN(C3CC3)C2=C1Cl)C(O)=O","InChI=1/C17H17ClFN3O3/c18-13-14-10(5-12(19)15(13)21-4-3-8(20)6-21)16(23)11(17(24)25)7-22(14)9-1-2-9/h5,7-9H,1-4,6,20H2,(H,24,25)","QGPKADBNRMWEQR-UHFFFAOYNA-N","clinafloxacin","clinafloxacin; 克林沙星","105956-97-6","NC1CCN(C1)C1=C(F)C=C2C(=O)C(=CN(C3CC3)C2=C1Cl)C(O)=O","C17H17ClFN3O3",365.787,3,0.0711641,0.807859,"Primary Amine",60063,"C1CC1N2C=C(C(=O)C3=CC(=C(C(=C32)Cl)N4CCC(C4)N)F)C(=O)O","105956-97-6",365.8,"(+/-)","+-",0.931,0.12,"Primary Amine","Primary Amine","Antibiotic","Antibiotic","Fluoroquinolone","Fluoroquinolone",TRUE,TRUE,TRUE,TRUE,TRUE,TRUE,TRUE,FALSE,"Group 1","Zwitterion"
"Danofloxacin","357.385","357.148869679","C19H20FN3O3","true","46","26","2","3","5","2","3","0.47","1","6","0","64.09",0.134946202598278,"35.21","95.47","305.95","46.19","99.08","5.03","7.82","474.93","504.91","5.88","7.63","6.9","-2.64","High","0.14","-1.7","-1.57","-1.55","-1.52","-1.29","-0.63","0.01","0.14",-0.016,"-0.25","-1.01","-1.47","-1.57","-1.58","-1.58","-1.58","12.7","1-cyclopropyl-6-fluoro-7-[(1S,4S)-5-methyl-2,5-diazabicyclo[2.2.1]heptan-2-yl]-4-oxo-1,4-dihydroquinoline-3-carboxylic acid","CN1C[C@@H]2C[C@H]1CN2C1=C(F)C=C2C(=O)C(=CN(C3CC3)C2=C1)C(O)=O","InChI=1S/C19H20FN3O3/c1-21-7-12-4-11(21)8-22(12)17-6-16-13(5-15(17)20)18(24)14(19(25)26)9-23(16)10-2-3-10/h5-6,9-12H,2-4,7-8H2,1H3,(H,25,26)/t11-,12+/m1/s1","QMLVECGLEOSESV-RYUDHWBXSA-N","danofloxacin","advocid; advocin; danofloxacin; danofloxacine; danofloxacino; danofloxacinum; pfizer brand of danofloxacin mesylate; 达氟沙星","112398-08-0","CN1C[C@@H]2C[C@H]1CN2C1=C(F)C=C2C(=O)C(=CN(C3CC3)C2=C1)C(O)=O","C19H20FN3O3",357.379,3,0.0953695,0.895309,"Tertiary Amine",71335,"CN1C[C@@H]2C[C@H]1CN2C3=C(C=C4C(=C3)N(C=C(C4=O)C(=O)O)C5CC5)F","112398-08-0",357.4,"(+/-)","+-",0.607,-0.32,"Tertiary Amine","Tertiary Amine","Antibiotic","Antibiotic","Fluoroquinolone","Fluoroquinolone",TRUE,TRUE,TRUE,TRUE,TRUE,TRUE,TRUE,FALSE,"Group 1","Zwitterion"
"Difloxacin","399.398","399.13944781","C21H19F2N3O3","true","48","29","0","3","4","3","2","0.24","1","6","0","64.09",0.122985108996009,"38.57","105.19","336.36","55.77","108.12","6.41","8.41","521.12","571.75","6.33","8.37","7.5","-3.67","High","1.27","-0.43","-0.21","-0.19","-0.18","-0.12","0.22","0.9","1.27",1.25,"1.22","0.69","0.06","-0.17","-0.21","-0.21","-0.21","12.52","6-fluoro-1-(4-fluorophenyl)-7-(4-methylpiperazin-1-yl)-4-oxo-1,4-dihydroquinoline-3-carboxylic acid","CN1CCN(CC1)C1=C(F)C=C2C(=C1)N(C=C(C(O)=O)C2=O)C1=CC=C(F)C=C1","InChI=1S/C21H19F2N3O3/c1-24-6-8-25(9-7-24)19-11-18-15(10-17(19)23)20(27)16(21(28)29)12-26(18)14-4-2-13(22)3-5-14/h2-5,10-12H,6-9H2,1H3,(H,28,29)","NOCJXYPHIIZEHN-UHFFFAOYSA-N","difloxacin","1-ffmpoc; dicural; difloxacin; marbocyl; 二氟沙星","98106-17-3","CN1CCN(CC1)C1=C(F)C=C2C(=C1)N(C=C(C(O)=O)C2=O)C1=CC=C(F)C=C1","C21H19F2N3O3",399.391,3,0.085643,0.85109,"Tertiary Amine",56206,"CN1CCN(CC1)C2=C(C=C3C(=C2)N(C=C(C3=O)C(=O)O)C4=CC=C(C=C4)F)F","98106-17-3",399.4,"(+/-)","+-",0.83,0.05,"Tertiary Amine","Tertiary Amine","Antibiotic","Antibiotic","Fluoroquinolone","Fluoroquinolone",FALSE,TRUE,TRUE,TRUE,TRUE,TRUE,TRUE,FALSE,"Group 3","Zwitterion"
"Dx-619","401.438","401.175084428","C21H24FN3O4","true","53","29","3","5","5","2","2","0.52","2","7","0","96.1",0.174473493100944,"39.62","105.66","347.79","52.75","110.23","5.21","8.97","550.8","542.0","6.13","9.22","7.82","-3.27","High","-1.04","-3.7","-2.77","-2.09","-1.87","-1.83","-1.7","-1.3","-1.06",-1.052,"-1.04","-1.21","-1.75","-2.22","-2.32","-2.34","-2.34","12.65","7-[(3R)-3-(1-aminocyclopropyl)pyrrolidin-1-yl]-1-[(1R,2S)-2-fluorocyclopropyl]-8-methoxy-4-oxo-1,4-dihydroquinoline-3-carboxylic acid","COC1=C2N(C=C(C(O)=O)C(=O)C2=CC=C1N1CC[C@H](C1)C1(N)CC1)[C@@H]1C[C@@H]1F","InChI=1S/C21H24FN3O4/c1-29-19-15(24-7-4-11(9-24)21(23)5-6-21)3-2-12-17(19)25(16-8-14(16)22)10-13(18(12)26)20(27)28/h2-3,10-11,14,16H,4-9,23H2,1H3,(H,27,28)/t11-,14-,16-/m1/s1","ZLICIITZJTYKAQ-DIOULYMOSA-N","7-[(3R)-3-(1-aminocyclopropyl)pyrrolidin-1-yl]-1-[(1R,2S)-2-fluorocyclopropyl]-8-methoxy-4-oxoquinoline-3-carboxylic acid","N/A","431058-65-0","COC1=C2N(C=C(C(O)=O)C(=O)C2=CC=C1N1CC[C@H](C1)C1(N)CC1)[C@@H]1C[C@@H]1F","C21H24FN3O4",401.431,5,0.0650917,0.837973,"Primary Amine",9865774,"COC1=C(C=CC2=C1N(C=C(C2=O)C(=O)O)[C@@H]3C[C@@H]3F)N4CC[C@H](C4)C5(CC5)N","431058-65-0",401.4,"(+/-)","+-",0.935,0.08,"Primary Amine","Primary Amine","Antibiotic","Antibiotic","Fluoroquinolone","Fluoroquinolone",TRUE,TRUE,TRUE,TRUE,TRUE,TRUE,TRUE,FALSE,"Group 1","Zwitterion"
"Enoxacin","320.324","320.128468586","C15H17FN4O3","true","40","23","0","3","3","2","3","0.4","2","7","0","85.77",0.200219431346001,"30.31","83.95","273.1","41.88","94.54","5.01","7.43","428.38","489.26","5.7","8.58","7.29","-2.62","High","-0.94","-2.03","-1.85","-1.83","-1.82","-1.77","-1.48","-1.06","-0.94",-0.968,"-1.01","-1.4","-1.92","-2.09","-2.11","-2.11","-2.11","14.44","1-ethyl-6-fluoro-4-oxo-7-(piperazin-1-yl)-1,4-dihydro-1,8-naphthyridine-3-carboxylic acid","CCN1C=C(C(O)=O)C(=O)C2=CC(F)=C(N=C12)N1CCNCC1","InChI=1S/C15H17FN4O3/c1-2-19-8-10(15(22)23)12(21)9-7-11(16)14(18-13(9)19)20-5-3-17-4-6-20/h7-8,17H,2-6H2,1H3,(H,22,23)","IDYZIJYBMGIQMJ-UHFFFAOYSA-N","enoxacin","ENX; bactidan; comprecin; enoram; enoxacin; enoxacin (product); enoxacin (substance); enoxacin preparation; enoxacine; enoxacino; enoxacinum; enoxin; enoxor; faulding brand of enoxacin; flumark; penetrex; pierre fabre brand of enoxacin sesquihydrate; sesquihydrate, enoxacin","74011-58-8","CCN1C=C(C(O)=O)C(=O)C2=CC(F)=C(N=C12)N1CCNCC1","C15H17FN4O3",320.319,3,0.0513581,0.591163,"Secondary Amine",3229,"CCN1C=C(C(=O)C2=CC(=C(N=C21)N3CCNCC3)F)C(=O)O","74011-58-8",320.32,"(+/-)","+-",0.92,-0.02,"Secondary Amine","Secondary Amine","Antibiotic","Antibiotic","Fluoroquinolone","Fluoroquinolone",TRUE,TRUE,TRUE,TRUE,TRUE,TRUE,TRUE,FALSE,"Group 1","Zwitterion"
"Fleroxacin","369.344","369.130025941","C17H18F3N3O3","true","44","26","0","4","3","2","2","0.41","1","6","0","64.09",0.133417990299144,"32.58","90.84","305.16","47.09","101.47","5.57","8.46","480.37","524.17","6.29","8.24","7.41","-2.39","High","-0.16","-1.69","-1.69","-1.69","-1.68","-1.6","-1.21","-0.51","-0.16",-0.2,"-0.26","-0.84","-1.47","-1.68","-1.71","-1.71","-1.71","13.72","6,8-difluoro-1-(2-fluoroethyl)-7-(4-methylpiperazin-1-yl)-4-oxo-1,4-dihydroquinoline-3-carboxylic acid","CN1CCN(CC1)C1=C(F)C=C2C(=O)C(=CN(CCF)C2=C1F)C(O)=O","InChI=1S/C17H18F3N3O3/c1-21-4-6-22(7-5-21)15-12(19)8-10-14(13(15)20)23(3-2-18)9-11(16(10)24)17(25)26/h8-9H,2-7H2,1H3,(H,25,26)","XBJBPGROQZJDOJ-UHFFFAOYSA-N","fleroxacin","FLRX; fleroxacin; fleroxacin (substance); fleroxacine; fleroxacino; fleroxacinum; fleroxicin; grünenthal brand of fleroxacin; megalocin; megalone; quinodis; 氟罗沙星","79660-72-3, 79660-53-0","CN1CCN(CC1)C1=C(F)C=C2C(=O)C(=CN(CCF)C2=C1F)C(O)=O","C17H18F3N3O3",369.338,4,0.0603932,0.731788,"Tertiary Amine",3357,"CN1CCN(CC1)C2=C(C=C3C(=C2F)N(C=C(C3=O)C(=O)O)CCF)F","79660-72-3",369.34,"(+/-)","+-",0.81,0.0049,"Tertiary Amine","Tertiary Amine","Antibiotic","Antibiotic","Fluoroquinolone","Fluoroquinolone",TRUE,TRUE,TRUE,TRUE,TRUE,TRUE,TRUE,FALSE,"Group 1","Zwitterion"
"Garenoxacin","426.42","426.139113458","C23H20F2N2O4","true","51","31","1","5","5","3","2","0.3","2","6","0","78.87",0.145339623336896,"42.43","110.37","354.45","51.84","112.44","4.97","9.14","542.66","577.42","5.95","7.97","7.11","-4.74","Low","2.02","0.73","0.74","0.74","0.75","0.83","1.24","1.83","2.02",1.924,"1.78","1.12","0.6","0.47","0.45","0.45","0.45","11.2","1-cyclopropyl-8-(difluoromethoxy)-7-[(1R)-1-methyl-2,3-dihydro-1H-isoindol-5-yl]-4-oxo-1,4-dihydroquinoline-3-carboxylic acid","C[C@H]1NCC2=C1C=CC(=C2)C1=CC=C2C(=O)C(=CN(C3CC3)C2=C1OC(F)F)C(O)=O","InChI=1S/C23H20F2N2O4/c1-11-15-5-2-12(8-13(15)9-26-11)16-6-7-17-19(21(16)31-23(24)25)27(14-3-4-14)10-18(20(17)28)22(29)30/h2,5-8,10-11,14,23,26H,3-4,9H2,1H3,(H,29,30)/t11-/m1/s1","NJDRXTDGYFKORP-LLVKDONJSA-N","garenoxacin","garenoxacin","194804-75-6","C[C@H]1NCC2=C1C=CC(=C2)C1=CC=C2C(=O)C(=CN(C3CC3)C2=C1OC(F)F)C(O)=O","C23H20F2N2O4",426.413,5,0.0648427,0.849483,"Secondary Amine",124093,"C[C@@H]1C2=C(CN1)C=C(C=C2)C3=C(C4=C(C=C3)C(=O)C(=CN4C5CC5)C(=O)O)OC(F)F","194804-75-6",426.4,"(+/-)","+-",0.76,-0.15,"Secondary Amine","Secondary Amine","Antibiotic","Antibiotic","Fluoroquinolone","Fluoroquinolone",FALSE,TRUE,TRUE,TRUE,TRUE,TRUE,TRUE,FALSE,"Group 3","Zwitterion"
"Gatifloxacin","375.4","375.159434363","C19H22FN3O4","true","49","27","1","4","4","2","2","0.47","2","7","0","82.11",0.158930783524311,"36.65","98.82","326.54","49.0","108.14","5.01","8.39","516.64","519.5","5.89","8.74","7.46","-2.6","High","-0.54","-1.44","-1.43","-1.43","-1.43","-1.39","-1.16","-0.72","-0.54",-0.556,"-0.58","-0.91","-1.46","-1.68","-1.71","-1.72","-1.72","13.86","1-cyclopropyl-6-fluoro-8-methoxy-7-(3-methylpiperazin-1-yl)-4-oxo-1,4-dihydroquinoline-3-carboxylic acid","COC1=C2N(C=C(C(O)=O)C(=O)C2=CC(F)=C1N1CCNC(C)C1)C1CC1","InChI=1/C19H22FN3O4/c1-10-8-22(6-5-21-10)16-14(20)7-12-15(18(16)27-2)23(11-3-4-11)9-13(17(12)24)19(25)26/h7,9-11,21H,3-6,8H2,1-2H3,(H,25,26)","XUBOMFCQGDBHNK-UHFFFAOYNA-N","gatifloxacin","(+-)-gatifloxacin; (+-)-isomer gatifloxacin; gaity; gatiflo; gatifloxacin; gatifloxacin (product); gatifloxacin (substance); gatifloxacin preparation; gatifloxacin, (+-)-; gatifloxacin, (+-)-isomer; gatifloxacine; gatilox; gatiquin; gatispan; tequin; zymar; 加替沙星","112811-59-3, 160738-57-8, 160738-57-8","COC1=C2N(C=C(C(O)=O)C(=O)C2=CC(F)=C1N1CCNC(C)C1)C1CC1","C19H22FN3O4",375.394,4,0.078229,0.789162,"Secondary Amine",5379,"CC1CN(CCN1)C2=C(C=C3C(=C2OC)N(C=C(C3=O)C(=O)O)C4CC4)F","112811-59-3",375.4,"(+/-)","+-",0.982,0.01,"Secondary Amine","Secondary Amine","Antibiotic","Antibiotic","Fluoroquinolone","Fluoroquinolone",TRUE,TRUE,TRUE,TRUE,TRUE,TRUE,TRUE,FALSE,"Group 1","Zwitterion"
"Gemifloxacin","389.387","389.149932307","C18H20FN5O4","true","48","28","1","5","4","2","3","0.44","2","9","0","121.35",0.239268884200564,"36.58","99.74","325.23","47.57","115.93","5.42","8.49","507.17","600.83","5.73","9.31","7.67","-2.99","High","-0.91","-4.04","-3.26","-2.42","-1.84","-1.67","-1.43","-1.05","-0.91",-0.91,"-0.91","-1.05","-1.56","-2.04","-2.16","-2.18","-2.18","13.65","7-[(4Z)-3-(aminomethyl)-4-(methoxyimino)pyrrolidin-1-yl]-1-cyclopropyl-6-fluoro-4-oxo-1,4-dihydro-1,8-naphthyridine-3-carboxylic acid","CO\N=C1/CN(CC1CN)C1=C(F)C=C2C(=O)C(=CN(C3CC3)C2=N1)C(O)=O","InChI=1/C18H20FN5O4/c1-28-22-14-8-23(6-9(14)5-20)17-13(19)4-11-15(25)12(18(26)27)7-24(10-2-3-10)16(11)21-17/h4,7,9-10H,2-3,5-6,8,20H2,1H3,(H,26,27)/b22-14+","ZRCVYEYHRGVLOC-HYARGMPZNA-N","gemifloxacin","gemifloxacin","175463-14-6, 1073254-49-5, 204519-64-2","CO\N=C1/CN(CC1CN)C1=C(F)C=C2C(=O)C(=CN(C3CC3)C2=N1)C(O)=O","C18H20FN5O4",389.381,5,0.0288186,0.512717,"Primary Amine",9571107,"CO/N=C/1\CN(CC1CN)C2=C(C=C3C(=O)C(=CN(C3=N2)C4CC4)C(=O)O)F","175463-14-6",389.4,"(+/-)","+-",0.967,0.03,"Primary Amine","Primary Amine","Antibiotic","Antibiotic","Fluoroquinolone","Fluoroquinolone",TRUE,TRUE,TRUE,TRUE,TRUE,TRUE,TRUE,FALSE,"Group 1","Zwitterion"
"Grepafloxacin","359.401","359.164519743","C19H22FN3O3","true","48","26","1","3","4","2","2","0.47","2","6","0","72.88",0.145789157831566,"35.85","97.4","317.48","48.04","110.93","5.74","8.41","499.9","542.69","6.08","8.8","7.59","-2.9","High","0.16","-1.1","-0.81","-0.76","-0.76","-0.73","-0.54","-0.08","0.16",0.152,"0.14","-0.17","-0.74","-1.0","-1.04","-1.05","-1.05","12.38","1-cyclopropyl-6-fluoro-5-methyl-7-(3-methylpiperazin-1-yl)-4-oxo-1,4-dihydroquinoline-3-carboxylic acid","CC1CN(CCN1)C1=C(F)C(C)=C2C(=O)C(=CN(C3CC3)C2=C1)C(O)=O","InChI=1/C19H22FN3O3/c1-10-8-22(6-5-21-10)15-7-14-16(11(2)17(15)20)18(24)13(19(25)26)9-23(14)12-3-4-12/h7,9-10,12,21H,3-6,8H2,1-2H3,(H,25,26)","AIJTTZAVMXIJGM-UHFFFAOYNA-N","grepafloxacin","grepafloxacin; grepafloxacin (product); grepafloxacin (substance); grepafloxacin preparation; grepafloxacin product; raxar; 格帕沙星","119914-60-2, 146863-02-7","CC1CN(CCN1)C1=C(F)C(C)=C2C(=O)C(=CN(C3CC3)C2=C1)C(O)=O","C19H22FN3O3",359.395,3,0.0556202,0.604497,"Secondary Amine",72474,"CC1CN(CCN1)C2=C(C(=C3C(=C2)N(C=C(C3=O)C(=O)O)C4CC4)C)F","119914-60-2",359.4,"(+/-)","+-",0.918,0.05,"Secondary Amine","Secondary Amine","Antibiotic","Antibiotic","Fluoroquinolone","Fluoroquinolone",FALSE,TRUE,TRUE,TRUE,TRUE,TRUE,TRUE,FALSE,"Group 3","Zwitterion"
"Levofloxacin","361.373","361.143784299","C18H20FN3O4","true","46","26","1","2","4","2","3","0.44","1","7","0","73.32",0.150430857611818,"34.82","94.94","309.8","44.64","101.07","5.06","8.21","487.4","519.82","5.77","8.31","7.19","-2.25","High","-0.8","-1.94","-1.94","-1.94","-1.93","-1.85","-1.46","-0.95","-0.8",-0.848,"-0.92","-1.42","-1.86","-1.96","-1.97","-1.97","-1.97","14.68","(2S)-7-fluoro-2-methyl-6-(4-methylpiperazin-1-yl)-10-oxo-4-oxa-1-azatricyclo[7.3.1.0⁵,¹³]trideca-5(13),6,8,11-tetraene-11-carboxylic acid","C[C@H]1COC2=C3N1C=C(C(O)=O)C(=O)C3=CC(F)=C2N1CCN(C)CC1","InChI=1S/C18H20FN3O4/c1-10-9-26-17-14-11(16(23)12(18(24)25)8-22(10)14)7-13(19)15(17)21-5-3-20(2)4-6-21/h7-8,10H,3-6,9H2,1-2H3,(H,24,25)/t10-/m0/s1","GSDSWSVVBLHKDQ-JTQLQIEISA-N","levofloxacin","(-)-ofloxacin; (S)-(-)-ofloxacin; (S)-ofloxacin; L-ofloxacin; LVFX; cravit; cravit ophthalmic; elequine; floxel; floxin; iquix; leroxacin; lesacin; levaquin; levofloxacin; levofloxacin hydrate; levofloxacine; levofloxacino; levofloxacinum; levokacin; levox; levoxacin; mosardal; nofaxin; ofloxacin S-(-)-form; quixin; reskuin; tavanic; volequin","100986-85-4","C[C@H]1COC2=C3N1C=C(C(O)=O)C(=O)C3=CC(F)=C2N1CCN(C)CC1","C18H20FN3O4",361.367,2,0.0363424,0.540022,"Tertiary Amine",149096,"C[C@H]1COC2=C3N1C=C(C(=O)C3=CC(=C2N4CCN(CC4)C)F)C(=O)O","100986-85-4",361.4,"(+/-)","+-",0.87,-0.07,"Tertiary Amine","Tertiary Amine","Antibiotic","Antibiotic","Fluoroquinolone","Fluoroquinolone",TRUE,TRUE,TRUE,TRUE,TRUE,TRUE,TRUE,FALSE,"Group 1","Zwitterion"
"Lomefloxacin","351.354","351.13944781","C17H19F2N3O3","true","44","25","1","3","3","2","2","0.41","2","6","0","72.88",0.154833227108562,"32.75","90.11","299.54","47.87","97.88","4.96","7.92","470.7","515.67","6.24","8.69","7.61","-2.68","High","-0.22","-1.24","-1.24","-1.24","-1.24","-1.21","-1.03","-0.53","-0.22",-0.224,"-0.23","-0.6","-1.21","-1.48","-1.52","-1.52","-1.53","13.37","1-ethyl-6,8-difluoro-7-(3-methylpiperazin-1-yl)-4-oxo-1,4-dihydroquinoline-3-carboxylic acid","CCN1C=C(C(O)=O)C(=O)C2=CC(F)=C(N3CCNC(C)C3)C(F)=C12","InChI=1/C17H19F2N3O3/c1-3-21-8-11(17(24)25)16(23)10-6-12(18)15(13(19)14(10)21)22-5-4-20-9(2)7-22/h6,8-9,20H,3-5,7H2,1-2H3,(H,24,25)","ZEKZLJVOYLTDKK-UHFFFAOYNA-N","lomefloxacin","LFLX; bareon; decalogiflox; décalogiflox; logiflox; lomefloxacin; lomefloxacin (product); lomefloxacin (substance); lomefloxacin preparation; lomefloxacine; lomefloxacino; lomefloxacinum; lomenfloxacin; maxaquin; ocacin; okacin; okacyn; 洛美沙星","98079-51-7","CCN1C=C(C(O)=O)C(=O)C2=CC(F)=C(N3CCNC(C)C3)C(F)=C12","C17H19F2N3O3",351.348,3,0.0704228,0.733025,"Secondary Amine",3948,"CCN1C=C(C(=O)C2=CC(=C(C(=C21)F)N3CCNC(C3)C)F)C(=O)O","98079-51-7",351.35,"(+/-)","+-",0.889,0.07,"Secondary Amine","Secondary Amine","Antibiotic","Antibiotic","Fluoroquinolone","Fluoroquinolone",TRUE,TRUE,TRUE,TRUE,TRUE,TRUE,TRUE,FALSE,"Group 1","Zwitterion"
"Moxifloxacin","401.438","401.175084428","C21H24FN3O4","true","53","29","2","4","5","2","3","0.52","2","7","0","82.11",0.149524711366865,"39.59","106.22","348.6","54.33","108.91","5.15","8.28","549.14","534.55","5.89","9.43","7.81","-3.1","High","-0.49","-1.29","-1.28","-1.28","-1.27","-1.25","-1.07","-0.67","-0.5",-0.496,"-0.49","-0.59","-1.03","-1.45","-1.55","-1.56","-1.56","12.91","7-[(4aS,7aS)-octahydro-1H-pyrrolo[3,4-b]pyridin-6-yl]-1-cyclopropyl-6-fluoro-8-methoxy-4-oxo-1,4-dihydroquinoline-3-carboxylic acid","COC1=C2N(C=C(C(O)=O)C(=O)C2=CC(F)=C1N1C[C@@H]2CCCN[C@@H]2C1)C1CC1","InChI=1S/C21H24FN3O4/c1-29-20-17-13(19(26)14(21(27)28)9-25(17)12-4-5-12)7-15(22)18(20)24-8-11-3-2-6-23-16(11)10-24/h7,9,11-12,16,23H,2-6,8,10H2,1H3,(H,27,28)/t11-,16-/m0/s1","FABPRXSRWADJSP-MEDUHNTESA-N","moxifloxacin","avelox; avelox I.V.; moxifloxacin","151096-09-2","COC1=C2N(C=C(C(O)=O)C(=O)C2=CC(F)=C1N1C[C@@H]2CCCN[C@@H]2C1)C1CC1","C21H24FN3O4",401.431,4,0.0938397,0.903861,"Secondary Amine",152946,"COC1=C2C(=CC(=C1N3C[C@@H]4CCCN[C@@H]4C3)F)C(=O)C(=CN2C5CC5)C(=O)O","151096-09-2",401.4,"(+/-)","+-",0.961,0.05,"Secondary Amine","Secondary Amine","Antibiotic","Antibiotic","Fluoroquinolone","Fluoroquinolone",TRUE,TRUE,TRUE,TRUE,TRUE,TRUE,TRUE,FALSE,"Group 1","Zwitterion"
"Nadifloxacin","360.385","360.148535327","C19H21FN2O4","true","47","26","1","2","4","2","3","0.47","2","6","0","81.08",0.167309795505664,"34.99","96.03","313.05","47.55","98.84","5.31","7.92","484.61","476.46","6.33","1.04","3.69","-3.01","High","1.84","0.76","1.52","1.8","1.84","1.84","1.82","1.68","1.09",0.722,"0.17","-0.77","-1.45","-1.66","-1.68","-1.69","-1.71","7.6","7-fluoro-8-(4-hydroxypiperidin-1-yl)-12-methyl-4-oxo-1-azatricyclo[7.3.1.0⁵,¹³]trideca-2,5,7,9(13)-tetraene-3-carboxylic acid","CC1CCC2=C3N1C=C(C(O)=O)C(=O)C3=CC(F)=C2N1CCC(O)CC1","InChI=1/C19H21FN2O4/c1-10-2-3-12-16-13(18(24)14(19(25)26)9-22(10)16)8-15(20)17(12)21-6-4-11(23)5-7-21/h8-11,23H,2-7H2,1H3,(H,25,26)","JYJTVFIEFKZWCJ-UHFFFAOYNA-N","nadifloxacin","NDFX; R-ndfx; S-nadifloxacin; S-ndfx; acuatim; nadifloxacin; nadifloxacine; nadifloxacino; nadifloxacinum","124858-35-1","CC1CCC2=C3N1C=C(C(O)=O)C(=O)C3=CC(F)=C2N1CCC(O)CC1","C19H21FN2O4",360.379,2,0.0810518,0.760156,"No Amine",4410,"CC1CCC2=C3N1C=C(C(=O)C3=CC(=C2N4CCC(CC4)O)F)C(=O)O","124858-35-1",360.4,"(-1)","-",0.921,-0.92,"No Amine","No Amine","Antibiotic","Antibiotic","Fluoroquinolone","Fluoroquinolone",FALSE,TRUE,TRUE,FALSE,TRUE,FALSE,FALSE,FALSE,"No group","Anion"
"Norfloxacin","319.336","319.133219615","C16H18FN3O3","true","41","23","0","3","3","2","2","0.37","2","6","0","72.88",0.167455539727035,"31.15","85.48","277.46","42.52","94.71","5.16","7.44","435.22","483.0","5.97","8.69","7.48","-2.09","High","-0.87","-2.07","-1.83","-1.8","-1.79","-1.76","-1.54","-1.08","-0.87",-0.886,"-0.91","-1.27","-1.83","-2.05","-2.08","-2.08","-2.08","13.94","1-ethyl-6-fluoro-4-oxo-7-(piperazin-1-yl)-1,4-dihydroquinoline-3-carboxylic acid","CCN1C=C(C(O)=O)C(=O)C2=CC(F)=C(C=C12)N1CCNCC1","InChI=1S/C16H18FN3O3/c1-2-19-9-11(16(22)23)15(21)10-7-12(17)14(8-13(10)19)20-5-3-18-4-6-20/h7-9,18H,2-6H2,1H3,(H,22,23)","OGJPXUAPXNRGGI-UHFFFAOYSA-N","norfloxacin","NFLX; barazan; chibroxin; fulgram; merck brand of norfloxacin; norfloxacin; norfloxacin (product); norfloxacin (substance); norfloxacin merck brand; norfloxacin preparation; norfloxacine; norfloxacino; norfloxacinum; noroxin; sebercim","70458-96-7","CCN1C=C(C(O)=O)C(=O)C2=CC(F)=C(C=C12)N1CCNCC1","C16H18FN3O3",319.331,3,0.0546021,0.587488,"Secondary Amine",4539,"CCN1C=C(C(=O)C2=CC(=C(C=C21)N3CCNCC3)F)C(=O)O","70458-96-7",319.33,"(+/-)","+-",0.917,0.02,"Secondary Amine","Secondary Amine","Antibiotic","Antibiotic","Fluoroquinolone","Fluoroquinolone",TRUE,TRUE,TRUE,TRUE,TRUE,TRUE,TRUE,FALSE,"Group 1","Zwitterion"
"Pefloxacin","333.363","333.148869679","C17H20FN3O3","true","44","24","0","3","3","2","2","0.41","1","6","0","64.09",0.136477853492334,"32.98","90.77","295.31","44.71","99.92","5.08","8.13","469.6","523.49","5.97","8.37","7.32","-1.88","High","-0.46","-1.94","-1.71","-1.68","-1.67","-1.6","-1.24","-0.67","-0.46",-0.496,"-0.55","-1.04","-1.55","-1.68","-1.7","-1.7","-1.7","13.74","1-ethyl-6-fluoro-7-(4-methylpiperazin-1-yl)-4-oxo-1,4-dihydroquinoline-3-carboxylic acid","CCN1C=C(C(O)=O)C(=O)C2=CC(F)=C(C=C12)N1CCN(C)CC1","InChI=1S/C17H20FN3O3/c1-3-20-10-12(17(23)24)16(22)11-8-13(18)15(9-14(11)20)21-6-4-19(2)5-7-21/h8-10H,3-7H2,1-2H3,(H,23,24)","FHFYDNQZQSQIAI-UHFFFAOYSA-N","pefloxacin","PFLX; abactal; labocton; mesylate, pefloxacin; peflacine; pefloxacin; pefloxacin (substance); pefloxacin [inn-french]; pefloxacin, silver; pefloxacine; pefloxacino; pefloxacino [inn-spanish]; pefloxacinum; silver pefloxacin","70458-92-3","CCN1C=C(C(O)=O)C(=O)C2=CC(F)=C(C=C12)N1CCN(C)CC1","C17H20FN3O3",333.357,3,0.0657877,0.764329,"Tertiary Amine",51081,"CCN1C=C(C(=O)C2=CC(=C(C=C21)N3CCN(CC3)C)F)C(=O)O","70458-92-3",333.36,"(+/-)","+-",0.87,-0.03,"Tertiary Amine","Tertiary Amine","Antibiotic","Antibiotic","Fluoroquinolone","Fluoroquinolone",TRUE,TRUE,TRUE,TRUE,TRUE,TRUE,TRUE,FALSE,"Group 1","Zwitterion"
"Rufloxacin","363.41","363.105290789","C17H18FN3O3S","true","43","25","0","2","4","2","3","0.41","1","6","0","64.09",0.137908032621092,"35.32","97.02","302.41","44.44","98.89","5.0","8.43","464.73","505.81","5.75","8.33","7.19","-2.81","High","-0.71","-1.83","-1.83","-1.83","-1.82","-1.74","-1.35","-0.85","-0.71",-0.758,"-0.83","-1.31","-1.75","-1.85","-1.86","-1.86","-1.86","15.31","7-fluoro-6-(4-methylpiperazin-1-yl)-10-oxo-4-thia-1-azatricyclo[7.3.1.0⁵,¹³]trideca-5(13),6,8,11-tetraene-11-carboxylic acid","CN1CCN(CC1)C1=C(F)C=C2C(=O)C(=CN3CCSC1=C23)C(O)=O","InChI=1S/C17H18FN3O3S/c1-19-2-4-20(5-3-19)14-12(18)8-10-13-16(14)25-7-6-21(13)9-11(15(10)22)17(23)24/h8-9H,2-7H2,1H3,(H,23,24)","NJCJBUHJQLFDSW-UHFFFAOYSA-N","rufloxacin","rufloxacin; rufloxacin monohydrobromide; rufloxacine; rufloxacino; rufloxacinum; 芦氟沙星","101363-10-4","CN1CCN(CC1)C1=C(F)C=C2C(=O)C(=CN3CCSC1=C23)C(O)=O","C17H18FN3O3S",363.407,2,0.0488275,0.575803,"Tertiary Amine",58258,"CN1CCN(CC1)C2=C(C=C3C4=C2SCCN4C=C(C3=O)C(=O)O)F","101363-10-4",363.4,"(+/-)","+-",0.8742,-0.06,"Tertiary Amine","Tertiary Amine","Antibiotic","Antibiotic","Fluoroquinolone","Fluoroquinolone",TRUE,TRUE,TRUE,TRUE,TRUE,TRUE,TRUE,FALSE,"Group 1","Zwitterion"
"Sitafloxacin","409.82","409.1004755","C19H18ClF2N3O3","true","46","28","3","3","5","2","2","0.47","2","6","0","86.87",0.175786150795257,"36.97","99.09","323.62","47.64","105.97","5.09","8.13","494.18","509.62","6.3","9.55","8.07","-4.04","Moderate","-0.14","-0.94","-0.94","-0.94","-0.94","-0.93","-0.84","-0.48","-0.19",-0.17,"-0.14","-0.23","-0.65","-1.21","-1.4","-1.43","-1.43","11.98","7-[(7S)-7-amino-5-azaspiro[2.4]heptan-5-yl]-8-chloro-6-fluoro-1-[(1R,2S)-2-fluorocyclopropyl]-4-oxo-1,4-dihydroquinoline-3-carboxylic acid","N[C@@H]1CN(CC11CC1)C1=C(F)C=C2C(=O)C(=CN([C@@H]3C[C@@H]3F)C2=C1Cl)C(O)=O","InChI=1S/C19H18ClF2N3O3/c20-14-15-8(17(26)9(18(27)28)5-25(15)12-4-10(12)21)3-11(22)16(14)24-6-13(23)19(7-24)1-2-19/h3,5,10,12-13H,1-2,4,6-7,23H2,(H,27,28)/t10-,12-,13+/m1/s1","PNUZDKCDAWUEGK-CYZMBNFOSA-N","sitafloxacin","sitafloxacin","127254-12-0, 163253-35-8, 273401-03-9, 155421-11-7, 163157-04-8, 167355-47-7","N[C@@H]1CN(CC11CC1)C1=C(F)C=C2C(=O)C(=CN([C@@H]3C[C@@H]3F)C2=C1Cl)C(O)=O","C19H18ClF2N3O3",409.814,3,0.0809831,0.920956,"Primary Amine",461399,"C1CC12CN(C[C@H]2N)C3=C(C=C4C(=C3Cl)N(C=C(C4=O)C(=O)O)[C@@H]5C[C@@H]5F)F","127254-12-0",409.8,"(+/-)","+-",0.92,0.13,"Primary Amine","Primary Amine","Antibiotic","Antibiotic","Fluoroquinolone","Fluoroquinolone",TRUE,TRUE,TRUE,TRUE,TRUE,TRUE,TRUE,FALSE,"Group 1","Zwitterion"
"Sparfloxacin","392.407","392.16599691","C19H22F2N4O3","true","50","28","2","3","4","2","2","0.47","3","7","0","98.9",0.191655523903649,"36.85","101.69","333.58","48.61","117.52","5.73","8.38","516.03","558.99","6.35","8.8","7.73","-3.01","High","0.12","-2.85","-2.15","-1.35","-0.96","-0.88","-0.72","-0.25","0.11",0.114,"0.12","-0.19","-0.81","-1.12","-1.17","-1.18","-1.18","12.74","5-amino-1-cyclopropyl-7-[(3R,5S)-3,5-dimethylpiperazin-1-yl]-6,8-difluoro-4-oxo-1,4-dihydroquinoline-3-carboxylic acid","C[C@H]1CN(C[C@@H](C)N1)C1=C(F)C(N)=C2C(=O)C(=CN(C3CC3)C2=C1F)C(O)=O","InChI=1S/C19H22F2N4O3/c1-8-5-24(6-9(2)23-8)17-13(20)15(22)12-16(14(17)21)25(10-3-4-10)7-11(18(12)26)19(27)28/h7-10,23H,3-6,22H2,1-2H3,(H,27,28)/t8-,9+","DZZWHBIBMUVIIW-DTORHVGOSA-N","sparfloxacin","SPFX; esparfloxacino; sparfloxacin; sparfloxacine; sparfloxacinum; zagam","110871-86-8","C[C@H]1CN(C[C@@H](C)N1)C1=C(F)C(N)=C2C(=O)C(=CN(C3CC3)C2=C1F)C(O)=O","C19H22F2N4O3",392.4,3,0.0796206,0.818556,"Secondary Amine",60464,"C[C@@H]1CN(C[C@@H](N1)C)C2=C(C(=C3C(=C2F)N(C=C(C3=O)C(=O)O)C4CC4)N)F","110871-86-8",392.4,"(+/-)","+-",0.883,0.11,"Secondary Amine","Secondary Amine","Antibiotic","Antibiotic","Fluoroquinolone","Fluoroquinolone",FALSE,TRUE,TRUE,TRUE,TRUE,TRUE,TRUE,FALSE,"Group 3","Zwitterion"
"Temafloxacin","417.388","417.130025941","C21H18F3N3O3","true","48","30","1","3","4","3","2","0.24","2","6","0","72.88",0.139408546616167,"38.34","104.53","341.28","56.11","114.72","6.68","8.07","522.78","561.29","6.2","8.78","7.64","-4.45","Moderate","1.21","0.25","0.25","0.25","0.26","0.28","0.45","0.92","1.21",1.21,"1.21","0.88","0.29","0.01","-0.03","-0.03","-0.03","12.23","1-(2,4-difluorophenyl)-6-fluoro-7-(3-methylpiperazin-1-yl)-4-oxo-1,4-dihydroquinoline-3-carboxylic acid","CC1CN(CCN1)C1=C(F)C=C2C(=O)C(=CN(C2=C1)C1=C(F)C=C(F)C=C1)C(O)=O","InChI=1/C21H18F3N3O3/c1-11-9-26(5-4-25-11)19-8-18-13(7-16(19)24)20(28)14(21(29)30)10-27(18)17-3-2-12(22)6-15(17)23/h2-3,6-8,10-11,25H,4-5,9H2,1H3,(H,29,30)","QKDHBVNJCZBTMR-UHFFFAOYNA-N","temafloxacin","omniflox; temafloxacin; temafloxacin (product); temafloxacin (substance); temafloxacin preparation","108319-06-8","CC1CN(CCN1)C1=C(F)C=C2C(=O)C(=CN(C2=C1)C1=C(F)C=C(F)C=C1)C(O)=O","C21H18F3N3O3",417.381,3,0.105124,0.846409,"Secondary Amine",60021,"CC1CN(CCN1)C2=C(C=C3C(=C2)N(C=C(C3=O)C(=O)O)C4=C(C=C(C=C4)F)F)F","108319-06-8",417.4,"(+/-)","+-",0.902,0.07,"Secondary Amine","Secondary Amine","Antibiotic","Antibiotic","Fluoroquinolone","Fluoroquinolone",FALSE,TRUE,TRUE,TRUE,TRUE,TRUE,TRUE,FALSE,"Group 3","Zwitterion"
"Trovafloxacin","416.36","416.109624848","C20H15F3N4O3","true","45","30","3","3","5","3","3","0.25","2","7","0","99.76",0.20611144397843,"36.82","101.04","323.84","54.17","111.53","6.36","8.04","484.01","540.43","6.01","8.92","7.61","-5.5","Low","0.19","-1.59","-0.9","-0.67","-0.63","-0.61","-0.44","-0.02","0.19",0.186,"0.18","-0.09","-0.7","-1.06","-1.12","-1.13","-1.13","12.43","7-[(1R,5S)-6-amino-3-azabicyclo[3.1.0]hexan-3-yl]-1-(2,4-difluorophenyl)-6-fluoro-4-oxo-1,4-dihydro-1,8-naphthyridine-3-carboxylic acid","NC1[C@@H]2CN(C[C@H]12)C1=C(F)C=C2C(=O)C(=CN(C3=C(F)C=C(F)C=C3)C2=N1)C(O)=O","InChI=1S/C20H15F3N4O3/c21-8-1-2-15(13(22)3-8)27-7-12(20(29)30)17(28)9-4-14(23)19(25-18(9)27)26-5-10-11(6-26)16(10)24/h1-4,7,10-11,16H,5-6,24H2,(H,29,30)/t10-,11+,16?","WVPSKSLAZQPAKQ-SOSAQKQKSA-N","trovafloxacin","N/A","147059-72-1, 146836-84-2","NC1[C@@H]2CN(C[C@H]12)C1=C(F)C=C2C(=O)C(=CN(C3=C(F)C=C(F)C=C3)C2=N1)C(O)=O","C20H15F3N4O3",416.353,3,0.0511171,0.58185,"Primary Amine",62959,"C1[C@@H]2[C@@H](C2N)CN1C3=C(C=C4C(=O)C(=CN(C4=N3)C5=C(C=C(C=C5)F)F)C(=O)O)F","147059-72-1",416.4,"(+/-)","+-",0.932,0.05,"Primary Amine","Primary Amine","Antibiotic","Antibiotic","Fluoroquinolone","Fluoroquinolone",FALSE,TRUE,TRUE,TRUE,TRUE,TRUE,TRUE,FALSE,"Group 3","Zwitterion"
"Aztreonam","435.43","435.051854875","C13H17N5O8S2","false","45","28","2","6","2","1","2","0.46","4","11","0","201.58",0.374830324104204,"36.66","92.99","336.05","56.23","101.23","5.63","7.62","537.79","605.86","-1.77","3.91","1.74","-3.2","High","-3.12","-3.76","-3.25","-3.12","-3.16","-3.48","-4.27","-5.21","-5.96",-6.068,"-6.23","-6.28","-6.31","-6.52","-6.98","-7.19","-7.29","22.6","2-{[(Z)-[(2-amino-1,3-thiazol-4-yl)({[(2S,3S)-2-methyl-4-oxo-1-sulfoazetidin-3-yl]carbamoyl})methylidene]amino]oxy}-2-methylpropanoic acid","C[C@H]1[C@H](NC(=O)C(=N/OC(C)(C)C(O)=O)\C2=CSC(N)=N2)C(=O)N1S(O)(=O)=O","InChI=1S/C13H17N5O8S2/c1-5-7(10(20)18(5)28(23,24)25)16-9(19)8(6-4-27-12(14)15-6)17-26-13(2,3)11(21)22/h4-5,7H,1-3H3,(H2,14,15)(H,16,19)(H,21,22)(H,23,24,25)/b17-8-/t5-,7-/m0/s1","WZPBZJONDBGPKJ-VEHQQRBSSA-N","aztreonam","aztreonam; 氨曲南","78110-38-0, 149496-40-2","C[C@H]1[C@H](NC(=O)C(=N/OC(C)(C)C(O)=O)\C2=CSC(N)=N2)C(=O)N1S(O)(=O)=O","C13H17N5O8S2",435.433,7,0.136404,0.992149,"No Amine",5742832,"C[C@H]1[C@@H](C(=O)N1S(=O)(=O)O)NC(=O)/C(=N\OC(C)(C)C(=O)O)/C2=CSC(=N2)N","78110-38-0",435.4,"(-2)","--",1,-2,"No Amine","No Amine","Antibiotic","Antibiotic","Monobactam","Monobactam",TRUE,TRUE,FALSE,FALSE,TRUE,FALSE,FALSE,FALSE,"No group","Anion"
"Fosfomycin","138.059","138.008195703","C3H7O4P","true","15","8","2","1","1","0","1","1.0","2","4","0","70.06",0.391243647735522,"10.71","25.87","104.07","24.36","36.48","3.16","4.4","179.07","280.4","1.25",NA,NA,"1.63","High","-0.74","-0.76","-0.93","-1.55","-2.39","-2.91","-3.03","-3.05","-3.1",-3.236,"-3.44","-4.22","-4.98","-5.3","-5.34","-5.35","-5.35","12.51","[(2R,3S)-3-methyloxiran-2-yl]phosphonic acid","C[C@@H]1O[C@@H]1P(O)(O)=O","InChI=1S/C3H7O4P/c1-2-3(7-2)8(4,5)6/h2-3H,1H3,(H2,4,5,6)/t2-,3+/m0/s1","YMDXZJFXQJVXBF-STHAYSLISA-N","fosfomycin","FCM; antibiotic 833A; fosfocina; fosfomicina; fosfomycin; fosfomycin (product); fosfomycin (substance); fosfomycin compound with trometamol; fosfomycin disodium salt; fosfomycin preparation; fosfomycin sodium; fosfomycin trometamol salt; fosfomycin tromethamine (substance); fosfomycin tromethamine preparation; fosfomycine; fosfomycinum; fosfonomycin; monuril; monurol; phosphomycin; phosphomycin disodium salt; phosphonemycin; phosphonomycin; tromethamine, fosfomycin; veramina; 磷霉素","23155-02-4, 25030-76-6, 27354-29-6","C[C@@H]1O[C@@H]1P(O)(O)=O","C3H7O4P",138.059,1,0.304939,0.717285,"No Amine",446987,"C[C@H]1[C@H](O1)P(=O)(O)O","23155-02-4",138.06,"(-1)","-",0.725,-1.43,"No Amine","No Amine","Antibiotic","Antibiotic","Phosphonic acid","Phosphonic acid",TRUE,FALSE,TRUE,FALSE,TRUE,FALSE,FALSE,FALSE,"No group","Anion"
"Faropenem","285.31","285.067093761","C12H15NO5S","true","34","19","4","3","3","0","3","0.67","2","5","0","87.07",0.245039822137168,"26.68","69.26","233.95","38.36","77.27","4.46","6.95","355.33","422.65","4.19","2.17","3.17","-2.14","High","-0.75","-2.9","-1.98","-1.18","-0.86","-1.0","-1.65","-2.59","-3.51",-3.75,"-4.11","-4.26","-4.3","-4.41","-4.94","-5.84","-6.8","17.95","(5R,6S)-6-[(1R)-1-hydroxyethyl]-7-oxo-3-[(2R)-oxolan-2-yl]-4-thia-1-azabicyclo[3.2.0]hept-2-ene-2-carboxylic acid","C[C@@H](O)[C@@H]1[C@H]2SC([C@H]3CCCO3)=C(N2C1=O)C(O)=O","InChI=1S/C12H15NO5S/c1-5(14)7-10(15)13-8(12(16)17)9(19-11(7)13)6-3-2-4-18-6/h5-7,11,14H,2-4H2,1H3,(H,16,17)/t5-,6-,7+,11-/m1/s1","HGGAKXAHAYOLDJ-FHZUQPTBSA-N","faropenem","faropenem; fropenem; 法罗培南","106560-14-9","C[C@@H](O)[C@@H]1[C@H]2SC([C@H]3CCCO3)=C(N2C1=O)C(O)=O","C12H15NO5S",285.316,3,0.0897476,0.819699,"No Amine",65894,"C[C@H]([C@@H]1[C@@H]2N(C1=O)C(=C(S2)[C@H]3CCCO3)C(=O)O)O","106560-14-9",285.32,"(-1)","-",1,-1,"No Amine","No Amine","Antibiotic","Antibiotic","Penem","Penem",TRUE,TRUE,TRUE,FALSE,TRUE,FALSE,FALSE,FALSE,"No group","Anion"
"Doripenem","420.5","420.113726857","C15H24N4O6S2","true","51","27","6","6","3","0","3","0.73","5","7","0","162.06",0.293805181384724,"39.55","99.88","348.41","53.65","111.97","5.73","9.13","551.59","586.02","3.73","8.56","6.2","-2.05","High","-5.56","-8.72","-7.82","-6.92","-6.23","-5.73","-5.58","-5.56","-5.57",-5.606,"-5.66","-6.05","-6.56","-7.01","-7.56","-8.09","-8.47","27.83","(4R,5S,6S)-6-[(1R)-1-hydroxyethyl]-4-methyl-7-oxo-3-{[(3S,5S)-5-[(sulfamoylamino)methyl]pyrrolidin-3-yl]sulfanyl}-1-azabicyclo[3.2.0]hept-2-ene-2-carboxylic acid","C[C@@H](O)[C@@H]1[C@H]2[C@@H](C)C(S[C@@H]3CN[C@H](CNS(N)(=O)=O)C3)=C(N2C1=O)C(O)=O","InChI=1S/C15H24N4O6S2/c1-6-11-10(7(2)20)14(21)19(11)12(15(22)23)13(6)26-9-3-8(17-5-9)4-18-27(16,24)25/h6-11,17-18,20H,3-5H2,1-2H3,(H,22,23)(H2,16,24,25)/t6-,7-,8+,9+,10-,11-/m1/s1","AVAACINZEOAHHE-VFZPANTDSA-N","doripenem","doribax; doripenem","148016-81-3","C[C@@H](O)[C@@H]1[C@H]2[C@@H](C)C(S[C@@H]3CN[C@H](CNS(N)(=O)=O)C3)=C(N2C1=O)C(O)=O","C15H24N4O6S2",420.504,7,0.0581131,0.881399,"Secondary Amine",73303,"C[C@@H]1[C@@H]2[C@H](C(=O)N2C(=C1S[C@H]3C[C@H](NC3)CNS(=O)(=O)N)C(=O)O)[C@@H](C)O","148016-81-3",420.5,"(+/-)","+-",0.935,-0.07,"Secondary Amine","Secondary Amine","Antibiotic","Antibiotic","Penem","Penem",TRUE,TRUE,FALSE,FALSE,TRUE,TRUE,TRUE,FALSE,"Group 2","Zwitterion"
"Amoxicillin","365.4","365.104541898","C16H19N3O5S","true","44","25","4","4","3","1","2","0.44","4","6","0","132.96",0.280411675383837,"35.52","89.5","307.07","49.1","86.12","4.4","8.02","474.16","496.07","3.41","7.22","5.36","-4.35","Moderate","-2.31","-7.33","-5.58","-4.0","-2.87","-2.39","-2.31","-2.32","-2.49",-2.71,"-3.04","-3.59","-4.19","-5.06","-5.86","-6.48","-6.82","27.24","(2S,5R,6R)-6-[(2R)-2-amino-2-(4-hydroxyphenyl)acetamido]-3,3-dimethyl-7-oxo-4-thia-1-azabicyclo[3.2.0]heptane-2-carboxylic acid","CC1(C)S[C@@H]2[C@H](NC(=O)[C@H](N)C3=CC=C(O)C=C3)C(=O)N2[C@H]1C(O)=O","InChI=1S/C16H19N3O5S/c1-16(2)11(15(23)24)19-13(22)10(14(19)25-16)18-12(21)9(17)7-3-5-8(20)6-4-7/h3-6,9-11,14,20H,17H2,1-2H3,(H,18,21)(H,23,24)/t9-,10-,11+,14-/m1/s1","LSQZJLSUYDQPKJ-NJBDSQKTSA-N","amoxicillin","(R*)-amoxicillin; (R*)-isomer amoxicillin; (r*)-amoxicillin; (r*)-isomer amoxicillin; AMC; AMOX; AMPC; D-amoxicillin; DisperMox; G.A., clamoxyl; actimoxi; amoclen; amolin; amopen; amopenixin; amoxi; amoxi-mast; amoxibiotic; amoxicaps; amoxicilina; amoxicilina [inn-spanish]; amoxicillin; amoxicillin (product); amoxicillin (substance); amoxicillin anhydrous; amoxicillin clariana brand; amoxicillin monopotassium salt; amoxicillin monosodium salt; amoxicillin pediatric; amoxicillin preparation; amoxicillin product; amoxicillin sodium (substance); amoxicillin trihydrate (substance); amoxicillin trihydrate preparation; amoxicillin, (R*)-; amoxicillin, (R*)-isomer; amoxicillin, (r*)-; amoxicillin, (r*)-isomer; amoxicilline; amoxicilline [inn-french]; amoxicilline trihydrate; amoxicillinum; amoxiden; amoxivet; amoxycillin; amoxycillin product; amoxycillin trihydrate; ampy-penyl; anemolin; apo-amoxi; aspenil; biomox; bristamox; cemoxin; clamoxyl; clamoxyl G.A.; clamoxyl g.a.; clamoxyl parenteral; clariana brand of amoxicillin; delacillin; dispermox; efpenix; flemoxin; g.a., clamoxyl; hiconcil; histocillin; hydroxyampicillin; imacillin; lamoxy; metafarma capsules; metifarma capsules; moxacin; moxal; moxatag; ospamox; p-hydroxyampicillin; pamoxicillin; parenteral, clamoxyl; penamox; pfizer brand of amoxicillin sodium salt; piramox; sawamox PM; sumox; tolodina; trihydrate, amoxicillin; unicillin; utimox; vetramox; wymox; 阿莫西林","26787-78-0","CC1(C)S[C@@H]2[C@H](NC(=O)[C@H](N)C3=CC=C(O)C=C3)C(=O)N2[C@H]1C(O)=O","C16H19N3O5S",365.404,4,0.105657,1.10207,"Primary Amine",33613,"CC1([C@@H](N2[C@H](S1)[C@@H](C2=O)NC(=O)[C@@H](C3=CC=C(C=C3)O)N)C(=O)O)C","26787-78-0",365.4,"(-1)","-",0.511,-0.61,"Primary Amine","Primary Amine","Antibiotic","Antibiotic","Penicillin","Penicillin",TRUE,TRUE,TRUE,TRUE,TRUE,FALSE,FALSE,FALSE,"Group 1","Anion"
"Ampicillin","349.41","349.109627278","C16H19N3O4S","true","43","24","4","4","3","1","2","0.44","3","5","0","112.73",0.243135986196484,"34.87","87.52","298.53","47.26","82.87","4.39","7.92","463.65","487.9","3.41","7.23","5.37","-4.79","Low","-2.01","-7.03","-5.28","-3.69","-2.57","-2.09","-2.01","-2.02","-2.18",-2.396,"-2.72","-3.16","-3.26","-3.31","-3.54","-4.01","-4.31","25.7","(2S,5R,6R)-6-[(2R)-2-amino-2-phenylacetamido]-3,3-dimethyl-7-oxo-4-thia-1-azabicyclo[3.2.0]heptane-2-carboxylic acid","CC1(C)S[C@@H]2[C@H](NC(=O)[C@H](N)C3=CC=CC=C3)C(=O)N2[C@H]1C(O)=O","InChI=1S/C16H19N3O4S/c1-16(2)11(15(22)23)19-13(21)10(14(19)24-16)18-12(20)9(17)8-6-4-3-5-7-8/h3-7,9-11,14H,17H2,1-2H3,(H,18,20)(H,22,23)/t9-,10-,11+,14-/m1/s1","AVKUERGKIZMTKX-NJBDSQKTSA-N","ampicillin","ABPC; Ampicillin [Usan:Ban:Inn:Jan]; D-(-)-ampicillin; D-ampicillin; aminobenzylpenicillin; ampicilina; ampicilina [inn-spanish]; ampicillin; ampicillin acid; ampicillin anhydrate; ampicillin anhydrous; ampicillin base; ampicillina; ampicilline; ampicilline [inn-french]; ampicillinum; anhydrous ampicillin; 氨苄西林","69-53-4","CC1(C)S[C@@H]2[C@H](NC(=O)[C@H](N)C3=CC=CC=C3)C(=O)N2[C@H]1C(O)=O","C16H19N3O4S",349.405,4,0.157688,1.00077,"Primary Amine",6249,"CC1([C@@H](N2[C@H](S1)[C@@H](C2=O)NC(=O)[C@@H](C3=CC=CC=C3)N)C(=O)O)C","69-53-4",349.4,"(-1)","-",0.597,-0.6,"Primary Amine","Primary Amine","Antibiotic","Antibiotic","Penicillin","Penicillin",TRUE,TRUE,TRUE,TRUE,TRUE,FALSE,FALSE,FALSE,"Group 1","Anion"
"Carbenicillin","378.4","378.088557482","C17H18N2O6S","true","44","26","4","5","3","1","2","0.41","3","6","0","124.01",0.255243387876917,"35.8","90.82","314.48","51.15","89.9","4.84","7.77","485.85","495.1","3.29","2.66","2.84","-4.51","Moderate","0.29","-3.68","-1.92","-0.34","0.29","-0.48","-2.2","-4.09","-5.56",-5.792,"-6.14","-6.23","-6.25","-6.28","-6.51","-6.98","-7.28","21.24","(2S,5R,6R)-6-(2-carboxy-2-phenylacetamido)-3,3-dimethyl-7-oxo-4-thia-1-azabicyclo[3.2.0]heptane-2-carboxylic acid","CC1(C)S[C@@H]2[C@H](NC(=O)C(C(O)=O)C3=CC=CC=C3)C(=O)N2[C@H]1C(O)=O","InChI=1S/C17H18N2O6S/c1-17(2)11(16(24)25)19-13(21)10(14(19)26-17)18-12(20)9(15(22)23)8-6-4-3-5-7-8/h3-7,9-11,14H,1-2H3,(H,18,20)(H,22,23)(H,24,25)/t9?,10-,11+,14-/m1/s1","FPPNZSSZRUTDAP-UWFZAAFLSA-N","carbenicillin","CBPC; anabactyl; carbapen; carbenicilina; carbenicillin; carbenicillin (product); carbenicillin (substance); carbenicillin disodium (substance); carbenicillin disodium preparation; carbenicillin preparation; carbenicilline; carbenicillinum; carboxybenzyl penicillin; carboxybenzylpenicillin; csl brand of carbenicillin disodium salt; disodium, carbenicillin; penicillin, carboxybenzyl; sanfer brand of carbenicillin disodium salt; α-carboxybenzylpencillin","4697-36-3","CC1(C)S[C@@H]2[C@H](NC(=O)C(C(O)=O)C3=CC=CC=C3)C(=O)N2[C@H]1C(O)=O","C17H18N2O6S",378.4,5,0.166251,1.23359,"No Amine",20824,"CC1([C@@H](N2[C@H](S1)[C@@H](C2=O)NC(=O)C(C3=CC=CC=C3)C(=O)O)C(=O)O)C","4697-36-3",378.4,"(-2)","--",1,-2,"No Amine","No Amine","Antibiotic","Antibiotic","Penicillin","Penicillin",TRUE,TRUE,TRUE,FALSE,TRUE,FALSE,FALSE,FALSE,"No group","Anion"
"Mezlocillin","539.58","539.114455133","C21H25N5O8S2","false","61","36","4","5","4","1","3","0.48","3","8","0","173.5",0.250230760355371,"49.82","124.88","436.43","80.07","128.26","7.46","8.5","693.36","715.89","3.6","2.75","3.14","-5.51","Low","-1.22","-5.73","-3.64","-1.98","-1.22","-1.51","-2.37","-3.32","-4.06",-4.168,"-4.33","-4.37","-4.39","-4.51","-5.08","-6.05","-6.98","25.71","(2S,5R,6R)-6-[(2R)-2-[(3-methanesulfonyl-2-oxoimidazolidine-1-carbonyl)amino]-2-phenylacetamido]-3,3-dimethyl-7-oxo-4-thia-1-azabicyclo[3.2.0]heptane-2-carboxylic acid","CC1(C)S[C@@H]2[C@H](NC(=O)[C@H](NC(=O)N3CCN(C3=O)S(C)(=O)=O)C3=CC=CC=C3)C(=O)N2[C@H]1C(O)=O","InChI=1S/C21H25N5O8S2/c1-21(2)14(18(29)30)26-16(28)13(17(26)35-21)22-15(27)12(11-7-5-4-6-8-11)23-19(31)24-9-10-25(20(24)32)36(3,33)34/h4-8,12-14,17H,9-10H2,1-3H3,(H,22,27)(H,23,31)(H,29,30)/t12-,13-,14+,17-/m1/s1","YPBATNHYBCGSSN-VWPFQQQWSA-N","mezlocillin","mezlin; mezlocilina; mezlocillin; mezlocilline; mezlocillinum","51481-65-3, 59798-30-0","CC1(C)S[C@@H]2[C@H](NC(=O)[C@H](NC(=O)N3CCN(C3=O)S(C)(=O)=O)C3=CC=CC=C3)C(=O)N2[C@H]1C(O)=O","C21H25N5O8S2",539.582,6,0.0857029,1.24332,"No Amine",656511,"CC1([C@@H](N2[C@H](S1)[C@@H](C2=O)NC(=O)[C@@H](C3=CC=CC=C3)NC(=O)N4CCN(C4=O)S(=O)(=O)C)C(=O)O)C","51481-65-3",539.6,"(-1)","-",0.993,-1,"No Amine","No Amine","Antibiotic","Antibiotic","Penicillin","Penicillin",TRUE,TRUE,FALSE,FALSE,TRUE,FALSE,FALSE,FALSE,"No group","Anion"
"Ticarcillin","384.42","384.044978591","C15H16N2O6S2","true","41","25","4","5","3","1","3","0.47","3","6","0","124.01",0.267303256956869,"34.58","87.93","305.93","48.91","82.7","4.62","7.79","463.93","461.67","3.33","2.65","2.9","-4.18","Moderate","0.08","-3.9","-2.14","-0.56","0.08","-0.51","-2.0","-3.84","-5.37",-5.702,"-6.2","-6.43","-6.47","-6.52","-6.81","-7.26","-7.51","22.15","(2S,5R,6R)-6-[(2R)-2-carboxy-2-(thiophen-3-yl)acetamido]-3,3-dimethyl-7-oxo-4-thia-1-azabicyclo[3.2.0]heptane-2-carboxylic acid","CC1(C)S[C@@H]2[C@H](NC(=O)[C@H](C(O)=O)C3=CSC=C3)C(=O)N2[C@H]1C(O)=O","InChI=1S/C15H16N2O6S2/c1-15(2)9(14(22)23)17-11(19)8(12(17)25-15)16-10(18)7(13(20)21)6-3-4-24-5-6/h3-5,7-9,12H,1-2H3,(H,16,18)(H,20,21)(H,22,23)/t7-,8-,9+,12-/m1/s1","OHKOGUYZJXTSFX-KZFFXBSXSA-N","ticarcillin","csl brand of ticarcillin disodium; disodium, ticarcillin; glaxosmithkline brand of ticarcillin disodium; glaxosmithkline brand of ticarcillin disodium salt; smithkline beecham brand of ticarcillin disodium; tarcil; ticarcilina; ticarcilina [inn-spanish]; ticarcillin; ticarcillin (product); ticarcillin (substance); ticarcillin disodium (substance); ticarcillin disodium preparation; ticarcillin preparation; ticarcillin supplement; ticarcilline; ticarcilline [inn-french]; ticarcillinum; ticillin; ticillin (product)","34787-01-4","CC1(C)S[C@@H]2[C@H](NC(=O)[C@H](C(O)=O)C3=CSC=C3)C(=O)N2[C@H]1C(O)=O","C15H16N2O6S2",384.427,5,0.118818,0.990522,"No Amine",36921,"CC1([C@@H](N2[C@H](S1)[C@@H](C2=O)NC(=O)[C@@H](C3=CSC=C3)C(=O)O)C(=O)O)C","34787-01-4",384.4,"(-2)","--",0.999,-2,"No Amine","No Amine","Antibiotic","Antibiotic","Penicillin","Penicillin",TRUE,TRUE,TRUE,FALSE,TRUE,FALSE,FALSE,FALSE,"No group","Anion"
"Azlocillin","461.49","461.136904655","C20H23N5O6S","true","55","32","4","5","4","1","3","0.45","4","6","0","148.15",0.247630668427299,"43.69","111.71","382.81","67.29","108.5","6.22","7.84","598.27","622.29","3.49","2.7","3.14","-5.43","Low","-0.71","-5.35","-3.15","-1.47","-0.71","-0.99","-1.85","-2.8","-3.55",-3.654,"-3.81","-3.85","-3.86","-3.94","-4.39","-5.37","-6.56","25.73","(2S,5R,6R)-3,3-dimethyl-7-oxo-6-[(2R)-2-[(2-oxoimidazolidine-1-carbonyl)amino]-2-phenylacetamido]-4-thia-1-azabicyclo[3.2.0]heptane-2-carboxylic acid","CC1(C)S[C@@H]2[C@H](NC(=O)[C@H](NC(=O)N3CCNC3=O)C3=CC=CC=C3)C(=O)N2[C@H]1C(O)=O","InChI=1S/C20H23N5O6S/c1-20(2)13(17(28)29)25-15(27)12(16(25)32-20)22-14(26)11(10-6-4-3-5-7-10)23-19(31)24-9-8-21-18(24)30/h3-7,11-13,16H,8-9H2,1-2H3,(H,21,30)(H,22,26)(H,23,31)(H,28,29)/t11-,12-,13+,16-/m1/s1","JTWOMNBEOCYFNV-NFFDBFGFSA-N","azlocillin","azlocilina; azlocilina [inn-spanish]; azlocillin; azlocillin sodium salt; azlocilline; azlocilline [inn-french]; azlocillinum; 阿洛西林","37091-66-0","CC1(C)S[C@@H]2[C@H](NC(=O)[C@H](NC(=O)N3CCNC3=O)C3=CC=CC=C3)C(=O)N2[C@H]1C(O)=O","C20H23N5O6S",461.492,5,0.111977,1.18739,"No Amine",6479523,"CC1([C@@H](N2[C@H](S1)[C@@H](C2=O)NC(=O)[C@@H](C3=CC=CC=C3)NC(=O)N4CCNC4=O)C(=O)O)C","37091-66-0",461.5,"(-1)","-",0.975,-1,"No Amine","No Amine","Antibiotic","Antibiotic","Penicillin","Penicillin",TRUE,TRUE,TRUE,FALSE,TRUE,FALSE,FALSE,FALSE,"No group","Anion"
"Piperacillin","517.56","517.163119403","C23H27N5O7S","false","63","36","4","6","4","1","3","0.48","3","7","0","156.43",0.227392321893216,"49.3","126.3","437.65","74.7","118.71","6.4","8.44","687.93","698.49","3.49","2.7","3.18","-6.11","Low","-0.66","-6.69","-3.74","-1.54","-0.66","-0.93","-1.79","-2.74","-3.48",-3.588,"-3.75","-3.78","-3.8","-3.88","-4.34","-5.23","-6.11","30.77","(2S,5R,6R)-6-[(2R)-2-[(4-ethyl-2,3-dioxopiperazine-1-carbonyl)amino]-2-phenylacetamido]-3,3-dimethyl-7-oxo-4-thia-1-azabicyclo[3.2.0]heptane-2-carboxylic acid","CCN1CCN(C(=O)N[C@@H](C(=O)N[C@H]2[C@H]3SC(C)(C)[C@@H](N3C2=O)C(O)=O)C2=CC=CC=C2)C(=O)C1=O","InChI=1S/C23H27N5O7S/c1-4-26-10-11-27(19(32)18(26)31)22(35)25-13(12-8-6-5-7-9-12)16(29)24-14-17(30)28-15(21(33)34)23(2,3)36-20(14)28/h5-9,13-15,20H,4,10-11H2,1-3H3,(H,24,29)(H,25,35)(H,33,34)/t13-,14-,15+,20-/m1/s1","IVBHGBMCVLDMKU-GXNBUGAJSA-N","piperacillin","pentcillin; piperacillin; piperacillin anhydrous; piperacillin hydrate","61477-96-1","CCN1CCN(C(=O)N[C@@H](C(=O)N[C@H]2[C@H]3SC(C)(C)[C@@H](N3C2=O)C(O)=O)C2=CC=CC=C2)C(=O)C1=O","C23H27N5O7S",517.555,6,0.0720295,1.17784,"No Amine",43672,"CCN1CCN(C(=O)C1=O)C(=O)N[C@H](C2=CC=CC=C2)C(=O)N[C@H]3[C@@H]4N(C3=O)[C@H](C(S4)(C)C)C(=O)O","61477-96-1",517.6,"(-1)","-",0.978,-1,"No Amine","No Amine","Antibiotic","Antibiotic","Penicillin","Penicillin",TRUE,TRUE,FALSE,FALSE,TRUE,FALSE,FALSE,FALSE,"No group","Anion"
"Sulfabenzamide","276.31","276.056863428","C13H12N2O3S","true","31","19","0","2","2","2","0","0.0","2","4","0","89.26",0.243646785860516,"28.04","73.15","230.46","37.83","83.7","4.71","7.71","366.35","470.9","4.32","2.09","3.2","-3.45","High","1.59","-0.27","0.5","1.25","1.53","1.44","1.02","0.71","0.66",0.656,"0.65","0.65","0.65","0.65","0.65","0.65","0.65","12.08","N-(4-aminobenzenesulfonyl)benzamide","NC1=CC=C(C=C1)S(=O)(=O)NC(=O)C1=CC=CC=C1","InChI=1S/C13H12N2O3S/c14-11-6-8-12(9-7-11)19(17,18)15-13(16)10-4-2-1-3-5-10/h1-9H,14H2,(H,15,16)","PBCZLFBEBARBBI-UHFFFAOYSA-N","sulfabenzamide","sulfabenzamide; 磺胺苯酰","127-71-9","NC1=CC=C(C=C1)S(=O)(=O)NC(=O)C1=CC=CC=C1","C13H12N2O3S",276.311,3,0.14708,1.15397,"No Amine",5319,"C1=CC=C(C=C1)C(=O)NS(=O)(=O)C2=CC=C(C=C2)N","127-71-9",276.31,"(-1)","-",0.999,-1,"No Amine","No Amine","Antibiotic","Antibiotic","Sulphonamide","Sulphonamide",FALSE,TRUE,TRUE,FALSE,TRUE,FALSE,FALSE,FALSE,"No group","Anion"
"Sulfacetamide","214.24","214.041213364","C8H10N2O3S","true","24","14","0","1","1","1","0","0.12","2","4","0","89.26",0.306577365619097,"20.56","52.48","176.55","38.06","57.38","4.24","5.79","291.15","390.54","5.6","2.14","3.87","-1.51","High","-0.26","-2.15","-1.4","-0.63","-0.32","-0.28","-0.35","-0.7","-1.09",-1.13,"-1.19","-1.2","-1.2","-1.2","-1.2","-1.2","-1.2","14.04","N-(4-aminobenzenesulfonyl)acetamide","CC(=O)NS(=O)(=O)C1=CC=C(N)C=C1","InChI=1S/C8H10N2O3S/c1-6(11)10-14(12,13)8-4-2-7(9)3-5-8/h2-5H,9H2,1H3,(H,10,11)","SKIVFJLNDNKQPD-UHFFFAOYSA-N","sulfacetamide","AK sulf; AK-sulf; I-sulfacet; N-acetylsulfanilamine; OP-sulfa 30; P-aminobenzenesulfonacetamide; P-aminobenzenesulfonoacetamide; acetocid; acetopt; acetosulfamine; ak-sulf; akorn brand of sulfacetamide sodium; albamine; albucid; alcon brand 1 of sulfacetamide sodium; alcon brand 2 of sulfacetamide sodium; alesten; allergan brand of sulfacetamide sodium; antébor; belph 10; belph-10; bleph; bleph-10; bleph-10 liquifilm; caswell no. 808A; ceta sulfa; cetamide, isopto; chauvin brand of sulfacetamide sodium; colircusi sulfacetamida; coliriocilina sulfacetam; epa pesticide chemical code 077904; formosulfacetamide; grin brand of sulfacetamide sodium; gyne-sulf; isopto cetamide; isopto-cetamide; klaron; medical brand of sulfacetamide sodium; monosodium salt, sulfacetamide; médix brand of sulfacetamide sodium; novartis brand of sulfacetamide sodium; oclucid; ocusulf-10; op-sulfa 30; ophthacet; ophthel-S; p-aminobenzenesulfonacetamide; p-aminobenzenesulfonoacetamide; pharmafair brand of sulfacetamide sodium; region; schering brand of sulfacetamide sodium; sebizon; sigma brand of sulfacetamide sodium; sodium sulamyd; solfacetamide; steramide; steri-units sulfacetamide; sulamyd; sulamyd, sodium; sulf 10; sulf-10; sulf-15; sulfacel-15; sulfacetam, coliriocilina; sulfacetamida; sulfacetamida, colircusi; sulfacetamide; sulfacetamide (product); sulfacetamide (substance); sulfacetamide preparation; sulfacetamide sodium (substance); sulfacetamide sodium preparation; sulfacetamide sodium usp; sulfacetamide, monosodium salt, anhydrous; sulfacetamidum; sulfacetimide; sulfacil; sulfacyl; sulfacylum; sulfair; sulfair 10; sulfair 15; sulfair forte; sulfair-15; sulfanilacetamide; sulfanilazetamid; sulfex; sulphacetamide; sulphacetamidum; sulphasil; sulten-10; sultrin; trysul; urosulfon; urosulfone; 磺胺醋酰","144-80-9, 5414-91-5","CC(=O)NS(=O)(=O)C1=CC=C(N)C=C1","C8H10N2O3S",214.242,2,0.127387,0.873562,"No Amine",5320,"CC(=O)NS(=O)(=O)C1=CC=C(C=C1)N","144-80-9",214.24,"(-1)","-",0.985,-1.94,"No Amine","No Amine","Antibiotic","Antibiotic","Sulphonamide","Sulphonamide",TRUE,TRUE,TRUE,FALSE,TRUE,FALSE,FALSE,FALSE,"No group","Anion"
"Sulfachlorpyridazine","284.72","284.0134744","C10H9ClN4O2S","true","27","18","0","2","2","2","1","0.0","2","5","0","97.97",0.286822613227157,"26.59","71.48","216.38","46.84","70.23","4.94","5.92","341.57","445.83","6.6","2.02","4.31","-3.79","Moderate","0.85","-0.97","-0.18","0.55","0.81","0.85","0.84","0.77","0.41",0.254,"0.02","-0.08","-0.09","-0.09","-0.09","-0.09","-0.09","12.97","4-amino-N-(6-chloropyridazin-3-yl)benzene-1-sulfonamide","NC1=CC=C(C=C1)S(=O)(=O)NC1=NN=C(Cl)C=C1","InChI=1S/C10H9ClN4O2S/c11-9-5-6-10(14-13-9)15-18(16,17)8-3-1-7(12)2-4-8/h1-6H,12H2,(H,14,15)","XOXHILFPRYWFOD-UHFFFAOYSA-N","sulfachloropyridazine","C10H9clN4O2S; cluricol; durasulf; monosodium salt sulfachlorpyridazine; nefrosul; prinzone vet.; solfaclorpiridazina; sulfachloropyridazine; sulfachlorpyridazine; sulfachlorpyridazine (substance); sulfachlorpyridazine, monosodium salt; sulfachlorpyridazinum; sulfacloropiridazina; sulphachlorpyridazine; vetisulid; 磺胺氯达嗪","80-32-0","NC1=CC=C(C=C1)S(=O)(=O)NC1=NN=C(Cl)C=C1","C10H9ClN4O2S",284.722,3,0.11004,0.807862,"No Amine",6634,"C1=CC(=CC=C1N)S(=O)(=O)NC2=NN=C(C=C2)Cl","80-32-0",284.72,"(-1)","-",0.865,-0.86,"No Amine","No Amine","Antibiotic","Antibiotic","Sulphonamide","Sulphonamide",FALSE,TRUE,TRUE,FALSE,TRUE,FALSE,FALSE,FALSE,"No group","Anion"
"Sulfadiazine","250.28","250.052446752","C10H10N4O2S","true","27","17","0","2","2","2","1","0.0","2","5","0","97.97",0.300466171870208,"24.58","64.2","202.71","45.3","63.08","5.19","5.68","326.06","430.54","6.99","2.01","4.5","-2.5","High","0.39","-1.43","-0.64","0.08","0.34","0.38","0.38","0.35","0.13",-0.054,"-0.33","-0.52","-0.55","-0.56","-0.56","-0.56","-0.56","14.08","4-amino-N-(pyrimidin-2-yl)benzene-1-sulfonamide","NC1=CC=C(C=C1)S(=O)(=O)NC1=NC=CC=N1","InChI=1S/C10H10N4O2S/c11-8-2-4-9(5-3-8)17(15,16)14-10-12-6-1-7-13-10/h1-7H,11H2,(H,12,13,14)","SEEPANYCNGTZFQ-UHFFFAOYSA-N","sulfadiazine","SDA; adiazin; adiazine; coco-diazine; cocodiazine; codiazine; cremodiazine; cremotres; debenal; deltazina; di-azo-mul; diazolone; diazovit; diazyl; eskadiazine; honey diazine; lantrisul; lipo-diazine; lipo-levazine; liquadiazine; metha-meridiazine; microsulfon; neazine; neotrizine; palatrize; pecta-diazine; pecta-diazine, suspension; piridisir; pirimal; pyrimal; quadetts; quadramoid; sanodiazine; solfadiazina; spofadrizine; sterazine; sulfa-triple; sulfa-triple #2; sulfacombin; sulfadiazene; sulfadiazin; sulfadiazina; sulfadiazine; sulfadiazine (substance); sulfadiazine preparation; sulfadiazine product; sulfadiazine product (product); sulfadiazine, silver; sulfadiazine, zinc; sulfadiazinum; sulfaloid; sulfanilamidopyrimidine; sulfapirimidin; sulfapyrimidin; sulfapyrimidine; sulfatryl; sulfazine; sulfolex; sulfonamides duplex; sulfonsol; sulfose; sulphadiazine; sulphadiazine E; sulphadiazine product; suspension pecta-diazine; terfonyl; theradiazine; thi-di-mer; tri-sulfameth; trifonamide; triple sulfa; triple sulfas; triple sulfoid; trisem; truozine; zinc sulfadiazine; 磺胺嘧啶","68-35-9","NC1=CC=C(C=C1)S(=O)(=O)NC1=NC=CC=N1","C10H10N4O2S",250.277,3,0.111254,0.788075,"No Amine",5215,"C1=CN=C(N=C1)NS(=O)(=O)C2=CC=C(C=C2)N","68-35-9",250.28,"(-1)","-",0.72,-0.72,"No Amine","No Amine","Antibiotic","Antibiotic","Sulphonamide","Sulphonamide",TRUE,TRUE,TRUE,FALSE,TRUE,FALSE,FALSE,FALSE,"No group","Anion"
"Sulfadimethoxine","310.33","310.073576121","C12H14N4O4S","true","35","21","0","4","2","2","1","0.17","2","7","0","116.43",0.27589393616265,"29.68","77.75","254.84","49.56","80.98","5.07","7.59","422.01","542.99","6.91","1.95","4.43","-3.6","High","1.26","-0.53","0.29","0.99","1.22","1.26","1.26","1.22","0.97",0.79,"0.52","0.34","0.32","0.32","0.32","0.32","0.32","15.47","4-amino-N-(2,6-dimethoxypyrimidin-4-yl)benzene-1-sulfonamide","COC1=NC(OC)=NC(NS(=O)(=O)C2=CC=C(N)C=C2)=C1","InChI=1S/C12H14N4O4S/c1-19-11-7-10(14-12(15-11)20-2)16-21(17,18)9-5-3-8(13)4-6-9/h3-7H,13H2,1-2H3,(H,14,15,16)","ZZORFUFYDOWNEF-UHFFFAOYSA-N","sulfadimethoxine","abcid; abcid (TN); agribon; agribon (TN); albon; arnosulfan; bactrovet; deposul; di-methox; diasulfa; diasulfyl; dimetazina; dimethoxysulfadiazine; dinosol; dorisul; fuxal; madribon; madrigid; madriqid; madroxin; madroxine; maxulvet; memcozine; metoxidon; neostrepal; omnibon; persulfen; radonin; redifal; roscosulf; scandisil; solfadimetossina; sudine; sulfadimethoxin; sulfadimethoxine; sulfadimethoxine (product); sulfadimethoxine (substance); sulfadimethoxinum; sulfadimethoxydiazine; sulfadimetossina; sulfadimetoxin; sulfadimetoxina; sulfastop; sulfoplan; sulphadimethoxine; sulxin; symbio; theracanzan; 磺胺地索辛","122-11-2","COC1=NC(OC)=NC(NS(=O)(=O)C2=CC=C(N)C=C2)=C1","C12H14N4O4S",310.329,5,0.258628,1.24644,"No Amine",5323,"COC1=NC(=NC(=C1)NS(=O)(=O)C2=CC=C(C=C2)N)OC","122-11-2",310.33,"(-1)","-",0.758,-0.76,"No Amine","No Amine","Antibiotic","Antibiotic","Sulphonamide","Sulphonamide",FALSE,FALSE,TRUE,FALSE,TRUE,FALSE,FALSE,FALSE,"No group","Anion"
"Sulfaguanidine","214.24","214.052446752","C7H10N4O2S","true","24","14","0","1","1","1","0","0.0","4","5","0","122.06",0.441446654611212,"20.52","63.75","173.17","36.27","58.57","4.08","5.78","276.5","355.38","10.53","7.72","9.13","-1.63","High","-0.52","-4.82","-4.05","-3.3","-2.99","-2.92","-2.77","-2.17","-1.31",-1.07,"-0.71","-0.56","-0.62","-0.99","-1.37","-1.46","-1.46","20.53","N-(4-aminobenzenesulfonyl)guanidine","NC(=N)NS(=O)(=O)C1=CC=C(N)C=C1","InChI=1S/C7H10N4O2S/c8-5-1-3-6(4-2-5)14(12,13)11-7(9)10/h1-4H,8H2,(H4,9,10,11)","BRBKOPJOKNSWSG-UHFFFAOYSA-N","aterian","N(sup 1)-guanylsulfanilamide; N-guanylsulfanilamide; S-guanidine; abiguanil; aterian; diacta; emerin (pharmaceutical); ganidan; gastro entericanis biocanina; gastro-entericanis biocanina; gastroentericanis biocanina; guamide; guanicil; guanidan; orgaguanidon; p-aminobenzenesulfoguanidide; resulfon; ruocid; shigatox; solfaguanidina; suganyl; sulfaguanidin; sulfaguanidina; sulfaguanidine (product); sulfaguanidine (substance); sulfaguanidinum; sulfaguanil; sulfaguine; sulfanilyl guanadine; sulfentidine; sulfoguanil; sulfoguanyl; sulfoquanidine; sulgin; sulginum; sulphaguanidine; veto centre; veto-centre","57-67-0, 61116-95-8, 6190-55-2","NC(=N)NS(=O)(=O)C1=CC=C(N)C=C1","C7H10N4O2S",214.245,3,0.159071,0.883705,"No Amine",5324,"C1=CC(=CC=C1N)S(=O)(=O)N=C(N)N","57-67-0",214.25,"0","0",0.995,0.68,"No Amine","No Amine","Antibiotic","Antibiotic","Sulphonamide","Sulphonamide",TRUE,TRUE,TRUE,FALSE,FALSE,FALSE,FALSE,TRUE,"No group","Neutral"
"Sulfamerazine","264.3","264.068096816","C11H12N4O2S","true","30","18","0","2","2","2","1","0.09","2","5","0","97.97",0.27349115068952,"26.33","68.79","219.38","48.07","67.18","4.87","6.33","358.22","470.83","6.99","2.0","4.5","-2.66","High","0.52","-1.3","-0.5","0.22","0.48","0.51","0.51","0.48","0.26",0.076,"-0.2","-0.39","-0.42","-0.42","-0.42","-0.42","-0.42","13.45","4-amino-N-(4-methylpyrimidin-2-yl)benzene-1-sulfonamide","CC1=NC(NS(=O)(=O)C2=CC=C(N)C=C2)=NC=C1","InChI=1S/C11H12N4O2S/c1-8-6-7-13-11(14-8)15-18(16,17)10-4-2-9(12)3-5-10/h2-7H,12H2,1H3,(H,13,14,15)","QPPBRPIAZZHUNT-UHFFFAOYSA-N","sulfamerazine","2-sulfa-4-methylpyrimidine; cremomerazine; debenal-M; kelamerazine; mebacid; mesulfa; methylpyrimal; methylsulfadiazine; methylsulfazin; methylsulfazine; metilsulfadiazin; metilsulfazin; percoccide; pirimal-M; pyralcid; pyrimal M; romezin; septacil; septosyl; solfamerazina; solumedin; sulfameradine; sulfamerazin; sulfamerazina; sulfamerazine; sulfamerazine (substance); sulfamerazine preparation; sulfamerazine sodium injection; sulfamerazine veyx brand; sulfamerazinum; sulfamethyldiazine; sulphamerazine; sumedine; trimetox; veta-merazine; veyx brand of sulfamerazine; 磺胺甲嘧啶","127-79-7","CC1=NC(NS(=O)(=O)C2=CC=C(N)C=C2)=NC=C1","C11H12N4O2S",264.304,3,0.0896559,0.782461,"No Amine",5325,"CC1=NC(=NC=C1)NS(=O)(=O)C2=CC=C(C=C2)N","127-79-7",264.31,"(-1)","-",0.719,-0.72,"No Amine","No Amine","Antibiotic","Antibiotic","Sulphonamide","Sulphonamide",FALSE,TRUE,TRUE,FALSE,TRUE,FALSE,FALSE,FALSE,"No group","Anion"
"Sulfameter","280.3","280.063011436","C11H12N4O3S","true","31","19","0","3","2","2","1","0.09","2","6","0","107.2",0.286103178627666,"27.13","70.66","228.75","49.65","71.03","4.94","6.21","374.69","496.43","7.06","1.98","4.52","-2.5","High","0.23","-1.57","-0.77","-0.06","0.19","0.23","0.23","0.2","0.0",-0.184,"-0.46","-0.68","-0.71","-0.71","-0.71","-0.71","-0.71","15.17","4-amino-N-(5-methoxypyrimidin-2-yl)benzene-1-sulfonamide","COC1=CN=C(NS(=O)(=O)C2=CC=C(N)C=C2)N=C1","InChI=1S/C11H12N4O3S/c1-18-9-6-13-11(14-7-9)15-19(16,17)10-4-2-8(12)3-5-10/h2-7H,12H2,1H3,(H,13,14,15)","GPTONYMQFTZPKC-UHFFFAOYSA-N","kiron","5-methoxysulfadiazine; bayrena; berlicid; dairena; durenat; durisan; juvoxin; kinecid; kirocid; kiron; longasulf; methoxypyrimal; solfametossidiazina; sulfa-5-methoxypyrimidine; sulfameter; sulfameter (substance); sulfamethorine; sulfamethoxidiazine; sulfamethoxine; sulfamethoxydiazine; sulfamethoxydin; sulfamethoxydine; sulfamethoxypyrimidine; sulfametin; sulfametinum; sulfametorine; sulfametorinum; sulfametoxidiazina; sulfametoxidine; sulfametoxipirimidine; sulfametoxydiazine; sulfametoxydiazinum; sulla; sulphameter; sulphamethoxydiazine; supramid; ultrax; 磺胺对甲氧嘧啶","651-06-9","COC1=CN=C(NS(=O)(=O)C2=CC=C(N)C=C2)N=C1","C11H12N4O3S",280.303,4,0.0741501,0.74677,"No Amine",5326,"COC1=CN=C(N=C1)NS(=O)(=O)C2=CC=C(C=C2)N","651-06-9",280.31,"(-1)","-",0.688,-0.69,"No Amine","No Amine","Antibiotic","Antibiotic","Sulphonamide","Sulphonamide",TRUE,TRUE,TRUE,FALSE,TRUE,FALSE,FALSE,FALSE,"No group","Anion"
"Sulfamethazine","278.33","278.083746881","C12H14N4O2S","true","33","19","0","2","2","2","1","0.17","2","5","0","97.97",0.250639582480557,"28.09","73.38","236.17","49.44","72.92","4.9","7.04","390.88","518.61","6.99","2.0","4.5","-2.82","High","0.65","-1.2","-0.37","0.35","0.61","0.65","0.65","0.61","0.39",0.21,"-0.06","-0.26","-0.29","-0.29","-0.29","-0.29","-0.29","12.86","4-amino-N-(4,6-dimethylpyrimidin-2-yl)benzene-1-sulfonamide","CC1=CC(C)=NC(NS(=O)(=O)C2=CC=C(N)C=C2)=N1","InChI=1S/C12H14N4O2S/c1-8-7-9(2)15-12(14-8)16-19(17,18)11-5-3-10(13)4-6-11/h3-7H,13H2,1-2H3,(H,14,15,16)","ASWVTGNCAZCNNR-UHFFFAOYSA-N","sulfamethazine","SA III; SMZ; azolmetazin; cremomethazine; diazil (the sulfanilamide); dimezathine; dimidin-R; hava-span; intradine; kelametazine; mermeth; metazin; neasina; neazina; pirmazin; solfadimidina; spanbolet; sulfa-isodimerazine; sulfadimerazine; sulfadimesin; sulfadimesine; sulfadimethyldiazine; sulfadimethylpyrimidine; sulfadimezin; sulfadimezine; sulfadimezinum; sulfadimidin; sulfadimidina; sulfadimidine; sulfadimidine (product); sulfadimidinum; sulfadine; sulfametazina; sulfametazyny; sulfamethazine; sulfamethazine (substance); sulfamethazine preparation; sulfamethiazine; sulfamezathine; sulfodimesin; sulfodimezine; sulphadimethylpyrimidine; sulphadimidine; sulphamethasine; sulphamethazine; sulphamezathine; sulphamidine; sulphodimezine; superseptil; superseptyl; vertolan; 磺胺二甲嘧啶","57-68-1","CC1=CC(C)=NC(NS(=O)(=O)C2=CC=C(N)C=C2)=N1","C12H14N4O2S",278.33,3,0.0965737,0.787319,"No Amine",5327,"CC1=CC(=NC(=N1)NS(=O)(=O)C2=CC=C(C=C2)N)C","57-68-1",278.33,"(-1)","-",0.718,-0.72,"No Amine","No Amine","Antibiotic","Antibiotic","Sulphonamide","Sulphonamide",FALSE,TRUE,TRUE,FALSE,TRUE,FALSE,FALSE,FALSE,"No group","Anion"
"Sulfamethizole","270.33","270.024517926","C9H10N4O2S2","true","27","17","0","2","2","2","1","0.11","2","5","0","97.97",0.290307286573621,"25.14","66.84","210.69","47.64","66.86","5.57","5.55","337.47","465.26","4.01","1.95","2.98","-2.82","High","0.21","-2.12","-0.85","-0.07","0.14","-0.04","-0.49","-0.7","-0.73",-0.73,"-0.73","-0.73","-0.73","-0.73","-0.73","-0.73","-0.73","14.23","4-amino-N-(5-methyl-1,3,4-thiadiazol-2-yl)benzene-1-sulfonamide","CC1=NN=C(NS(=O)(=O)C2=CC=C(N)C=C2)S1","InChI=1S/C9H10N4O2S2/c1-6-11-12-9(16-6)13-17(14,15)8-4-2-7(10)3-5-8/h2-5H,10H2,1H3,(H,12,13)","VACCAVUAMIDAGB-UHFFFAOYSA-N","sulfamethizole","Uroz; ayerlucil; ccris 756; famet; fna brand of sulfamethizole; fna, sulfamethizol; lucosil; microsul; proklar; renasul; rufol; salimol; solfametizolo; sulamethizole; sulfa gram; sulfamethazole; sulfamethiazole; sulfamethizol; sulfamethizol fna; sulfamethizole; sulfamethizole (product); sulfamethizole (substance); sulfamethizole [usan:inn:jan]; sulfamethizole preparation; sulfamethizolum; sulfamethylthiadiazole; sulfametizol; sulfametizol [inn-spanish]; sulfapyelon; sulfstat; sulfurine; sulphamethizole; sulphamethyltiadiazole; tetracid; thidicur; thiosulfil; thiosulfil forte; ultrasul; urgo brand of sulfamethizole; urocydal; urodiaton; urolucosil; urosulfin; wyeth brand of sulfamethizole","144-82-1","CC1=NN=C(NS(=O)(=O)C2=CC=C(N)C=C2)S1","C9H10N4O2S2",270.331,3,0.0272584,0.479318,"No Amine",5328,"CC1=NN=C(S1)NS(=O)(=O)C2=CC=C(C=C2)N","144-82-1",270.3,"(-1)","-",1,-1,"No Amine","No Amine","Antibiotic","Antibiotic","Sulphonamide","Sulphonamide",TRUE,TRUE,TRUE,FALSE,TRUE,FALSE,FALSE,FALSE,"No group","Anion"
"Sulfamethoxazole","253.28","253.0521124","C10H11N3O3S","true","28","17","0","2","2","2","1","0.1","2","4","0","98.22",0.290918784432202,"24.15","64.5","204.51","44.68","66.06","4.89","5.44","337.62","456.43","5.86","1.97","3.91","-2.2","High","0.79","-1.44","-0.27","0.5","0.75","0.78","0.74","0.48","0.03",-0.034,"-0.13","-0.15","-0.15","-0.15","-0.15","-0.15","-0.15","13.51","4-amino-N-(5-methyl-1,2-oxazol-3-yl)benzene-1-sulfonamide","CC1=CC(NS(=O)(=O)C2=CC=C(N)C=C2)=NO1","InChI=1S/C10H11N3O3S/c1-7-6-10(12-16-7)13-17(14,15)9-4-2-8(11)3-5-9/h2-6H,11H2,1H3,(H,12,13)","JLKIGFTWXXRPMT-UHFFFAOYSA-N","sulfamethoxazole","SIM; SMX; Trib; apo-sulfamethoxazole; azo gantanol; azo-gantanol; bactrim; bactrimel; ccris 567; gamazole; gantanol; gantanol-DS; metoxal; radonil; septran; simsinomin; sinomin; solfametossazolo; sulfamethalazole; sulfamethoxazol; sulfamethoxazole; sulfamethoxazole (product); sulfamethoxazole - chemical; sulfamethoxazole preparation; sulfamethoxazolum; sulfamethoxizole; sulfamethylisoxazole; sulfametoxazol; sulfisomezole; sulpha-methoxizole; sulphamethalazole; sulphamethoxazol; sulphamethoxazole; sulphamethoxazole - chemical; sulphamethoxazole BP 98; sulphamethylisoxazole; sulphisomezole; urobak","723-46-6, 144930-01-8","CC1=CC(NS(=O)(=O)C2=CC=C(N)C=C2)=NO1","C10H11N3O3S",253.278,3,0.12111,0.894304,"No Amine",5329,"CC1=CC(=NO1)NS(=O)(=O)C2=CC=C(C=C2)N","723-46-6",253.28,"(-1)","-",0.972,-0.97,"No Amine","No Amine","Antibiotic","Antibiotic","Sulphonamide","Sulphonamide",TRUE,TRUE,TRUE,FALSE,TRUE,FALSE,FALSE,FALSE,"No group","Anion"
"Sulfamethoxypyridazine","280.3","280.063011436","C11H12N4O3S","true","31","19","0","3","2","2","1","0.09","2","6","0","107.2",0.287022410238561,"27.13","72.39","228.47","50.8","69.98","4.9","6.18","373.49","498.28","6.84","2.02","4.43","-2.91","High","0.47","-1.38","-0.57","0.16","0.42","0.46","0.46","0.41","0.15",-0.03,"-0.3","-0.45","-0.47","-0.48","-0.48","-0.48","-0.48","14.43","4-amino-N-(6-methoxypyridazin-3-yl)benzene-1-sulfonamide","COC1=NN=C(NS(=O)(=O)C2=CC=C(N)C=C2)C=C1","InChI=1S/C11H12N4O3S/c1-18-11-7-6-10(13-14-11)15-19(16,17)9-4-2-8(12)3-5-9/h2-7H,12H2,1H3,(H,13,15)","VLYWMPOKSSWJAL-UHFFFAOYSA-N","longin","3-sulfa-6-methoxypyridazine; SMOP; altezol; davosin; depovernil; durox; kinex; kynex; lederkyn; lentac; lisulfen; longin; medicel; midicel; midikel; myasul; opinsul; paramid; paramid supra; petrisul; piridolo; quinoseptyl; retamid; retasulfin; slosul; solfametossipiridazina; spofadazine; sulfalex; sulfamethoxipyridazine; sulfamethoxipyridazinum; sulfamethoxypyridazine; sulfamethoxypyridazine (product); sulfamethoxypyridazine (substance); sulfamethoxypyridazinum; sulfametoxipiridazina; sulfametoxipiridazine; sulfapyridazine; sulfdurazin; sulfozona; sulphamethoxypyridazine; sultirene; vinces; 磺胺甲氧嗪","80-35-3","COC1=NN=C(NS(=O)(=O)C2=CC=C(N)C=C2)C=C1","C11H12N4O3S",280.303,4,0.185112,0.973948,"No Amine",5330,"COC1=NN=C(C=C1)NS(=O)(=O)C2=CC=C(C=C2)N","80-35-3",280.31,"(-1)","-",0.782,-0.78,"No Amine","No Amine","Antibiotic","Antibiotic","Sulphonamide","Sulphonamide",TRUE,TRUE,TRUE,FALSE,TRUE,FALSE,FALSE,FALSE,"No group","Anion"
"Sulfamonomethoxine","280.3","280.063011436","C11H12N4O3S","true","31","19","0","3","2","2","1","0.09","2","6","0","107.2",0.286983991004979,"27.12","71.35","228.74","48.01","72.14","4.88","5.82","373.54","476.3","7.15","2.49","4.8","-3.13","High","0.74","-2.79","-1.42","0.0","0.62","0.73","0.74","0.71","0.54",0.36,"0.09","-0.16","-0.2","-0.2","-0.2","-0.2","-0.2","14.8","4-amino-N-(6-methoxypyrimidin-4-yl)benzene-1-sulfonamide","COC1=NC=NC(NS(=O)(=O)C2=CC=C(N)C=C2)=C1","InChI=1S/C11H12N4O3S/c1-18-11-6-10(13-7-14-11)15-19(16,17)9-4-2-8(12)3-5-9/h2-7H,12H2,1H3,(H,13,14,15)","WMPXPUYPYQKQCX-UHFFFAOYSA-N","sulfamonomethoxine","daimeton; sulfamonomethoxin; sulfamonomethoxine; sulfamonomethoxinum; sulfamonometoxina; 磺胺间甲氧嘧啶","1220-83-3, 1416768-32-5","COC1=NC=NC(NS(=O)(=O)C2=CC=C(N)C=C2)=C1","C11H12N4O3S",280.303,4,0.0835635,0.814951,"No Amine",5332,"COC1=NC=NC(=C1)NS(=O)(=O)C2=CC=C(C=C2)N","1220-83-3",280.31,"(-1)","-",0.641,-0.64,"No Amine","No Amine","Antibiotic","Antibiotic","Sulphonamide","Sulphonamide",FALSE,TRUE,TRUE,FALSE,TRUE,FALSE,FALSE,FALSE,"No group","Anion"
"Sulfanitran","335.33","335.057591705","C14H13N3O5S","true","36","23","0","4","2","2","0","0.07","2","5","0","118.41",0.269070829640739,"32.01","84.07","270.79","58.05","84.65","5.8","6.24","440.07","542.65","7.44",NA,NA,"-4.04","Moderate","1.64","1.64","1.64","1.64","1.64","1.64","1.64","1.62","1.52",1.36,"1.12","0.78","0.7","0.7","0.69","0.65","0.36","24.07","N-{4-[(4-nitrophenyl)sulfamoyl]phenyl}acetamide","CC(=O)NC1=CC=C(C=C1)S(=O)(=O)NC1=CC=C(C=C1)[N+]([O-])=O","InChI=1S/C14H13N3O5S/c1-10(18)15-11-4-8-14(9-5-11)23(21,22)16-12-2-6-13(7-3-12)17(19)20/h2-9,16H,1H3,(H,15,18)","GWBPFRGXNGPPMF-UHFFFAOYSA-N","sulfanitran","sulfanitran","122-16-7, 1353867-79-4","CC(=O)NC1=CC=C(C=C1)S(=O)(=O)NC1=CC=C(C=C1)[N+]([O-])=O","C14H13N3O5S",335.335,5,0.137598,0.982293,"No Amine",5334,"CC(=O)NC1=CC=C(C=C1)S(=O)(=O)NC2=CC=C(C=C2)[N+](=O)[O-]","122-16-7",335.34,"0","0",0.52,-0.48,"No Amine","No Amine","Antibiotic","Antibiotic","Sulphonamide","Sulphonamide",FALSE,TRUE,TRUE,FALSE,FALSE,FALSE,FALSE,TRUE,"No group","Neutral"
"Sulfaphenazole","314.36","314.083746881","C15H14N4O2S","true","36","22","0","3","3","3","1","0.0","2","4","0","90.01",0.215587650595195,"33.38","85.21","261.56","46.97","81.96","4.78","7.48","417.51","494.34","6.32","2.44","4.43","-3.77","Moderate","1.81","-2.21","-0.49","1.06","1.7","1.79","1.79","1.66","1.23",1.11,"0.93","0.87","0.86","0.86","0.86","0.86","0.86","12.01","4-amino-N-(1-phenyl-1H-pyrazol-5-yl)benzene-1-sulfonamide","NC1=CC=C(C=C1)S(=O)(=O)NC1=CC=NN1C1=CC=CC=C1","InChI=1S/C15H14N4O2S/c16-12-6-8-14(9-7-12)22(20,21)18-15-10-11-17-19(15)13-4-2-1-3-5-13/h1-11,18H,16H2","QWCJHSGMANYXCW-UHFFFAOYSA-N","sulfaphenazole","S0758_sigma; UC166_sigma; depocid; depotsulfonamide; eftolon; firmazolo; inamil; isarol; isarol v; merian; microtan pirazolo; orisul; orisulf; paidazolo; phenylsulfapyrazole; plisulfan; prestwick_454; raziosulfa; solfafenazolo; sulfabid; sulfafenazol; sulfafenazol [inn-spanish]; sulfafenazolo; sulfaphenazol; sulfaphenazol [inn-french]; sulfaphenazole; sulfaphenazole (jan/inn); sulfaphenazole (substance); sulfaphenazolum; sulfaphenazon; sulfaphenylpipazol; sulfaphenylpyrazol; sulfaphenylpyrazole; sulphaphenazole; sulphenazole; unii-0J8L4V3F81; 磺胺苯吡唑","526-08-9, 1420043-53-3","NC1=CC=C(C=C1)S(=O)(=O)NC1=CC=NN1C1=CC=CC=C1","C15H14N4O2S",314.362,4,0.0779269,0.743301,"No Amine",5335,"C1=CC=C(C=C1)N2C(=CC=N2)NS(=O)(=O)C3=CC=C(C=C3)N","526-08-9",314.4,"(-1)","-",0.923,-0.92,"No Amine","No Amine","Antibiotic","Antibiotic","Sulphonamide","Sulphonamide",FALSE,TRUE,TRUE,FALSE,TRUE,FALSE,FALSE,FALSE,"No group","Anion"
"Sulfapyridine","249.29","249.05719778","C11H11N3O2S","true","28","17","0","2","2","2","1","0.0","2","4","0","85.08",0.255204271402004,"25.43","65.75","206.87","47.04","65.46","4.81","5.3","333.38","434.39","6.24","2.14","4.19","-2.47","High","1.01","-1.43","-0.23","0.63","0.95","1.0","0.99","0.84","0.4",0.288,"0.12","0.07","0.07","0.07","0.07","0.07","0.07","13.07","4-amino-N-(pyridin-2-yl)benzene-1-sulfonamide","NC1=CC=C(C=C1)S(=O)(=O)NC1=CC=CC=N1","InChI=1S/C11H11N3O2S/c12-9-4-6-10(7-5-9)17(15,16)14-11-3-1-2-8-13-11/h1-8H,12H2,(H,13,14)","GECHUMIMRBOMGK-UHFFFAOYSA-N","sulfapyridine","2-sulfanilyl aminopyridine; 2-sulfapyridine; 4-(2-pyridinylsulfonyl)aniline; N(1)-pyridylsulfanilamide; N(sup1)-pyridylsulfanilamide; adiplon; coccoclase; dagenan; eubasin; eubasinum; haptocil; piridazol; plurazol; pyriamid; pyridazol; relbapiridina; ronin; septipulmon; solfapiridina; streptosilpyridine; sulfapiridina; sulfapyridine; sulfapyridine (substance); sulfapyridine preparation; sulfapyridinum; sulfidin; sulfidine; sulphapyridin; sulphapyridine; thioseptal; trianon; 磺胺吡啶","144-83-2","NC1=CC=C(C=C1)S(=O)(=O)NC1=CC=CC=N1","C11H11N3O2S",249.289,3,0.228747,1.01567,"No Amine",5336,"C1=CC=NC(=C1)NS(=O)(=O)C2=CC=C(C=C2)N","144-83-2",249.29,"(-1)","-",0.936,-0.94,"No Amine","No Amine","Antibiotic","Antibiotic","Sulphonamide","Sulphonamide",FALSE,TRUE,TRUE,FALSE,TRUE,FALSE,FALSE,FALSE,"No group","Anion"
"Sulfaquinoxaline","300.34","300.068096816","C14H12N4O2S","true","33","21","0","2","3","3","1","0.0","2","5","0","97.97",0.251753822433509,"32.04","79.3","245.66","50.32","78.71","4.8","6.65","389.15","483.66","6.79","2.13","4.46","-2.92","High","1.55","-0.62","0.38","1.18","1.5","1.55","1.55","1.49","1.21",1.034,"0.77","0.63","0.61","0.61","0.61","0.61","0.61","12.71","4-amino-N-(quinoxalin-2-yl)benzene-1-sulfonamide","NC1=CC=C(C=C1)S(=O)(=O)NC1=CN=C2C=CC=CC2=N1","InChI=1S/C14H12N4O2S/c15-10-5-7-11(8-6-10)21(19,20)18-14-9-16-12-3-1-2-4-13(12)17-14/h1-9H,15H2,(H,17,18)","NHZLNPMOSADWGC-UHFFFAOYSA-N","sulfaquinoxaline","sulfaquinoxaline; 磺胺喹沙啉","59-40-5","NC1=CC=C(C=C1)S(=O)(=O)NC1=CN=C2C=CC=CC2=N1","C14H12N4O2S",300.336,3,0.220031,1.08954,"No Amine",5338,"C1=CC=C2C(=C1)N=CC(=N2)NS(=O)(=O)C3=CC=C(C=C3)N","59-40-5",300.34,"(-1)","-",0.805,-0.8,"No Amine","No Amine","Antibiotic","Antibiotic","Sulphonamide","Sulphonamide",FALSE,TRUE,TRUE,FALSE,TRUE,FALSE,FALSE,FALSE,"No group","Anion"
"Sulfathiazole","255.31","255.01361889","C9H9N3O2S2","true","25","16","0","2","2","2","1","0.0","2","4","0","85.08",0.271491479992342,"24.2","62.27","198.32","41.16","65.23","4.48","5.81","313.38","419.59","5.73","2.04","3.88","-2.67","High","0.98","-1.26","-0.15","0.65","0.93","0.96","0.91","0.6","0.18",0.128,"0.05","0.03","0.03","0.03","0.03","0.03","0.03","14.29","4-amino-N-(1,3-thiazol-2-yl)benzene-1-sulfonamide","NC1=CC=C(C=C1)S(=O)(=O)NC1=NC=CS1","InChI=1S/C9H9N3O2S2/c10-7-1-3-8(4-2-7)16(13,14)12-9-11-5-6-15-9/h1-6H,10H2,(H,11,12)","JNMRHUJNCSQMMB-UHFFFAOYSA-N","thiazamide","2-sulfonamidothiazole; alphadol; azoquimiol; azoseptale; caswell no. 809B; ccris 765; cerazol (suspension); cerazole; cibazol; coco-thiazole; duatok; dulana; eleudron; epa pesticide chemical code 077903; estafilol; formosulfathiazole; monosodium salt sulfathiazole; neo-strepsan; neostrepsan; norsulfasol; norsulfazol; norsulfazole; norsulfazolum; planomide; poliseptil; sanotiazol; septozol; sodium sulfathiazole; solfatiazolo; streptosilthiazole; sulfamul; sulfathiazol; sulfathiazole; sulfathiazole (product); sulfathiazole (substance); sulfathiazole preparation; sulfathiazole, monosodium salt; sulfathiazolum; sulfathiazone; sulfatiazol; sulfocerol; sulphathiazole; sulzol; thiacoccine; thiazamide; thiozamide; usaf SN-9; wintrazole","72-14-0","NC1=CC=C(C=C1)S(=O)(=O)NC1=NC=CS1","C9H9N3O2S2",255.317,3,0.0317305,0.46113,"No Amine",5340,"C1=CC(=CC=C1N)S(=O)(=O)NC2=NC=CS2","72-14-0",255.3,"(-1)","-",0.979,-0.98,"No Amine","No Amine","Antibiotic","Antibiotic","Sulphonamide","Sulphonamide",FALSE,TRUE,TRUE,FALSE,TRUE,FALSE,FALSE,FALSE,"No group","Anion"
"Sulfisoxazole","267.3","267.067762465","C11H13N3O3S","true","31","18","0","2","2","2","1","0.18","2","4","0","98.22",0.26562457744003,"25.9","67.92","221.51","44.22","69.66","4.71","6.81","369.77","475.08","4.81","2.17","3.46","-2.39","High","0.73","-2.67","-0.98","0.28","0.66","0.67","0.39","-0.05","-0.19",-0.198,"-0.21","-0.21","-0.21","-0.21","-0.21","-0.21","-0.21","12.94","4-amino-N-(3,4-dimethyl-1,2-oxazol-5-yl)benzene-1-sulfonamide","CC1=NOC(NS(=O)(=O)C2=CC=C(N)C=C2)=C1C","InChI=1S/C11H13N3O3S/c1-7-8(2)13-17-11(7)14-18(15,16)10-5-3-9(12)4-6-10/h3-6,14H,12H2,1-2H3","NHUHCSRWZMLRLA-UHFFFAOYSA-N","sulfisoxazole","G-sox; J-sul; TL azole; TL-azole; V sul; V-sul; accuzole; alphazole; amidoxal; ammonium salt sulfisoxazole; astrazolo; azo gantrisin; azosulfizin; bactesulf; barazae; ccris 568; chemouag; cosoxazole; diolamine, sulfisoxazole; dorsulfan; dorsulfan warthausen; entusil; entusul; fna brand of sulfisoxazole; ganda; gantrisin; gantrisine; gantrisona; gantrosan; isoxamin; koro-sulf; monolithium salt sulfisoxazole; monosodium salt sulfisoxazole; neazolin; neoxazoi; neoxazol; norilgan-S; novazolo; novosaxazole; pancid; pediatric, gantrisin; renosulfan; resoxol; roche brand of sulfisoxazole; roche brand of sulfisoxazole acetate; roche brand of sulfisoxazole diolamine; roxosul; roxosul tablets; roxoxol; saxosozine; sk-soxazole; sodizole; solfafurazolo; sosol; soxamide; soxazole; soxisol; soxitabs; soxomide; stansin; sulbio; sulfadimethylisoxazole; sulfafurazol; sulfafurazol fna; sulfafurazole; sulfafurazole diolamine; sulfafurazolum; sulfagan; sulfagen; sulfaisoxazole; sulfalar; sulfapolar; sulfasan; sulfasol; sulfasoxazole; sulfasoxizole; sulfazin; sulfisin; sulfisonazole; sulfisoxasole; sulfisoxazol; sulfisoxazole; sulfisoxazole (product); sulfisoxazole (substance); sulfisoxazole dialamine; sulfisoxazole diolamine; sulfisoxazole diolamine (substance); sulfisoxazole diolamine preparation; sulfisoxazole preparation; sulfisoxazole roche brand; sulfisoxazolum; sulfizin; sulfizol; sulfizole; sulfofurazole; suloxsol; sulphadimethylisoxazole; sulphafuraz; sulphafurazol; sulphafurazole; sulphafurazolum; sulphaisoxazole; sulphisoxazol; sulphofurazole; sulsoxin; thiasin; tl-azole; triammonium salt sulfisoxazole; unisulf; urisoxin; uritrisin; urogan; vagilia; vangard brand of sulfisoxazole; zenith brand of sulfisoxazole","127-69-5","CC1=NOC(NS(=O)(=O)C2=CC=C(N)C=C2)=C1C","C11H13N3O3S",267.304,3,0.174497,0.972258,"No Amine",5344,"CC1=C(ON=C1C)NS(=O)(=O)C2=CC=C(C=C2)N","127-69-5",267.31,"(-1)","-",0.998,-1,"No Amine","No Amine","Antibiotic","Antibiotic","Sulphonamide","Sulphonamide",TRUE,TRUE,TRUE,FALSE,TRUE,FALSE,FALSE,FALSE,"No group","Anion"
"Demeclocycline","464.86","464.0986433","C21H21ClN2O8","false","53","32","5","2","4","1","0","0.38","6","9","0","181.62",0.335222134037173,"43.32","114.28","376.24","59.46","101.03","4.97","7.82","541.79","499.21","2.99","6.75","4.79","-2.84","High","-3.33","-4.41","-4.24","-4.02","-3.57","-3.36","-3.33","-3.39","-3.8",-4.232,"-4.88","-6.06","-7.43","-8.72","-9.51","-9.9","-10.7","23.32","(4S,4aS,5aS,6S,12aS)-7-chloro-4-(dimethylamino)-1,6,10,12,12a-pentahydroxy-3,11-dioxo-3,4,4a,5,5a,6,11,12a-octahydrotetracene-2-carboxamide","CN(C)[C@H]1[C@@H]2C[C@@H]3[C@H](O)C4=C(Cl)C=CC(O)=C4C(=O)C3=C(O)[C@]2(O)C(O)=C(C(N)=O)C1=O","InChI=1S/C21H21ClN2O8/c1-24(2)14-7-5-6-10(16(27)12-9(25)4-3-8(22)11(12)15(6)26)18(29)21(7,32)19(30)13(17(14)28)20(23)31/h3-4,6-7,14-15,25-26,29-30,32H,5H2,1-2H3,(H2,23,31)/t6-,7-,14-,15-,21-/m0/s1","WEBSMDPUSYHNPL-SEYHBJAFSA-N","(4S,4aS,5aS,6S,12aS)-7-chloro-4-(dimethylamino)-1,6,10,12,12a-pentahydroxy-3,11-dioxo-4a,5,5a,6-tetrahydro-4H-tetracene-2-carboxamide","N/A","N/A","CN(C)[C@H]1[C@@H]2C[C@@H]3[C@H](O)C4=C(Cl)C=CC(O)=C4C(=O)C3=C(O)[C@]2(O)C(O)=C(C(N)=O)C1=O","C21H21ClN2O8",464.853,2,0.128828,1.07362,"Tertiary Amine",54680690,"CN(C)[C@H]1[C@@H]2C[C@@H]3[C@@H](C4=C(C=CC(=C4C(=C3C(=O)[C@@]2(C(=C(C1=O)C(=O)N)O)O)O)O)Cl)O","127-33-3",464.9,"(-2)","--",0.83,-0.82,"Tertiary Amine","Tertiary Amine","Antibiotic","Antibiotic","Tetracycline","Tetracycline",TRUE,TRUE,TRUE,TRUE,TRUE,FALSE,FALSE,FALSE,"Group 1","Anion"
"Doxycycline","444.44","444.153265741","C22H24N2O8","true","56","32","7","2","4","1","0","0.45","5","9","0","178.46",0.311448516579407,"42.85","111.79","380.46","69.59","93.0","5.35","6.33","573.0","519.07","7.22","5.98","6.48","-2.75","High","-0.69","-4.73","-3.97","-3.63","-3.24","-2.42","-1.48","-0.76","-0.69",-0.998,"-1.46","-3.01","-4.74","-6.26","-7.42","-8.38","-9.42","21.62","(4S,4aR,5S,5aR,6R,12aS)-4-(dimethylamino)-5,10,12,12a-tetrahydroxy-6-methyl-1,3,11-trioxo-1,2,3,4,4a,5,5a,6,11,12a-decahydrotetracene-2-carboxamide","C[C@@H]1[C@H]2[C@H](O)[C@H]3[C@H](N(C)C)C(=O)C(C(N)=O)C(=O)[C@@]3(O)C(O)=C2C(=O)C2=C1C=CC=C2O","InChI=1S/C22H24N2O8/c1-7-8-5-4-6-9(25)11(8)16(26)12-10(7)17(27)14-15(24(2)3)18(28)13(21(23)31)20(30)22(14,32)19(12)29/h4-7,10,13-15,17,25,27,29,32H,1-3H3,(H2,23,31)/t7-,10+,13?,14+,15-,17-,22-/m0/s1","AQDATXBTAPVWIB-AZUNMRRLSA-N","(4S,4aR,5S,5aR,6R,12aS)-4-(dimethylamino)-5,10,12,12a-tetrahydroxy-6-methyl-1,3,11-trioxo-2,4,4a,5,5a,6-hexahydrotetracene-2-carboxamide","N/A","N/A","C[C@@H]1[C@H]2[C@H](O)[C@H]3[C@H](N(C)C)C(=O)C(C(N)=O)C(=O)[C@@]3(O)C(O)=C2C(=O)C2=C1C=CC=C2O","C22H24N2O8",444.435,2,0.107848,1.03433,"Tertiary Amine",54671203,"C[C@@H]1[C@H]2[C@@H]([C@H]3[C@@H](C(=O)C(=C([C@]3(C(=O)C2=C(C4=C1C=CC=C4O)O)O)O)C(=O)N)N(C)C)O","7164-70-7",444.4,"(-2)","--",0.896,-1.31,"Tertiary Amine","Tertiary Amine","Antibiotic","Antibiotic","Tetracycline","Tetracycline",TRUE,TRUE,TRUE,TRUE,TRUE,FALSE,FALSE,FALSE,"Group 1","Anion"
"Meclocycline","476.87","476.0986433","C22H21ClN2O8","false","54","33","5","2","4","1","0","0.32","6","9","0","181.62",0.33389098262708,"44.9","118.4","385.96","61.24","99.88","5.02","7.58","543.95","501.31","2.99","6.55","4.73","-3.37","High","-3.13","-4.23","-4.05","-3.83","-3.37","-3.15","-3.13","-3.22","-3.71",-4.106,"-4.7","-5.8","-7.15","-8.47","-9.3","-9.72","-10.43","23.47","(4S,4aR,5S,5aR,12aS)-7-chloro-4-(dimethylamino)-1,5,10,12,12a-pentahydroxy-6-methylidene-3,11-dioxo-3,4,4a,5,5a,6,11,12a-octahydrotetracene-2-carboxamide","CN(C)[C@H]1[C@@H]2[C@@H](O)[C@@H]3C(=C)C4=C(Cl)C=CC(O)=C4C(=O)C3=C(O)[C@]2(O)C(O)=C(C(N)=O)C1=O","InChI=1S/C22H21ClN2O8/c1-6-9-7(23)4-5-8(26)11(9)16(27)12-10(6)17(28)14-15(25(2)3)18(29)13(21(24)32)20(31)22(14,33)19(12)30/h4-5,10,14-15,17,26,28,30-31,33H,1H2,2-3H3,(H2,24,32)/t10-,14-,15+,17+,22+/m1/s1","MEFKOOXNVFALTA-IWVLMIASSA-N","(4S,4aR,5S,5aR,12aS)-7-chloro-4-(dimethylamino)-1,5,10,12,12a-pentahydroxy-6-methylidene-3,11-dioxo-4,4a,5,5a-tetrahydrotetracene-2-carboxamide","N/A","N/A","CN(C)[C@H]1[C@@H]2[C@@H](O)[C@@H]3C(=C)C4=C(Cl)C=CC(O)=C4C(=O)C3=C(O)[C@]2(O)C(O)=C(C(N)=O)C1=O","C22H21ClN2O8",476.864,2,0.149025,1.01155,"Tertiary Amine",54676539,"CN(C)[C@H]1[C@@H]2[C@H]([C@@H]3C(=C)C4=C(C=CC(=C4C(=C3C(=O)[C@@]2(C(=C(C1=O)C(=O)N)O)O)O)O)Cl)O","2013-58-3",476.9,"(-2)","--",0.9,-0.82,"Tertiary Amine","Tertiary Amine","Antibiotic","Antibiotic","Tetracycline","Tetracycline",TRUE,TRUE,TRUE,TRUE,TRUE,FALSE,FALSE,FALSE,"Group 1","Anion"
"Methacycline","442.424","442.137615676","C22H22N2O8","false","54","32","5","2","4","1","0","0.32","6","9","0","181.62",0.343853537552775,"42.96","113.59","371.99","61.69","97.36","5.26","7.64","528.19","493.89","3.2","6.59","4.81","-2.74","High","-3.71","-4.8","-4.61","-4.46","-4.03","-3.75","-3.71","-3.78","-4.2",-4.544,"-5.06","-6.07","-7.26","-8.64","-9.67","-10.28","-11.04","23.66","(4S,4aR,5S,5aR,12aS)-4-(dimethylamino)-1,5,10,12,12a-pentahydroxy-6-methylidene-3,11-dioxo-3,4,4a,5,5a,6,11,12a-octahydrotetracene-2-carboxamide","CN(C)[C@H]1[C@@H]2[C@@H](O)[C@@H]3C(=C)C4=C(C(O)=CC=C4)C(=O)C3=C(O)[C@]2(O)C(O)=C(C(N)=O)C1=O","InChI=1S/C22H22N2O8/c1-7-8-5-4-6-9(25)11(8)16(26)12-10(7)17(27)14-15(24(2)3)18(28)13(21(23)31)20(30)22(14,32)19(12)29/h4-6,10,14-15,17,25,27,29-30,32H,1H2,2-3H3,(H2,23,31)/t10-,14-,15+,17+,22+/m1/s1","ZZNRJDRMIATXIN-IWVLMIASSA-N","(4S,4aR,5S,5aR,12aS)-4-(dimethylamino)-1,5,10,12,12a-pentahydroxy-6-methylidene-3,11-dioxo-4,4a,5,5a-tetrahydrotetracene-2-carboxamide","N/A","N/A","CN(C)[C@H]1[C@@H]2[C@@H](O)[C@@H]3C(=C)C4=C(C(O)=CC=C4)C(=O)C3=C(O)[C@]2(O)C(O)=C(C(N)=O)C1=O","C22H22N2O8",442.419,2,0.199638,1.33474,"Tertiary Amine",54675785,"CN(C)[C@H]1[C@@H]2[C@H]([C@@H]3C(=C)C4=C(C(=CC=C4)O)C(=C3C(=O)[C@@]2(C(=C(C1=O)C(=O)N)O)O)O)O","914-00-1",442.4,"(-2)","--",0.902,-0.68,"Tertiary Amine","Tertiary Amine","Antibiotic","Antibiotic","Tetracycline","Tetracycline",TRUE,TRUE,TRUE,TRUE,TRUE,FALSE,FALSE,FALSE,"Group 1","Anion"
"Minocycline","457.483","457.184900221","C23H27N3O7","true","60","33","4","3","4","1","0","0.43","5","9","0","164.63",0.271380060662007,"45.46","122.47","400.92","65.91","108.55","5.15","8.03","606.64","570.79","3.23","6.9","6.18","-2.31","High","-2.81","-6.78","-6.59","-6.36","-5.47","-4.31","-3.35","-2.81","-2.98",-3.328,"-3.85","-4.9","-5.91","-6.9","-7.89","-8.87","-9.81","21.94","(4S,4aS,5aR,12aS)-4,7-bis(dimethylamino)-1,10,12,12a-tetrahydroxy-3,11-dioxo-3,4,4a,5,5a,6,11,12a-octahydrotetracene-2-carboxamide","CN(C)[C@H]1[C@@H]2C[C@@H]3CC4=C(C=CC(O)=C4C(=O)C3=C(O)[C@]2(O)C(O)=C(C(N)=O)C1=O)N(C)C","InChI=1S/C23H27N3O7/c1-25(2)12-5-6-13(27)15-10(12)7-9-8-11-17(26(3)4)19(29)16(22(24)32)21(31)23(11,33)20(30)14(9)18(15)28/h5-6,9,11,17,27,30-31,33H,7-8H2,1-4H3,(H2,24,32)/t9-,11-,17-,23-/m0/s1","KXEYSKGUYBJHIZ-KVUCHLLUSA-N","(4S,4aS,5aR,12aS)-4,7-bis(dimethylamino)-1,10,12,12a-tetrahydroxy-3,11-dioxo-4a,5,5a,6-tetrahydro-4H-tetracene-2-carboxamide","N/A","N/A","CN(C)[C@H]1[C@@H]2C[C@@H]3CC4=C(C=CC(O)=C4C(=O)C3=C(O)[C@]2(O)C(O)=C(C(N)=O)C1=O)N(C)C","C23H27N3O7",457.476,3,0.136353,1.04748,"Tertiary Amine",54675783,"CN(C)[C@H]1[C@@H]2C[C@@H]3CC4=C(C=CC(=C4C(=C3C(=O)[C@@]2(C(=C(C1=O)C(=O)N)O)O)O)O)N(C)C","10118-90-8",457.5,"(-2)","--",0.803,-0.6,"Tertiary Amine","Tertiary Amine","Antibiotic","Antibiotic","Tetracycline","Tetracycline",TRUE,TRUE,TRUE,TRUE,TRUE,FALSE,FALSE,FALSE,"Group 1","Anion"
"Oxytetracycline","460.439","460.148180361","C22H24N2O9","false","57","33","7","2","4","1","0","0.45","6","10","0","198.69",0.338581872092429,"43.6","113.3","389.31","69.2","92.58","5.67","6.4","586.83","511.51","7.07","5.97","6.48","-2.07","High","-1.89","-5.92","-5.16","-4.83","-4.43","-3.62","-2.68","-1.96","-1.89",-2.198,"-2.66","-4.22","-6.01","-7.58","-8.69","-9.62","-10.89","23.08","(4S,4aR,5S,5aR,6S,12aS)-4-(dimethylamino)-5,6,10,12,12a-pentahydroxy-6-methyl-1,3,11-trioxo-1,2,3,4,4a,5,5a,6,11,12a-decahydrotetracene-2-carboxamide","CN(C)[C@H]1[C@@H]2[C@@H](O)[C@H]3C(=C(O)[C@]2(O)C(=O)C(C(N)=O)C1=O)C(=O)C1=C(C=CC=C1O)[C@@]3(C)O","InChI=1S/C22H24N2O9/c1-21(32)7-5-4-6-8(25)9(7)15(26)10-12(21)17(28)13-14(24(2)3)16(27)11(20(23)31)19(30)22(13,33)18(10)29/h4-6,11-14,17,25,28-29,32-33H,1-3H3,(H2,23,31)/t11?,12-,13-,14+,17+,21+,22+/m1/s1","LUIPXMIQGDWPOS-NUORWIKGSA-N","(4S,4aR,5S,5aR,6S,12aS)-4-(dimethylamino)-5,6,10,12,12a-pentahydroxy-6-methyl-1,3,11-trioxo-4,4a,5,5a-tetrahydro-2H-tetracene-2-carboxamide","N/A","N/A","CN(C)[C@H]1[C@@H]2[C@@H](O)[C@H]3C(=C(O)[C@]2(O)C(=O)C(C(N)=O)C1=O)C(=O)C1=C(C=CC=C1O)[C@@]3(C)O","C22H24N2O9",460.434,2,0.228258,1.11117,"Tertiary Amine",54675779,"C[C@@]1([C@H]2[C@@H]([C@H]3[C@@H](C(=O)C(=C([C@]3(C(=O)C2=C(C4=C1C=CC=C4O)O)O)O)C(=O)N)N(C)C)O)O","79-57-2",460.4,"(-2)","--",0.905,-0.69,"Tertiary Amine","Tertiary Amine","Antibiotic","Antibiotic","Tetracycline","Tetracycline",TRUE,TRUE,TRUE,TRUE,TRUE,FALSE,FALSE,FALSE,"Group 1","Anion"
"Omadacycline","556.66","556.289699644","C29H40N4O7","false","80","40","5","7","4","1","0","0.59","5","10","0","173.5",0.208827317261052,"57.68","151.83","516.49","85.6","126.58","6.45","8.19","830.83","737.19","5.9","10.66","7.3","-2.57","High","-0.57","-8.98","-8.2","-7.68","-6.73","-5.1","-3.3","-1.73","-0.65",-0.618,"-0.57","-1.35","-2.56","-3.92","-5.21","-6.27","-7.26","24.02","(4S,4aS,5aR,12aS)-4,7-bis(dimethylamino)-9-{[(2,2-dimethylpropyl)amino]methyl}-10,12,12a-trihydroxy-1,3,11-trioxo-1,2,3,4,4a,5,5a,6,11,12a-decahydrotetracene-2-carboxamide","CN(C)[C@H]1[C@@H]2C[C@@H]3CC4=C(C=C(CNCC(C)(C)C)C(O)=C4C(=O)C3=C(O)[C@]2(O)C(=O)C(C(N)=O)C1=O)N(C)C","InChI=1S/C29H40N4O7/c1-28(2,3)12-31-11-14-10-17(32(4)5)15-8-13-9-16-21(33(6)7)24(36)20(27(30)39)26(38)29(16,40)25(37)18(13)23(35)19(15)22(14)34/h10,13,16,20-21,31,34,37,40H,8-9,11-12H2,1-7H3,(H2,30,39)/t13-,16-,20?,21-,29-/m0/s1","KIGNGKZFIAKSPX-MAAUTVBTSA-N","(4S,4aS,5aR,12aS)-4,7-bis(dimethylamino)-9-{[(2,2-dimethylpropyl)amino]methyl}-10,12,12a-trihydroxy-1,3,11-trioxo-2,4,4a,5,5a,6-hexahydrotetracene-2-carboxamide","N/A","N/A","CN(C)[C@H]1[C@@H]2C[C@@H]3CC4=C(C=C(CNCC(C)(C)C)C(O)=C4C(=O)C3=C(O)[C@]2(O)C(=O)C(C(N)=O)C1=O)N(C)C","C29H40N4O7",556.651,7,0.0645035,1.02524,"Secondary Amine",54697325,"CC(C)(C)CNCC1=CC(=C2C[C@H]3C[C@H]4[C@@H](C(=O)C(=C([C@]4(C(=O)C3=C(C2=C1O)O)O)O)C(=O)N)N(C)C)N(C)C","389139-89-3",556.6,"0","0",0.54,0.31,"Secondary Amine","Secondary Amine","Antibiotic","Antibiotic","Tetracycline","Tetracycline",TRUE,TRUE,FALSE,FALSE,FALSE,FALSE,FALSE,TRUE,"No group","Neutral"
"Tetracycline","444.44","444.153265741","C22H24N2O8","true","56","32","6","2","4","1","0","0.45","5","9","0","178.46",0.308274313352911,"42.92","112.09","380.68","64.84","96.45","5.25","6.61","578.9","516.91","6.29","7.97","6.37","-2.47","High","-0.88","-4.84","-4.08","-3.78","-3.52","-2.83","-1.9","-1.07","-0.88",-1.228,"-1.75","-3.39","-5.05","-6.52","-7.6","-8.46","-9.6","21.6","(4S,4aS,5aS,6S,12aS)-4-(dimethylamino)-6,10,12,12a-tetrahydroxy-6-methyl-1,3,11-trioxo-1,2,3,4,4a,5,5a,6,11,12a-decahydrotetracene-2-carboxamide","CN(C)[C@H]1[C@@H]2C[C@H]3C(=C(O)[C@]2(O)C(=O)C(C(N)=O)C1=O)C(=O)C1=C(C=CC=C1O)[C@@]3(C)O","InChI=1S/C22H24N2O8/c1-21(31)8-5-4-6-11(25)12(8)16(26)13-9(21)7-10-15(24(2)3)17(27)14(20(23)30)19(29)22(10,32)18(13)28/h4-6,9-10,14-15,25,28,31-32H,7H2,1-3H3,(H2,23,30)/t9-,10-,14?,15-,21-,22-/m0/s1","YRKNPFVJGRPARO-XWDZYTQJSA-N","(4S,4aS,5aS,6S,12aS)-4-(dimethylamino)-6,10,12,12a-tetrahydroxy-6-methyl-1,3,11-trioxo-4,4a,5,5a-tetrahydro-2H-tetracene-2-carboxamide","N/A","N/A","CN(C)[C@H]1[C@@H]2C[C@H]3C(=C(O)[C@]2(O)C(=O)C(C(N)=O)C1=O)C(=O)C1=C(C=CC=C1O)[C@@]3(C)O","C22H24N2O8",444.435,2,0.19132,1.15587,"Tertiary Amine",54675776,"C[C@@]1([C@H]2C[C@H]3[C@@H](C(=O)C(=C([C@]3(C(=O)C2=C(C4=C1C=CC=C4O)O)O)O)C(=O)N)N(C)C)O","60-54-8",444.4,"(-2)","--",0.833,-0.66,"Tertiary Amine","Tertiary Amine","Antibiotic","Antibiotic","Tetracycline","Tetracycline",TRUE,TRUE,TRUE,TRUE,TRUE,FALSE,FALSE,FALSE,"Group 1","Anion"
"Tigecycline","585.658","585.279863236","C29H39N5O8","false","81","42","5","7","4","1","0","0.55","6","11","0","202.6",0.239465752615094,"58.94","157.24","528.67","82.67","134.36","6.44","9.57","846.05","779.67","5.9","8.69","7.27","-2.6","High","-1.59","-9.29","-9.25","-8.95","-7.99","-6.35","-4.5","-2.79","-1.63",-1.614,"-1.59","-2.64","-4.12","-5.5","-6.64","-7.62","-8.71","30.41","(4S,4aS,5aR,12aS)-9-[2-(tert-butylamino)acetamido]-4,7-bis(dimethylamino)-10,12,12a-trihydroxy-1,3,11-trioxo-1,2,3,4,4a,5,5a,6,11,12a-decahydrotetracene-2-carboxamide","CN(C)[C@H]1[C@@H]2C[C@@H]3CC4=C(C=C(NC(=O)CNC(C)(C)C)C(O)=C4C(=O)C3=C(O)[C@]2(O)C(=O)C(C(N)=O)C1=O)N(C)C","InChI=1S/C29H39N5O8/c1-28(2,3)31-11-17(35)32-15-10-16(33(4)5)13-8-12-9-14-21(34(6)7)24(38)20(27(30)41)26(40)29(14,42)25(39)18(12)23(37)19(13)22(15)36/h10,12,14,20-21,31,36,39,42H,8-9,11H2,1-7H3,(H2,30,41)(H,32,35)/t12-,14-,20?,21-,29-/m0/s1","LQQYICBWGHYRRN-QCERJBSOSA-N","(4S,4aS,5aR,12aS)-9-[2-(tert-butylamino)acetamido]-4,7-bis(dimethylamino)-10,12,12a-trihydroxy-1,3,11-trioxo-2,4,4a,5,5a,6-hexahydrotetracene-2-carboxamide","N/A","N/A","CN(C)[C@H]1[C@@H]2C[C@@H]3CC4=C(C=C(NC(=O)CNC(C)(C)C)C(O)=C4C(=O)C3=C(O)[C@]2(O)C(=O)C(C(N)=O)C1=O)N(C)C","C29H39N5O8",585.649,7,0.0639145,1.12793,"Secondary Amine",54686904,"CC(C)(C)NCC(=O)NC1=CC(=C2C[C@H]3C[C@H]4[C@@H](C(=O)C(=C([C@]4(C(=O)C3=C(C2=C1O)O)O)O)C(=O)N)N(C)C)N(C)C","220620-09-7",585.6,"(-1)","-",0.783,0.26,"Secondary Amine","Secondary Amine","Antibiotic","Antibiotic","Tetracycline","Tetracycline",TRUE,TRUE,FALSE,FALSE,TRUE,FALSE,FALSE,FALSE,"No group","Anion"
"Chlortetracycline","478.88","478.1142934","C22H23ClN2O8","true","56","33","6","2","4","1","0","0.45","5","9","0","178.46",0.300584460426808,"44.86","116.89","394.8","65.36","100.41","5.34","6.53","593.71","528.78","7.01","6.24","6.27","-3.1","High","-0.39","-4.23","-3.48","-3.17","-2.92","-2.23","-1.3","-0.49","-0.39",-0.79,"-1.39","-3.12","-4.95","-6.35","-7.22","-7.91","-9.07","21.42","(4S,4aS,5aS,6S,12aS)-7-chloro-4-(dimethylamino)-6,10,12,12a-tetrahydroxy-6-methyl-1,3,11-trioxo-1,2,3,4,4a,5,5a,6,11,12a-decahydrotetracene-2-carboxamide","CN(C)[C@H]1[C@@H]2C[C@H]3C(=C(O)[C@]2(O)C(=O)C(C(N)=O)C1=O)C(=O)C1=C(O)C=CC(Cl)=C1[C@@]3(C)O","InChI=1S/C22H23ClN2O8/c1-21(32)7-6-8-15(25(2)3)17(28)13(20(24)31)19(30)22(8,33)18(29)11(7)16(27)12-10(26)5-4-9(23)14(12)21/h4-5,7-8,13,15,26,29,32-33H,6H2,1-3H3,(H2,24,31)/t7-,8-,13?,15-,21+,22-/m0/s1","MEZIVKABOVFXMK-CMNNWKKISA-N","(4S,4aS,5aS,6S,12aS)-7-chloro-4-(dimethylamino)-6,10,12,12a-tetrahydroxy-6-methyl-1,3,11-trioxo-4,4a,5,5a-tetrahydro-2H-tetracene-2-carboxamide","N/A","N/A","CN(C)[C@H]1[C@@H]2C[C@H]3C(=C(O)[C@]2(O)C(=O)C(C(N)=O)C1=O)C(=O)C1=C(O)C=CC(Cl)=C1[C@@]3(C)O","C22H23ClN2O8",478.88,2,0.153817,1.17265,"Tertiary Amine",54675777,"C[C@@]1([C@H]2C[C@H]3[C@@H](C(=O)C(=C([C@]3(C(=O)C2=C(C4=C(C=CC(=C41)Cl)O)O)O)O)C(=O)N)N(C)C)O","57-62-5",478.9,"(-2)","--",0.829,-0.8,"Tertiary Amine","Tertiary Amine","Antibiotic","Antibiotic","Tetracycline","Tetracycline",TRUE,TRUE,TRUE,TRUE,TRUE,FALSE,FALSE,FALSE,"Group 1","Anion"
"Ofloxacin","361.373","361.143784299","C18H20FN3O4","true","46","26","1","2","4","2","3","0.44","1","7","0","73.32",0.150387660499651,"34.82","94.94","309.8","44.64","101.07","5.06","8.21","487.54","520.93","5.77","8.31","7.19","-2.25","High","-0.8","-1.94","-1.94","-1.94","-1.93","-1.85","-1.46","-0.95","-0.8",-0.848,"-0.92","-1.42","-1.86","-1.96","-1.97","-1.97","-1.97","14.68","7-fluoro-2-methyl-6-(4-methylpiperazin-1-yl)-10-oxo-4-oxa-1-azatricyclo[7.3.1.0⁵,¹³]trideca-5(13),6,8,11-tetraene-11-carboxylic acid","CC1COC2=C3N1C=C(C(O)=O)C(=O)C3=CC(F)=C2N1CCN(C)CC1","InChI=1/C18H20FN3O4/c1-10-9-26-17-14-11(16(23)12(18(24)25)8-22(10)14)7-13(19)15(17)21-5-3-20(2)4-6-21/h7-8,10H,3-6,9H2,1-2H3,(H,24,25)","GSDSWSVVBLHKDQ-UHFFFAOYNA-N","ofloxacin","(S)-isomer ofloxacin; (s)-isomer ofloxacin; (s)-ofloxacin; O-flox; OFLX; Ofus; akilen; baccidal; bactocin; danoflox; effexin; exocin; exocine; flobacin; flodemex; flotavid; flovid; floxal; floxil; floxin otic; floxstat; fugacin; inoflox; kinflocin; kinoxacin; levofloxacin (product); levofloxacin (substance); levofloxacin preparation; liflox; loxinter; marfloxacin; medofloxine; mergexin; novecin; nufafloqo; obide; occidal; ofcin; oflin; oflocee; oflocet; oflocin; oflodal; oflodex; oflodura; oflox; ofloxacin; ofloxacin (product); ofloxacin (substance); ofloxacin otic; ofloxacin preparation; ofloxacin, (S)-; ofloxacin, (S)-isomer; ofloxacin, (s)-; ofloxacin, (s)-isomer; ofloxacina; ofloxacine; ofloxacino; ofloxacinum; ofloxin; onexacin; operan; orocin; otonil; oxaldin; pharflox; praxin; puiritol; qinolon; qipro; quinolon; quotavil; rilox; sinflo; tabrin; taravid; tariflox; tarivid; telbit; tructum; uro tarivid; viotisone; visiren; zanocin","82419-36-1, 83380-47-6","CC1COC2=C3N1C=C(C(O)=O)C(=O)C3=CC(F)=C2N1CCN(C)CC1","C18H20FN3O4",361.367,2,0.0535263,0.671372,"Tertiary Amine",4583,"CC1COC2=C3N1C=C(C(=O)C3=CC(=C2N4CCN(CC4)C)F)C(=O)O","82419-36-1",361.4,"(+/-)","+-",0.8698,-0.07,"Tertiary Amine","Tertiary Amine","Antibiotic","Antibiotic","Fluoroquinolone","Fluoroquinolone",TRUE,TRUE,TRUE,TRUE,TRUE,TRUE,TRUE,FALSE,"Group 1","Zwitterion"
"Tigemonam","437.4","437.031119431","C12H15N5O9S2","false","43","28","1","8","2","1","2","0.42","4","11","0","210.81",0.401757127610916,"35.49","89.77","327.67","54.71","103.87","5.87","8.21","524.72","613.47","-2.33","3.87","2.22","-3.09","High","-4.1","-7.1","-5.31","-4.1","-3.84","-4.16","-4.96","-5.89","-6.59",-6.678,"-6.81","-6.85","-6.91","-7.32","-8.39","-9.47","-10.37","26.1","2-{[(Z)-[(2-amino-1,3-thiazol-4-yl)({[(3S)-2,2-dimethyl-4-oxo-1-(sulfooxy)azetidin-3-yl]carbamoyl})methylidene]amino]oxy}acetic acid","CC1(C)[C@H](NC(=O)C(=N/OCC(O)=O)\C2=CSC(N)=N2)C(=O)N1OS(O)(=O)=O","InChI=1S/C12H15N5O9S2/c1-12(2)8(10(21)17(12)26-28(22,23)24)15-9(20)7(16-25-3-6(18)19)5-4-27-11(13)14-5/h4,8H,3H2,1-2H3,(H2,13,14)(H,15,20)(H,18,19)(H,22,23,24)/b16-7-/t8-/m1/s1","VAMSVIZLXJOLHZ-QWFSEIHXSA-N","tigemonam","tigemonam","102507-71-1","CC1(C)[C@H](NC(=O)C(=N/OCC(O)=O)\C2=CSC(N)=N2)C(=O)N1OS(O)(=O)=O","C12H15N5O9S2",437.406,8,0.107724,0.905717,"No Amine",9576769,"CC1([C@@H](C(=O)N1OS(=O)(=O)O)NC(=O)/C(=N\OCC(=O)O)/C2=CSC(=N2)N)C","102507-71-1",437.4,"(-2)","--",0.9993,-2,"No Amine","No Amine","Antibiotic","Antibiotic","Monobactam","Monobactam",TRUE,TRUE,FALSE,FALSE,TRUE,FALSE,FALSE,FALSE,"No group","Anion"
"Lenapenem","399.51","399.18279222","C18H29N3O5S","true","56","27","7","8","3","0","3","0.78","5","7","0","122.13",0.213659663056979,"40.62","103.66","360.1","51.11","116.74","5.5","9.78","571.61","599.37","3.75","10.11","9.67","-1.74","High","-4.83","-10.95","-10.05","-9.16","-8.48","-7.97","-7.79","-7.55","-6.85",-6.474,"-5.91","-5.07","-4.83","-5.28","-5.56","-5.63","-5.76","27.77","(4R,5S,6S)-3-{[(3S,5S)-5-[(1R)-1-hydroxy-3-(methylamino)propyl]pyrrolidin-3-yl]sulfanyl}-6-[(1R)-1-hydroxyethyl]-4-methyl-7-oxo-1-azabicyclo[3.2.0]hept-2-ene-2-carboxylic acid","CNCC[C@@H](O)[C@@H]1C[C@@H](CN1)SC1=C(N2[C@@H]([C@@H]([C@@H](C)O)C2=O)[C@H]1C)C(O)=O","InChI=1S/C18H29N3O5S/c1-8-14-13(9(2)22)17(24)21(14)15(18(25)26)16(8)27-10-6-11(20-7-10)12(23)4-5-19-3/h8-14,19-20,22-23H,4-7H2,1-3H3,(H,25,26)/t8-,9-,10+,11+,12-,13-,14-/m1/s1","PZLOCBSBEUDCPF-YJIVIRPOSA-N","lenapenem","lenapenem; 来那培南","149951-16-6, 149882-71-3","CNCC[C@@H](O)[C@@H]1C[C@@H](CN1)SC1=C(N2[C@@H]([C@@H]([C@@H](C)O)C2=O)[C@H]1C)C(O)=O","C18H29N3O5S",399.505,8,0.0640449,0.965467,"Secondary Amine",216262,"C[C@@H]1[C@@H]2[C@H](C(=O)N2C(=C1S[C@H]3C[C@H](NC3)[C@@H](CCNC)O)C(=O)O)[C@@H](C)O","149951-16-6",399.5,"(+1)","+",0.9884,0.99,"Secondary Amine","Secondary Amine","Antibiotic","Antibiotic","Penem","Penem",TRUE,TRUE,FALSE,FALSE,FALSE,TRUE,FALSE,FALSE,"Group 2","cation"
"Sulopenem","349.43","349.011236109","C12H15NO5S3","true","36","21","5","4","3","0","3","0.67","2","5","0","94.91",0.233607364379246,"32.7","93.54","271.59","45.05","86.86","5.01","7.36","406.28","478.25","3.87","1.87","2.85","-3.04","High","-1.32","-3.2","-2.27","-1.59","-1.43","-1.72","-2.51","-3.46","-4.33",-4.502,"-4.76","-4.85","-4.97","-5.46","-6.35","-7.3","-8.02","18.56","(5R,6S)-6-[(1R)-1-hydroxyethyl]-7-oxo-3-{[(1R,3S)-1-oxo-1λ⁴-thiolan-3-yl]sulfanyl}-4-thia-1-azabicyclo[3.2.0]hept-2-ene-2-carboxylic acid","C[C@@H](O)[C@@H]1[C@H]2SC(S[C@H]3CC[S@@](=O)C3)=C(N2C1=O)C(O)=O","InChI=1S/C12H15NO5S3/c1-5(14)7-9(15)13-8(11(16)17)12(20-10(7)13)19-6-2-3-21(18)4-6/h5-7,10,14H,2-4H2,1H3,(H,16,17)/t5-,6+,7+,10-,21-/m1/s1","FLSUCZWOEMTFAQ-PRBGKLEPSA-N","sulopenem","sulopenem; 硫培南","120788-07-0","C[C@@H](O)[C@@H]1[C@H]2SC(S[C@H]3CC[S@@](=O)C3)=C(N2C1=O)C(O)=O","C12H15NO5S3",349.446,4,0.0780555,0.785099,"No Amine",9950244,"C[C@H]([C@@H]1[C@@H]2N(C1=O)C(=C(S2)S[C@H]3CC[S@@](=O)C3)C(=O)O)O","120788-07-0",349.5,"(-1)","-",0.9989,-1,"No Amine","No Amine","Antibiotic","Antibiotic","Penem","Penem",TRUE,TRUE,TRUE,FALSE,TRUE,FALSE,FALSE,FALSE,"No group","Anion"
"Biapenem","351.4","351.112152702","C15H19N4O4S","true","43","24","5","4","4","1","4","0.6","2","5","1","99.54",0.220900557022703,"33.46","109.99","290.55","48.33","96.81","5.0","8.03","450.61","495.27","3.71","2.29","9.26",NA,"N/A","-6.05","-8.44","-7.56","-6.69","-6.05","-5.6","-5.46","-5.45","-5.44",-5.44,"-5.44","-5.44","-5.44","-5.44","-5.44","-5.45","-5.49","16.87","6-{[(4R,5S,6S)-2-carboxy-6-[(1R)-1-hydroxyethyl]-4-methyl-7-oxo-1-azabicyclo[3.2.0]hept-2-en-3-yl]sulfanyl}-5H,6H,7H-4λ⁵-pyrazolo[1,2-a][1,2,4]triazol-4-ylium","C[C@@H](O)[C@@H]1[C@H]2[C@@H](C)C(SC3CN4C=NC=[N+]4C3)=C(N2C1=O)C(O)=O","InChI=1S/C15H18N4O4S/c1-7-11-10(8(2)20)14(21)19(11)12(15(22)23)13(7)24-9-3-17-5-16-6-18(17)4-9/h5-11,20H,3-4H2,1-2H3/p+1/t7-,8-,10-,11-/m1/s1","MRMBZHPJVKCOMA-YJFSRANCSA-O","6-{[(4R,5S,6S)-2-carboxy-6-[(1R)-1-hydroxyethyl]-4-methyl-7-oxo-1-azabicyclo[3.2.0]hept-2-en-3-yl]sulfanyl}-5H,6H,7H-4λ⁵-pyrazolo[1,2-a][1,2,4]triazol-4-ylium","N/A","N/A","C[C@@H](O)[C@@H]1[C@H]2[C@@H](C)C(SC3CN4C=NC=[N+]4C3)=C(N2C1=O)C(O)=O","C15H19N4O4S+",351.401,4,0.069738,0.801282,"No Amine",71339,"C[C@@H]1[C@@H]2[C@H](C(=O)N2C(=C1SC3CN4C=NC=[N+]4C3)C(=O)[O-])[C@@H](C)O","120410-24-4",350.4,"(+/-)","+-",0.9998,1e-04,"Pyrazolo-triazolium","Other","Antibiotic","Antibiotic","Penem","Penem",TRUE,TRUE,TRUE,TRUE,TRUE,TRUE,TRUE,FALSE,"Group 1","Zwitterion"
"Tebipenem","383.48","383.097348516","C16H21N3O4S2","true","46","25","4","4","4","0","4","0.69","2","6","0","93.44",0.192046038433871,"37.52","98.7","316.98","49.77","101.74","5.27","8.6","486.55","569.47","3.66","6.27","5.0","-4.01","Moderate","-2.11","-5.26","-4.36","-3.46","-2.72","-2.22","-2.11","-2.25","-2.85",-3.146,"-3.59","-3.92","-3.97","-3.98","-3.98","-3.98","-4.02","23.14","(4R,5S,6S)-3-{[1-(4,5-dihydro-1,3-thiazol-2-yl)azetidin-3-yl]sulfanyl}-6-[(1R)-1-hydroxyethyl]-4-methyl-7-oxo-1-azabicyclo[3.2.0]hept-2-ene-2-carboxylic acid","C[C@@H](O)[C@@H]1[C@H]2[C@@H](C)C(SC3CN(C3)C3=NCCS3)=C(N2C1=O)C(O)=O","InChI=1S/C16H21N3O4S2/c1-7-11-10(8(2)20)14(21)19(11)12(15(22)23)13(7)25-9-5-18(6-9)16-17-3-4-24-16/h7-11,20H,3-6H2,1-2H3,(H,22,23)/t7-,8-,10-,11-/m1/s1","GXXLUDOKHXEFBQ-YJFSRANCSA-N","tebipenem","N/A","161715-21-5","C[C@@H](O)[C@@H]1[C@H]2[C@@H](C)C(SC3CN(C3)C3=NCCS3)=C(N2C1=O)C(O)=O","C16H21N3O4S2",383.486,5,0.110275,1.09091,"No Amine",9800194,"C[C@@H]1[C@@H]2[C@H](C(=O)N2C(=C1SC3CN(C3)C4=NCCS4)C(=O)O)[C@@H](C)O","161715-21-5",383.5,"(-1)","-",0.9313,-0.93,"No Amine","No Amine","Antibiotic","Antibiotic","Penem","Penem",TRUE,TRUE,TRUE,FALSE,TRUE,FALSE,FALSE,FALSE,"No group","Anion"
"Rolitetracycline","527.574","527.226765035","C27H33N3O8","false","71","38","6","4","5","1","1","0.56","5","10","0","167.71",0.229246688628566,"52.87","137.36","467.71","79.5","107.9","6.11","6.56","731.57","642.93","5.82","6.71","6.67","-2.5","High","-0.25","-7.94","-7.07","-6.53","-5.91","-4.43","-2.56","-0.95","-0.25",-0.446,"-0.74","-2.15","-4.01","-5.69","-6.82","-7.67","-8.59","25.8","(4S,4aS,5aS,6S,12aS)-4-(dimethylamino)-6,10,12,12a-tetrahydroxy-6-methyl-1,3,11-trioxo-N-[(pyrrolidin-1-yl)methyl]-1,2,3,4,4a,5,5a,6,11,12a-decahydrotetracene-2-carboxamide","CN(C)[C@H]1[C@@H]2C[C@H]3C(=C(O)[C@]2(O)C(=O)C(C(=O)NCN2CCCC2)C1=O)C(=O)C1=C(C=CC=C1O)[C@@]3(C)O","InChI=1S/C27H33N3O8/c1-26(37)13-7-6-8-16(31)17(13)21(32)18-14(26)11-15-20(29(2)3)22(33)19(24(35)27(15,38)23(18)34)25(36)28-12-30-9-4-5-10-30/h6-8,14-15,19-20,31,34,37-38H,4-5,9-12H2,1-3H3,(H,28,36)/t14-,15-,19?,20-,26-,27-/m0/s1","RWXHJRHHDPWNPT-APLGCUCMSA-N","(4S,4aS,5aS,6S,12aS)-4-(dimethylamino)-6,10,12,12a-tetrahydroxy-6-methyl-1,3,11-trioxo-N-(pyrrolidin-1-ylmethyl)-4,4a,5,5a-tetrahydro-2H-tetracene-2-carboxamide","N/A","N/A","CN(C)[C@H]1[C@@H]2C[C@H]3C(=C(O)[C@]2(O)C(=O)C(C(=O)NCN2CCCC2)C1=O)C(=O)C1=C(C=CC=C1O)[C@@]3(C)O","C27H33N3O8",527.566,4,0.0912214,1.19453,"Tertiary Amine",54682938,"C[C@@]1([C@H]2C[C@H]3[C@@H](C(=O)C(=C([C@]3(C(=O)C2=C(C4=C1C=CC=C4O)O)O)O)C(=O)NCN5CCCC5)N(C)C)O","751-97-3",527.6,"(-1)","-",73.48,-0.52,"Tertiary Amine","Tertiary Amine","Antibiotic","Antibiotic","Tetracycline","Tetracycline",TRUE,TRUE,TRUE,TRUE,TRUE,FALSE,FALSE,FALSE,"Group 1","Anion"
"Eravacycline","558.563","558.212592137","C27H31FN4O8","false","71","40","4","5","5","1","1","0.48","6","10","0","193.73",0.266808979479411,"53.46","144.09","477.51","65.13","133.32","5.54","10.47","726.1","668.53","-0.29","7.52","6.6","-2.53","High","-3.73","-7.68","-7.5","-7.26","-6.54","-5.56","-4.58","-3.73","-3.62",-4.02,"-4.62","-5.79","-6.99","-8.24","-9.13","-9.63","-10.52","32.28","(4S,4aS,5aR,12aS)-4-(dimethylamino)-7-fluoro-1,10,12,12a-tetrahydroxy-3,11-dioxo-9-[2-(pyrrolidin-1-yl)acetamido]-3,4,4a,5,5a,6,11,12a-octahydrotetracene-2-carboxamide","CN(C)[C@H]1[C@@H]2C[C@@H]3CC4=C(F)C=C(NC(=O)CN5CCCC5)C(O)=C4C(=O)C3=C(O)[C@]2(O)C(O)=C(C(N)=O)C1=O","InChI=1S/C27H31FN4O8/c1-31(2)20-13-8-11-7-12-14(28)9-15(30-16(33)10-32-5-3-4-6-32)21(34)18(12)22(35)17(11)24(37)27(13,40)25(38)19(23(20)36)26(29)39/h9,11,13,20,34,37-38,40H,3-8,10H2,1-2H3,(H2,29,39)(H,30,33)/t11-,13-,20-,27-/m0/s1","NDRFSXNBDFIZPT-ISIOAQNYSA-N","(4S,4aS,5aR,12aS)-4-(dimethylamino)-7-fluoro-1,10,12,12a-tetrahydroxy-3,11-dioxo-9-[2-(pyrrolidin-1-yl)acetamido]-4a,5,5a,6-tetrahydro-4H-tetracene-2-carboxamide","N/A","N/A","CN(C)[C@H]1[C@@H]2C[C@@H]3CC4=C(F)C=C(NC(=O)CN5CCCC5)C(O)=C4C(=O)C3=C(O)[C@]2(O)C(O)=C(C(N)=O)C1=O","C27H31FN4O8",558.555,5,0.0914952,1.29987,"Tertiary Amine",54726192,"CN(C)[C@H]1[C@@H]2C[C@@H]3CC4=C(C=C(C(=C4C(=C3C(=O)[C@@]2(C(=C(C1=O)C(=O)N)O)O)O)O)NC(=O)CN5CCCC5)F","1207283-85-9",558.6,"(-1)","-",0.426,-0.74,"Tertiary Amine","Tertiary Amine","Antibiotic","Antibiotic","Tetracycline","Tetracycline",TRUE,TRUE,TRUE,TRUE,TRUE,FALSE,FALSE,FALSE,"Group 1","Anion"
"Tetroxoprim","334.376","334.164105204","C16H22N4O4","true","46","24","0","8","2","2","1","0.37","2","8","0","114.74",0.225386972577984,"34.15","92.55","304.22","52.57","94.3","4.97","8.25","509.08","635.25",NA,"7.16",NA,"-2.79","High","1.24","-0.58","-0.29","-0.24","-0.24","-0.23","-0.16","0.22","0.87",0.994,"1.18","1.23","1.24","1.24","1.24","1.24","1.24","10.4","5-{[3,5-dimethoxy-4-(2-methoxyethoxy)phenyl]methyl}pyrimidine-2,4-diamine","COCCOC1=C(OC)C=C(CC2=CN=C(N)N=C2N)C=C1OC","InChI=1S/C16H22N4O4/c1-21-4-5-24-14-12(22-2)7-10(8-13(14)23-3)6-11-9-19-16(18)20-15(11)17/h7-9H,4-6H2,1-3H3,(H4,17,18,19,20)","WSWJIZXMAUYHOE-UHFFFAOYSA-N","tetroxoprim","tetroxoprim","53808-87-0","COCCOC1=C(OC)C=C(CC2=CN=C(N)N=C2N)C=C1OC","C16H22N4O4",334.37,8,0.144304,1.19819,"No Amine",65450,"COCCOC1=C(C=C(C=C1OC)CC2=CN=C(N=C2N)N)OC","53808-87-0",334.37,"0","0",0.6367,0.85,"No Amine","No Amine","Antibiotic","Antibiotic","Diaminopyrimidine","Diaminopyrimidine",FALSE,TRUE,FALSE,FALSE,FALSE,FALSE,FALSE,TRUE,"No group","Neutral"
"Aditoprim","303.366","303.169524936","C15H21N5O2","true","43","22","0","5","2","2","1","0.33","2","7","0","99.52",0.212010822095822,"32.04","89.47","282.12","50.9","88.55","4.92","7.13","469.41","542.57",NA,"7.16",NA,"-2.63","High","1.55","-3.61","-2.05","-0.83","-0.14","0.06","0.15","0.53","1.18",1.304,"1.49","1.54","1.55","1.55","1.55","1.55","1.55","8.96","5-{[4-(dimethylamino)-3,5-dimethoxyphenyl]methyl}pyrimidine-2,4-diamine","COC1=CC(CC2=CN=C(N)N=C2N)=CC(OC)=C1N(C)C","InChI=1S/C15H21N5O2/c1-20(2)13-11(21-3)6-9(7-12(13)22-4)5-10-8-18-15(17)19-14(10)16/h6-8H,5H2,1-4H3,(H4,16,17,18,19)","QBQMXWZTRRWPGK-UHFFFAOYSA-N","aditoprim","aditoprim","56066-63-8","COC1=CC(CC2=CN=C(N)N=C2N)=CC(OC)=C1N(C)C","C15H21N5O2",303.36,5,0.160841,1.06203,"No Amine",68755,"CN(C)C1=C(C=C(C=C1OC)CC2=CN=C(N=C2N)N)OC","56066-63-8",303.36,"0","0",0.635,0.85,"No Amine","No Amine","Antibiotic","Antibiotic","Diaminopyrimidine","Diaminopyrimidine",FALSE,TRUE,TRUE,FALSE,FALSE,FALSE,FALSE,TRUE,"No group","Neutral"
"Florfenicol","358.21","357.0004627","C12H14Cl2FNO4S","true","35","21","2","6","1","1","0","0.42","2","4","0","83.47",0.190592533394223,"31.01","78.19","275.31","47.38","81.21","4.89","6.82","437.95","512.44","10.68","0.9","5.79","-2.96","High","0.67","-0.28","0.42","0.64","0.67","0.67","0.67","0.67","0.67",0.67,"0.67","0.66","0.6","0.27","-0.15","-0.35","-0.82","12.87","2,2-dichloro-N-[(1R,2S)-3-fluoro-1-hydroxy-1-(4-methanesulfonylphenyl)propan-2-yl]acetamide","CS(=O)(=O)C1=CC=C(C=C1)[C@@H](O)[C@@H](CF)NC(=O)C(Cl)Cl","InChI=1S/C12H14Cl2FNO4S/c1-21(19,20)8-4-2-7(3-5-8)10(17)9(6-15)16-12(18)11(13)14/h2-5,9-11,17H,6H2,1H3,(H,16,18)/t9-,10-/m1/s1","AYIRNRDRBQJXIF-NXEZZACHSA-N","florfenicol","florfenicol; 氟苯尼考","73231-34-2, 76639-94-6","CS(=O)(=O)C1=CC=C(C=C1)[C@@H](O)[C@@H](CF)NC(=O)C(Cl)Cl","C12H14Cl2FNO4S",358.213,6,0.0976636,0.841797,"No Amine",114811,"CS(=O)(=O)C1=CC=C(C=C1)[C@H]([C@@H](CF)NC(=O)C(Cl)Cl)O","73231-34-2",358.2,"0","0",0.9995,-5e-04,"No Amine","No Amine","Antibiotic","Antibiotic","Amphenicol","Amphenicol",FALSE,TRUE,FALSE,FALSE,FALSE,FALSE,FALSE,TRUE,"No group","Neutral"
"Thiamphenicol","356.21","355.0047992","C12H15Cl2NO5S","true","36","21","2","6","1","1","0","0.42","3","5","0","103.7",0.235088753372175,"31.87","79.88","278.9","50.18","81.79","5.02","7.18","441.11","517.29","10.95","0.9","5.92","-2.27","High","-0.22","-1.17","-0.47","-0.25","-0.22","-0.22","-0.22","-0.22","-0.22",-0.22,"-0.22","-0.23","-0.26","-0.5","-0.96","-1.23","-1.74","14.41","2,2-dichloro-N-[(1R,2R)-1,3-dihydroxy-1-(4-methanesulfonylphenyl)propan-2-yl]acetamide","CS(=O)(=O)C1=CC=C(C=C1)[C@@H](O)[C@@H](CO)NC(=O)C(Cl)Cl","InChI=1S/C12H15Cl2NO5S/c1-21(19,20)8-4-2-7(3-5-8)10(17)9(6-16)15-12(18)11(13)14/h2-5,9-11,16-17H,6H2,1H3,(H,15,18)/t9-,10-/m1/s1","OTVAEFIXJLOWRX-NXEZZACHSA-N","thiamphenicol","(+)-thiamphenicol; armai (TN); thiamphenicol; thiocymetin (TN); 甲砜霉素","15318-45-3","CS(=O)(=O)C1=CC=C(C=C1)[C@@H](O)[C@@H](CO)NC(=O)C(Cl)Cl","C12H15Cl2NO5S",356.222,6,0.194236,1.03147,"No Amine",27200,"CS(=O)(=O)C1=CC=C(C=C1)[C@H]([C@@H](CO)NC(=O)C(Cl)Cl)O","15318-45-3",356.2,"0","0",0.9997,-3e-04,"No Amine","No Amine","Antibiotic","Antibiotic","Amphenicol","Amphenicol",TRUE,TRUE,FALSE,FALSE,FALSE,FALSE,FALSE,TRUE,"No group","Neutral"
